FID,fid,the_geom,OBJECTID_1,Join_Count,TARGET_FID,OBJECTID,Join_Cou_1,TARGET_F_1,Lat,Long,Sample_ID,Name,Sr_S1_1,S1_2se_1,Sr_P1_1,P1_2se_1,P_1_Samp_1,dPS,Sampled__1,Region_1,Identifier,ID,GRIDCODE,FID_1,AREA,PERIMETER,CLIM_NR,DEM_NR,PM_NR,LC_NR,T_CLIM,T_DEM,T_PM,T_LC,LSTYPE,LS_NR,LAND,LS_COD,Level_1,Level_2,Level_3,Level_4,F_ID,Climate,Altitude,Parent_Mat,Land_cover,Landscape,CODE_NEW,CODE,MORPHOLOGY,Alti_min,Alti_max,Alti_mean,Slope_deg,Slope_per,P_JAN_MIN,P_JAN_MAX,P_JAN_MEAN,P_APR_MIN,P_APR_MAX,P_APR_MEAN,P_AUG_MIN,P_AUG_MAX,P_AUG_MEAN,P_OCT_MIN,P_OCT_MAX,P_OCT_MEAN,S_JAN_MIN,S_JAN_MAX,S_JAN_MEAN,S_APR_MIN,S_APR_MAX,S_APR_MEAN,S_AUG_MIN,S_AUG_MAX,S_AUG_MEAN,S_OCT_MIN,S_OCT_MAX,S_OCT_MEAN,T_JAN_MIN,T_JAN_MAX,T_JAN_MEAN,T_APR_MIN,T_APR_MAX,T_APR_MEAN,T_AUG_MIN,T_AUG_MAX,T_AUG_MEAN,T_OCT_MIN,T_OCT_MAX,T_OCT_MEAN,ALT_SD,STU,FAO_1,FAO_1_DES,Soil_cond,NEUCODE,PNVNEUCODE,PNV_CODE_2,PNV_DESCR,Pop_dens,FID_,Lat_1,Long_1,Sample_I_1,Sr_S1,S1_2se,Sr_P1,P1_2se,P_1_Sample,dPS_1,Sampled_Li,Region,Identifi_1,ID2,ID3,N_CAISSON,LITHOLOGIE,LITHO_MASQ,TERRE_MER,ERE,SYSTEME,AGE_STRAT,AGE_RADIO,AGE_INF,AGE_SUP,NATURE,GEOCHIMIE,GEODYNA,DEFORM,STRUCTURE,A_TEC_META,PHASE_META,FAC_META,ZONE_STR,S_ZONE_STR,ENTITE_STR,LITHO_SIMP,CODE_LEG,CODE_LEG_S,LEG_SURCH
France_T2.1,1,POINT (-0.934962999742595 45.60710600014187),1,1,0,1,1,0,45.607106,-0.934963,F11-001,c2,0.708339,0.000007,0.708281,0.000006,Grass,-0.000058,Limestone,Aquitaine Basin,Aquitaine Basin [Limestone],9401,8916,8916,3912000000,2220000,9,5,1,2,A,l,s,al,Als_al,900005000102,1,93,A,Al,Als,Als_al,8916,Lusitanian,20-50,River alluvium,Arable land,Atlantic-Lowland-Sediments-Arable land,147,147,"Mesozoic & Tertiary lowlands and scarplands, Aquitaine Basin; Northern part",0,193,29,0,1,67,88,79,45,63,49,49,71,59,65,92,78,26,28,27,48,50,49,52,55,53,42,44,42,4,6,5,11,12,11,19,20,19,12,14,13,30,330363,G,Gleysol,Hydromorphic,U8,U8,U1,Flood-plain vegetation and moist lowland forests,142,235,45.607106,-0.934963,F11-001,0.708339,0.000007,0.708281,0.000006,Grass,-0.000058,Limestone,Aquitaine Basin,Aquitaine Basin [Limestone],Al,Limestone_Al,c2,"limestones, marls, clays, sands",,T,Mesozoic,Cretaceous,Upper Cretaceous,96-65 Ma,96,65,sedimentary,"siliceous, aluminous, carbonatic","platform, basin",nulle ou faible,stratification,not applicable,not applicable,not applicable,Indifférencié,Indifférencié,basins et Fossés,sediments et volcanics,621,621,T
France_T2.2,2,POINT (-1.1196789995861423 45.659279000425556),2,1,1,2,1,1,45.659279,-1.119679,F11-002,q3,0.709161,0.000006,0.709624,0.000008,Grass,0.000463,Sand,Aquitaine Basin,Aquitaine Basin [Sand],8948,8988,8988,228000000,116000,9,4,7,6,A,l,s,fo,Als_fo,900004000706,1,97,A,Al,Als,Als_fo,8988,Lusitanian,10-20,Sands,Forest,Atlantic-Lowland-Sediments-Forest,147,147,"Mesozoic & Tertiary lowlands and scarplands, Aquitaine Basin; Northern part",0,30,9,0,0,72,76,73,46,47,46,51,54,51,83,87,85,27,27,27,49,49,49,52,52,52,42,42,42,6,6,6,11,12,11,19,20,19,14,14,14,7,330375,R,Regosol,Poor,G37,G37,G3,"Sub-Mediterranean and meso-supra-Mediterranean downy oak forests, as well as mixe",63,384,45.659279,-1.119679,F11-002,0.709161,0.000006,0.709624,0.000008,Grass,0.000463,Sand,Aquitaine Basin,Aquitaine Basin [Sand],Al,Sand_Al,q3,"sands, silts",,T,Cenozoic,Quaternary,Holocene,"0,01-0,00 Ma",0.01,0,sedimentary,"siliceous, aluminous",coastline,nulle ou faible,stratification,not applicable,not applicable,not applicable,Indifférencié,Indifférencié,Formations superficielles,Formations superficielles,1,2,dunes et cordons littoraux - T
France_T2.3,3,POINT (-1.1158130002697249 45.72715800014163),3,1,2,3,1,2,45.727158,-1.115813,F11-003,c2,0.708339,0.000006,0.708417,0.000007,Tree leafs,0.000078,Limestone,Aquitaine Basin,Aquitaine Basin [Limestone],8948,8988,8988,228000000,116000,9,4,7,6,A,l,s,fo,Als_fo,900004000706,1,97,A,Al,Als,Als_fo,8988,Lusitanian,10-20,Sands,Forest,Atlantic-Lowland-Sediments-Forest,147,147,"Mesozoic & Tertiary lowlands and scarplands, Aquitaine Basin; Northern part",0,30,9,0,0,72,76,73,46,47,46,51,54,51,83,87,85,27,27,27,49,49,49,52,52,52,42,42,42,6,6,6,11,12,11,19,20,19,14,14,14,7,330375,R,Regosol,Poor,G37,G37,G3,"Sub-Mediterranean and meso-supra-Mediterranean downy oak forests, as well as mixe",63,236,45.727158,-1.115813,F11-003,0.708339,0.000006,0.708417,0.000007,Tree leafs,0.000078,Limestone,Aquitaine Basin,Aquitaine Basin [Limestone],Al,Limestone_Al,c2,"limestones, marls, clays, sands",,T,Mesozoic,Cretaceous,Upper Cretaceous,96-65 Ma,96,65,sedimentary,"siliceous, aluminous, carbonatic","platform, basin",nulle ou faible,stratification,not applicable,not applicable,not applicable,Indifférencié,Indifférencié,basins et Fossés,sediments et volcanics,621,621,T
France_T2.4,4,POINT (-0.8281070003377522 45.65680999988166),4,1,3,4,1,3,45.65681,-0.828107,F11-004,c2,0.709796,0.000022,0.711461,0.000007,Tree root,0.001665,Limestone,Aquitaine Basin,Aquitaine Basin [Limestone],9227,8970,8970,2907000064,938000,9,5,4,2,A,l,r,al,Alr_al,900005000402,1,84,A,Al,Alr,Alr_al,8970,Lusitanian,20-50,Calcereous rocks,Arable land,Atlantic-Lowland-Rocks-Arable land,147,147,"Mesozoic & Tertiary lowlands and scarplands, Aquitaine Basin; Northern part",1,141,50,0,1,67,86,80,46,53,48,49,64,56,72,84,78,26,27,26,49,50,49,52,54,52,42,44,43,5,6,5,11,12,11,19,20,19,13,14,13,25,330489,E,Rendzina,Marginal,G37,G37,G3,"Sub-Mediterranean and meso-supra-Mediterranean downy oak forests, as well as mixe",69,237,45.65681,-0.828107,F11-004,0.709796,0.000022,0.711461,0.000007,Tree root,0.001665,Limestone,Aquitaine Basin,Aquitaine Basin [Limestone],Al,Limestone_Al,c2,"limestones, marls, clays, sands",,T,Mesozoic,Cretaceous,Upper Cretaceous,96-65 Ma,96,65,sedimentary,"siliceous, aluminous, carbonatic","platform, basin",nulle ou faible,stratification,not applicable,not applicable,not applicable,Indifférencié,Indifférencié,basins et Fossés,sediments et volcanics,621,621,T
France_T2.5,5,POINT (-0.6345769996287913 45.61880700014302),5,1,4,5,1,4,45.618807,-0.634577,F11-005,c2,0.710732,0.000015,0.711178,0.000008,Tree root,0.000446,Impure carbonate sedimentary rock,Aquitaine Basin,Aquitaine Basin [Impure carbonate sedimentary rock],9401,8916,8916,3912000000,2220000,9,5,1,2,A,l,s,al,Als_al,900005000102,1,93,A,Al,Als,Als_al,8916,Lusitanian,20-50,River alluvium,Arable land,Atlantic-Lowland-Sediments-Arable land,147,147,"Mesozoic & Tertiary lowlands and scarplands, Aquitaine Basin; Northern part",0,193,29,0,1,67,88,79,45,63,49,49,71,59,65,92,78,26,28,27,48,50,49,52,55,53,42,44,42,4,6,5,11,12,11,19,20,19,12,14,13,30,330363,G,Gleysol,Hydromorphic,U8,U8,U1,Flood-plain vegetation and moist lowland forests,142,148,45.618807,-0.634577,F11-005,0.710732,0.000015,0.711178,0.000008,Tree root,0.000446,Impure carbonate sedimentary rock,Aquitaine Basin,Aquitaine Basin [Impure carbonate sedimentary rock],Al,Impure carbonate sedimentary rock_Al,c2,"limestones, marls, clays, sands",,T,Mesozoic,Cretaceous,Upper Cretaceous,96-65 Ma,96,65,sedimentary,"siliceous, aluminous, carbonatic","platform, basin",nulle ou faible,stratification,not applicable,not applicable,not applicable,Indifférencié,Indifférencié,basins et Fossés,sediments et volcanics,621,621,T
France_T2.6,6,POINT (-0.7084159998984205 45.53949300010191),6,1,5,6,1,5,45.539493,-0.708416,F11-006,c2,0.7125,0.000096,0.712397,0.000008,Tree root,-0.000103,Impure carbonate sedimentary rock,Aquitaine Basin,Aquitaine Basin [Impure carbonate sedimentary rock],9227,8970,8970,2907000064,938000,9,5,4,2,A,l,r,al,Alr_al,900005000402,1,84,A,Al,Alr,Alr_al,8970,Lusitanian,20-50,Calcereous rocks,Arable land,Atlantic-Lowland-Rocks-Arable land,147,147,"Mesozoic & Tertiary lowlands and scarplands, Aquitaine Basin; Northern part",1,141,50,0,1,67,86,80,46,53,48,49,64,56,72,84,78,26,27,26,49,50,49,52,54,52,42,44,43,5,6,5,11,12,11,19,20,19,13,14,13,25,330489,E,Rendzina,Marginal,G37,G37,G3,"Sub-Mediterranean and meso-supra-Mediterranean downy oak forests, as well as mixe",69,149,45.539493,-0.708416,F11-006,0.7125,0.000096,0.712397,0.000008,Tree root,-0.000103,Impure carbonate sedimentary rock,Aquitaine Basin,Aquitaine Basin [Impure carbonate sedimentary rock],Al,Impure carbonate sedimentary rock_Al,c2,"limestones, marls, clays, sands",,T,Mesozoic,Cretaceous,Upper Cretaceous,96-65 Ma,96,65,sedimentary,"siliceous, aluminous, carbonatic","platform, basin",nulle ou faible,stratification,not applicable,not applicable,not applicable,Indifférencié,Indifférencié,basins et Fossés,sediments et volcanics,621,621,T
France_T2.7,7,POINT (-0.6867049996359924 45.432236000191324),7,1,6,7,1,6,45.432236,-0.686705,F11-007,c2,0.707909,0.000008,0.708063,0.000007,Grass,0.000154,Limestone,Aquitaine Basin,Aquitaine Basin [Limestone],9401,8916,8916,3912000000,2220000,9,5,1,2,A,l,s,al,Als_al,900005000102,1,93,A,Al,Als,Als_al,8916,Lusitanian,20-50,River alluvium,Arable land,Atlantic-Lowland-Sediments-Arable land,147,147,"Mesozoic & Tertiary lowlands and scarplands, Aquitaine Basin; Northern part",0,193,29,0,1,67,88,79,45,63,49,49,71,59,65,92,78,26,28,27,48,50,49,52,55,53,42,44,42,4,6,5,11,12,11,19,20,19,12,14,13,30,330363,G,Gleysol,Hydromorphic,U8,U8,U1,Flood-plain vegetation and moist lowland forests,142,238,45.432236,-0.686705,F11-007,0.707909,0.000008,0.708063,0.000007,Grass,0.000154,Limestone,Aquitaine Basin,Aquitaine Basin [Limestone],Al,Limestone_Al,c2,"limestones, marls, clays, sands",,T,Mesozoic,Cretaceous,Upper Cretaceous,96-65 Ma,96,65,sedimentary,"siliceous, aluminous, carbonatic","platform, basin",nulle ou faible,stratification,not applicable,not applicable,not applicable,Indifférencié,Indifférencié,basins et Fossés,sediments et volcanics,621,621,T
France_T2.8,8,POINT (-0.6674110002174416 45.20115699999559),8,1,8,9,1,7,45.201157,-0.667411,F11-009,q3,0.709207,0.000007,0.709518,0.000008,Grass,0.000311,Sand,Aquitaine Basin,Aquitaine Basin [Sand],9401,8916,8916,3912000000,2220000,9,5,1,2,A,l,s,al,Als_al,900005000102,1,93,A,Al,Als,Als_al,8916,Lusitanian,20-50,River alluvium,Arable land,Atlantic-Lowland-Sediments-Arable land,147,147,"Mesozoic & Tertiary lowlands and scarplands, Aquitaine Basin; Northern part",0,193,29,0,1,67,88,79,45,63,49,49,71,59,65,92,78,26,28,27,48,50,49,52,55,53,42,44,42,4,6,5,11,12,11,19,20,19,12,14,13,30,330363,G,Gleysol,Hydromorphic,U8,U8,U1,Flood-plain vegetation and moist lowland forests,142,385,45.201157,-0.667411,F11-009,0.709207,0.000007,0.709518,0.000008,Grass,0.000311,Sand,Aquitaine Basin,Aquitaine Basin [Sand],Al,Sand_Al,q3,"sands, clays, gravels, pebbles",,T,Cenozoic,Quaternary,Holocene,"0,01-0,00 Ma",0.01,0,sedimentary,"siliceous, aluminous",continental,nulle ou faible,stratification,not applicable,not applicable,not applicable,Indifférencié,Indifférencié,Formations superficielles,Formations superficielles,1,1,T
France_T2.9,9,POINT (-0.5086999999050477 45.03901899992695),9,1,9,10,1,8,45.039019,-0.5087,F11-010,g,0.70937,0.000007,0.710783,0.000007,Grass,0.001413,Impure carbonate sedimentary rock,Aquitaine Basin,Aquitaine Basin [Impure carbonate sedimentary rock],9401,8916,8916,3912000000,2220000,9,5,1,2,A,l,s,al,Als_al,900005000102,1,93,A,Al,Als,Als_al,8916,Lusitanian,20-50,River alluvium,Arable land,Atlantic-Lowland-Sediments-Arable land,147,147,"Mesozoic & Tertiary lowlands and scarplands, Aquitaine Basin; Northern part",0,193,29,0,1,67,88,79,45,63,49,49,71,59,65,92,78,26,28,27,48,50,49,52,55,53,42,44,42,4,6,5,11,12,11,19,20,19,12,14,13,30,330363,G,Gleysol,Hydromorphic,U8,U8,U1,Flood-plain vegetation and moist lowland forests,142,150,45.039019,-0.5087,F11-010,0.70937,0.000007,0.710783,0.000007,Grass,0.001413,Impure carbonate sedimentary rock,Aquitaine Basin,Aquitaine Basin [Impure carbonate sedimentary rock],Al,Impure carbonate sedimentary rock_Al,g,"marls, clays, limestones, conglomerates",,T,Cenozoic,Paleogene,Oligocene,"33,7-23,5 Ma",33.7,23.5,sedimentary,"siliceous, aluminous, carbonatic","continental, platform",nulle ou faible,stratification,not applicable,not applicable,not applicable,Indifférencié,Indifférencié,basins et Fossés,sediments et volcanics,301,301,T
France_T2.10,10,POINT (-0.2900950002839977 45.304649999897606),10,1,10,11,1,9,45.30465,-0.290095,F11-011,c2,0.70914,0.000009,0.710274,0.000025,Grass,0.001134,Limestone,Aquitaine Basin,Aquitaine Basin [Limestone],9227,8970,8970,2907000064,938000,9,5,4,2,A,l,r,al,Alr_al,900005000402,1,84,A,Al,Alr,Alr_al,8970,Lusitanian,20-50,Calcereous rocks,Arable land,Atlantic-Lowland-Rocks-Arable land,147,147,"Mesozoic & Tertiary lowlands and scarplands, Aquitaine Basin; Northern part",1,141,50,0,1,67,86,80,46,53,48,49,64,56,72,84,78,26,27,26,49,50,49,52,54,52,42,44,43,5,6,5,11,12,11,19,20,19,13,14,13,25,330489,E,Rendzina,Marginal,G37,G37,G3,"Sub-Mediterranean and meso-supra-Mediterranean downy oak forests, as well as mixe",69,239,45.30465,-0.290095,F11-011,0.70914,0.000009,0.710274,0.000025,Grass,0.001134,Limestone,Aquitaine Basin,Aquitaine Basin [Limestone],Al,Limestone_Al,c2,"limestones, marls, clays, sands",,T,Mesozoic,Cretaceous,Upper Cretaceous,96-65 Ma,96,65,sedimentary,"siliceous, aluminous, carbonatic","platform, basin",nulle ou faible,stratification,not applicable,not applicable,not applicable,Indifférencié,Indifférencié,basins et Fossés,sediments et volcanics,621,621,T
France_T2.11,11,POINT (-0.092004999730932 45.3306320001667),11,1,11,12,1,10,45.330632,-0.092005,F11-012,g,0.714192,0.000008,0.714108,0.000012,Shrub,-0.000084,Sandstone,Aquitaine Basin,Aquitaine Basin [Sandstone],9272,9207,9207,1210000000,414000,9,6,9,6,A,l,s,fo,Als_fo,900006000906,1,97,A,Al,Als,Als_fo,9207,Lusitanian,50-100,Soft loam,Forest,Atlantic-Lowland-Sediments-Forest,147,147,"Mesozoic & Tertiary lowlands and scarplands, Aquitaine Basin; Northern part",0,153,63,0,1,82,85,83,48,53,49,58,64,61,70,84,76,27,28,27,49,50,49,53,54,53,43,44,43,5,6,5,12,12,12,20,20,20,13,14,13,27,332573,L,Luvisol,Good,F7,F7,F1a,Lowland to submontane types (Acidophilous oak and mixed oak forests),63,429,45.330632,-0.092005,F11-012,0.714192,0.000008,0.714108,0.000012,Shrub,-0.000084,Sandstone,Aquitaine Basin,Aquitaine Basin [Sandstone],Al,Sandstone_Al,g,"marls, clays, limestones, conglomerates",,T,Cenozoic,Paleogene,Oligocene,"33,7-23,5 Ma",33.7,23.5,sedimentary,"siliceous, aluminous, carbonatic","continental, platform",nulle ou faible,stratification,not applicable,not applicable,not applicable,Indifférencié,Indifférencié,basins et Fossés,sediments et volcanics,301,301,T
France_T2.12,12,POINT (-0.0320920004454024 45.32037700029838),12,1,12,13,1,11,45.320377,-0.032092,F11-013,c2,0.707959,0.000008,0.708026,0.000007,Grass,0.000067,Limestone,Aquitaine Basin,Aquitaine Basin [Limestone],9184,9156,9156,896000000,392000,9,7,4,2,A,h,r,al,Ahr_al,900007000402,1,109,A,Ah,Ahr,Ahr_al,9156,Lusitanian,100-200,Calcereous rocks,Arable land,Atlantic-Hills-Rocks-Arable land,147,147,"Mesozoic & Tertiary lowlands and scarplands, Aquitaine Basin; Northern part",30,201,118,1,2,82,86,84,49,58,53,59,66,61,70,76,73,26,27,26,49,49,49,53,54,53,43,44,43,5,5,5,11,12,11,19,20,19,13,13,13,28,330489,E,Rendzina,Marginal,G37,G37,G3,"Sub-Mediterranean and meso-supra-Mediterranean downy oak forests, as well as mixe",61,240,45.320377,-0.032092,F11-013,0.707959,0.000008,0.708026,0.000007,Grass,0.000067,Limestone,Aquitaine Basin,Aquitaine Basin [Limestone],Ah,Limestone_Ah,c2,"limestones, marls, clays, sands",,T,Mesozoic,Cretaceous,Upper Cretaceous,96-65 Ma,96,65,sedimentary,"siliceous, aluminous, carbonatic","platform, basin",nulle ou faible,stratification,not applicable,not applicable,not applicable,Indifférencié,Indifférencié,basins et Fossés,sediments et volcanics,621,621,T
France_T2.13,13,POINT (0.1891359996267283 45.356013999746324),13,1,13,14,1,12,45.356014,0.189136,F11-014,c2,0.708113,0.000006,0.708776,0.000009,Grass,0.000663,Limestone,Aquitaine Basin,Aquitaine Basin [Limestone],9184,9156,9156,896000000,392000,9,7,4,2,A,h,r,al,Ahr_al,900007000402,1,109,A,Ah,Ahr,Ahr_al,9156,Lusitanian,100-200,Calcereous rocks,Arable land,Atlantic-Hills-Rocks-Arable land,147,147,"Mesozoic & Tertiary lowlands and scarplands, Aquitaine Basin; Northern part",30,201,118,1,2,82,86,84,49,58,53,59,66,61,70,76,73,26,27,26,49,49,49,53,54,53,43,44,43,5,5,5,11,12,11,19,20,19,13,13,13,28,330489,E,Rendzina,Marginal,G37,G37,G3,"Sub-Mediterranean and meso-supra-Mediterranean downy oak forests, as well as mixe",61,241,45.356014,0.189136,F11-014,0.708113,0.000006,0.708776,0.000009,Grass,0.000663,Limestone,Aquitaine Basin,Aquitaine Basin [Limestone],Ah,Limestone_Ah,c2,"limestones, marls, clays, sands",,T,Mesozoic,Cretaceous,Upper Cretaceous,96-65 Ma,96,65,sedimentary,"siliceous, aluminous, carbonatic","platform, basin",nulle ou faible,stratification,not applicable,not applicable,not applicable,Indifférencié,Indifférencié,basins et Fossés,sediments et volcanics,621,621,T
France_T2.14,14,POINT (0.3638850002925551 45.3258459997931),14,1,14,15,1,13,45.325846,0.363885,F11-015,c2,0.707896,0.000005,0.708166,0.000007,Grass,0.00027,Limestone,Aquitaine Basin,Aquitaine Basin [Limestone],9204,9222,9222,366000000,184000,9,7,4,2,A,h,r,al,Ahr_al,900007000402,1,109,A,Ah,Ahr,Ahr_al,9222,Lusitanian,100-200,Calcereous rocks,Arable land,Atlantic-Hills-Rocks-Arable land,147,147,"Mesozoic & Tertiary lowlands and scarplands, Aquitaine Basin; Northern part",51,201,129,1,2,82,85,83,56,62,58,63,69,65,70,73,71,26,27,26,49,49,49,53,53,53,43,43,43,5,5,5,11,12,11,20,20,20,13,13,13,33,332449,B,Cambisol,Good,G37,G37,G3,"Sub-Mediterranean and meso-supra-Mediterranean downy oak forests, as well as mixe",61,242,45.325846,0.363885,F11-015,0.707896,0.000005,0.708166,0.000007,Grass,0.00027,Limestone,Aquitaine Basin,Aquitaine Basin [Limestone],Ah,Limestone_Ah,c2,"limestones, marls, clays, sands",,T,Mesozoic,Cretaceous,Upper Cretaceous,96-65 Ma,96,65,sedimentary,"siliceous, aluminous, carbonatic","platform, basin",nulle ou faible,stratification,not applicable,not applicable,not applicable,Indifférencié,Indifférencié,basins et Fossés,sediments et volcanics,621,621,T
France_T2.15,15,POINT (0.511807000392821 45.32843999980622),15,1,15,16,1,14,45.32844,0.511807,F11-016,c2,0.708305,0.000009,0.708528,0.000007,Ivy,0.000223,Limestone,Aquitaine Basin,Aquitaine Basin [Limestone],9288,9061,9061,1492000000,564000,9,7,4,2,A,h,r,al,Ahr_al,900007000402,1,109,A,Ah,Ahr,Ahr_al,9061,Lusitanian,100-200,Calcereous rocks,Arable land,Atlantic-Hills-Rocks-Arable land,147,147,"Mesozoic & Tertiary lowlands and scarplands, Aquitaine Basin; Northern part",44,265,144,1,2,79,89,83,51,63,58,57,71,66,67,75,71,26,27,26,48,49,48,52,54,52,43,44,43,4,5,4,10,12,11,19,20,19,12,13,12,35,332449,B,Cambisol,Good,G37,G37,G3,"Sub-Mediterranean and meso-supra-Mediterranean downy oak forests, as well as mixe",61,243,45.32844,0.511807,F11-016,0.708305,0.000009,0.708528,0.000007,Ivy,0.000223,Limestone,Aquitaine Basin,Aquitaine Basin [Limestone],Ah,Limestone_Ah,c2,"limestones, marls, clays, sands",,T,Mesozoic,Cretaceous,Upper Cretaceous,96-65 Ma,96,65,sedimentary,"siliceous, aluminous, carbonatic","platform, basin",nulle ou faible,stratification,not applicable,not applicable,not applicable,Indifférencié,Indifférencié,basins et Fossés,sediments et volcanics,621,621,T
France_T2.16,16,POINT (0.3947039996899093 45.45730599977213),16,1,16,17,1,15,45.457306,0.394704,F11-017,c2,0.710521,0.000008,0.710442,0.000008,Grass,-0.000079,Limestone,Aquitaine Basin,Aquitaine Basin [Limestone],9204,9222,9222,366000000,184000,9,7,4,2,A,h,r,al,Ahr_al,900007000402,1,109,A,Ah,Ahr,Ahr_al,9222,Lusitanian,100-200,Calcereous rocks,Arable land,Atlantic-Hills-Rocks-Arable land,147,147,"Mesozoic & Tertiary lowlands and scarplands, Aquitaine Basin; Northern part",51,201,129,1,2,82,85,83,56,62,58,63,69,65,70,73,71,26,27,26,49,49,49,53,53,53,43,43,43,5,5,5,11,12,11,20,20,20,13,13,13,33,332449,B,Cambisol,Good,G37,G37,G3,"Sub-Mediterranean and meso-supra-Mediterranean downy oak forests, as well as mixe",61,244,45.457306,0.394704,F11-017,0.710521,0.000008,0.710442,0.000008,Grass,-0.000079,Limestone,Aquitaine Basin,Aquitaine Basin [Limestone],Ah,Limestone_Ah,c2,"limestones, marls, clays, sands",,T,Mesozoic,Cretaceous,Upper Cretaceous,96-65 Ma,96,65,sedimentary,"siliceous, aluminous, carbonatic","platform, basin",nulle ou faible,stratification,not applicable,not applicable,not applicable,Indifférencié,Indifférencié,basins et Fossés,sediments et volcanics,621,621,T
France_T2.17,17,POINT (1.0861310004453344 45.34070099955153),17,1,19,20,1,16,45.340701,1.086131,F11-020,e2,0.711937,0.000008,0.711898,0.000023,Grass,-0.000039,Schist,Massif Central,Massif Central [Schist],9253,8949,8949,3390000128,1128000,9,8,12,5,A,h,r,ha,Ahr_ha,900008001205,1,112,A,Ah,Ahr,Ahr_ha,8949,Lusitanian,200-300,Crystalline rocks and migmatites,Heterogeneous agric. areas,Atlantic-Hills-Rocks-Heterogeneous agric. areas,100,100,"Hercynian, Massif Central",66,514,255,1,3,74,89,83,55,68,62,61,81,70,70,84,75,26,27,26,47,49,47,51,53,51,42,44,42,3,5,4,9,11,10,18,20,18,11,13,11,68,332317,B,Cambisol,Good,F16,F16,F1a,Lowland to submontane types (Acidophilous oak and mixed oak forests),114,478,45.340701,1.086131,F11-020,0.711937,0.000008,0.711898,0.000023,Grass,-0.000039,Schist,Massif Central,Massif Central [Schist],Ah,Schist_Ah,e2,"clays, cobbles, conglomerates, sandstones, marls",,T,Cenozoic,Paleogene,Upper-Middle Eocene,"46,0-33,7 Ma",46,33.7,sedimentary,"siliceous, aluminous, carbonatic","continental, platform",nulle ou faible,stratification,not applicable,not applicable,not applicable,Domaine allochtone supérieur,Indifférencié,basins et Fossés,sediments et volcanics,401,401,T
France_T2.18,18,POINT (1.044479999752241 45.33725299972622),18,1,20,21,1,17,45.337253,1.04448,F11-021,j2,0.712031,0.000012,0,0,Roots,0,Impure carbonate sedimentary rock,Aquitaine Basin,Aquitaine Basin [Impure carbonate sedimentary rock],9253,8949,8949,3390000128,1128000,9,8,12,5,A,h,r,ha,Ahr_ha,900008001205,1,112,A,Ah,Ahr,Ahr_ha,8949,Lusitanian,200-300,Crystalline rocks and migmatites,Heterogeneous agric. areas,Atlantic-Hills-Rocks-Heterogeneous agric. areas,100,100,"Hercynian, Massif Central",66,514,255,1,3,74,89,83,55,68,62,61,81,70,70,84,75,26,27,26,47,49,47,51,53,51,42,44,42,3,5,4,9,11,10,18,20,18,11,13,11,68,332317,B,Cambisol,Good,F16,F16,F1a,Lowland to submontane types (Acidophilous oak and mixed oak forests),114,151,45.337253,1.04448,F11-021,0.712031,0.000012,0,0,Roots,0,Impure carbonate sedimentary rock,Aquitaine Basin,Aquitaine Basin [Impure carbonate sedimentary rock],Ah,Impure carbonate sedimentary rock_Ah,j2,"limestones, marls",,T,Mesozoic,Jurassic,Middle Jurassic,175-154 Ma,175,154,sedimentary,carbonatic,continental shelf,nulle ou faible,stratification,not applicable,not applicable,not applicable,Indifférencié,Indifférencié,basins et Fossés,sediments et volcanics,801,801,T
France_T2.19,19,POINT (1.1336389996401408 45.21017799961504),19,1,21,22,1,18,45.210178,1.133639,F11-022,j1,0.709148,0.000015,0.709489,0.000014,Grass,0.000341,Impure carbonate sedimentary rock,Aquitaine Basin,Aquitaine Basin [Impure carbonate sedimentary rock],9483,9319,9319,1122000000,470000,9,8,8,4,A,h,r,pa,Ahr_pa,900008000804,1,111,A,Ah,Ahr,Ahr_pa,9319,Lusitanian,200-300,Sandstone,Pastures,Atlantic-Hills-Rocks-Pastures,100,100,"Hercynian, Massif Central",82,503,254,2,5,73,113,86,58,88,69,71,100,82,72,102,82,26,27,26,47,48,47,52,54,53,43,44,43,3,5,4,10,11,10,18,20,19,11,13,12,88,332301,B,Cambisol,Good,F16,F16,F1a,Lowland to submontane types (Acidophilous oak and mixed oak forests),71,152,45.210178,1.133639,F11-022,0.709148,0.000015,0.709489,0.000014,Grass,0.000341,Impure carbonate sedimentary rock,Aquitaine Basin,Aquitaine Basin [Impure carbonate sedimentary rock],Ah,Impure carbonate sedimentary rock_Ah,j1,"marls, limestones, dolomites",,T,Mesozoic,Jurassic,Lower Jurassic,203-175 Ma,203,175,sedimentary,"aluminous, carbonatic",continental shelf,nulle ou faible,stratification,not applicable,not applicable,not applicable,Indifférencié,Indifférencié,basins et Fossés,sediments et volcanics,901,901,T
France_T2.20,20,POINT (1.2597130003547363 45.10445100011361),20,1,22,23,1,19,45.104451,1.259713,F11-023,j2,0.708448,0.000011,0,0,Grass,0,Limestone,Aquitaine Basin,Aquitaine Basin [Limestone],9694,9323,9323,2486000128,1190000,9,7,4,5,A,h,r,ha,Ahr_ha,900007000405,1,112,A,Ah,Ahr,Ahr_ha,9323,Lusitanian,100-200,Calcereous rocks,Heterogeneous agric. areas,Atlantic-Hills-Rocks-Heterogeneous agric. areas,147,147,"Mesozoic & Tertiary lowlands and scarplands, Aquitaine Basin; Northern part",21,522,198,2,3,69,96,79,52,79,62,63,90,74,62,86,73,26,29,26,47,50,48,53,55,53,43,45,43,3,5,4,9,12,10,18,20,19,11,13,12,77,332674,B,Cambisol,Good,G37,G37,G3,"Sub-Mediterranean and meso-supra-Mediterranean downy oak forests, as well as mixe",114,245,45.104451,1.259713,F11-023,0.708448,0.000011,0,0,Grass,0,Limestone,Aquitaine Basin,Aquitaine Basin [Limestone],Ah,Limestone_Ah,j2,"limestones, marls",,T,Mesozoic,Jurassic,Middle Jurassic,175-154 Ma,175,154,sedimentary,carbonatic,continental shelf,nulle ou faible,stratification,not applicable,not applicable,not applicable,Indifférencié,Indifférencié,basins et Fossés,sediments et volcanics,801,801,T
France_T2.21,21,POINT (-1.2190439997806948 44.57684100041189),21,1,25,26,1,20,44.576841,-1.219044,F11-027,q3,0.710017,0.000015,0.710097,0.000012,Tree root,0.00008,Sand,Aquitaine Basin,Aquitaine Basin [Sand],9936,9505,9505,2252000000,576000,9,5,7,6,A,l,s,fo,Als_fo,900005000706,1,97,A,Al,Als,Als_fo,9505,Lusitanian,20-50,Sands,Forest,Atlantic-Lowland-Sediments-Forest,148,148,"Mesozoic & Tertiary lowlands and scarplands, Aquitaine Basin; Western part; The Landes sand plain",2,67,28,0,0,86,131,102,50,92,61,61,122,77,83,163,109,28,30,28,48,50,49,53,58,54,41,43,41,5,8,6,11,12,11,20,21,20,13,15,14,12,332628,P,Podzol,Marginal,F7,F7,F1a,Lowland to submontane types (Acidophilous oak and mixed oak forests),63,386,44.576841,-1.219044,F11-027,0.710017,0.000015,0.710097,0.000012,Tree root,0.00008,Sand,Aquitaine Basin,Aquitaine Basin [Sand],Ah,Sand_Ah,q3,"sands, silts",,T,Cenozoic,Quaternary,Holocene,"0,01-0,00 Ma",0.01,0,sedimentary,"siliceous, aluminous",coastline,nulle ou faible,stratification,not applicable,not applicable,not applicable,Indifférencié,Indifférencié,Formations superficielles,Formations superficielles,1,2,dunes et cordons littoraux - T
France_T2.22,22,POINT (-1.2194590000327707 44.13205499983843),22,1,26,27,1,21,44.132055,-1.219459,F11-028,pq1,0.711305,0.000014,0.711165,0.000014,Moss,-0.00014,Sand,Aquitaine Basin,Aquitaine Basin [Sand],9936,9505,9505,2252000000,576000,9,5,7,6,A,l,s,fo,Als_fo,900005000706,1,97,A,Al,Als,Als_fo,9505,Lusitanian,20-50,Sands,Forest,Atlantic-Lowland-Sediments-Forest,148,148,"Mesozoic & Tertiary lowlands and scarplands, Aquitaine Basin; Western part; The Landes sand plain",2,67,28,0,0,86,131,102,50,92,61,61,122,77,83,163,109,28,30,28,48,50,49,53,58,54,41,43,41,5,8,6,11,12,11,20,21,20,13,15,14,12,332628,P,Podzol,Marginal,F7,F7,F1a,Lowland to submontane types (Acidophilous oak and mixed oak forests),63,387,44.132055,-1.219459,F11-028,0.711305,0.000014,0.711165,0.000014,Moss,-0.00014,Sand,Aquitaine Basin,Aquitaine Basin [Sand],Ah,Sand_Ah,pq1,"sands, cobbles, clays",sands des Landes,T,Cenozoic,Quaternary,"Pliocene, Lower Pleistocene","5,30-0,75 Ma",5.3,0.75,sedimentary,"siliceous, aluminous",continental,nulle ou faible,stratification,not applicable,not applicable,not applicable,Indifférencié,Indifférencié,Formations superficielles,Formations superficielles,161,162,sands des Landes - T
France_T2.23,23,POINT (-1.4018800001618388 43.74915100031848),23,1,28,29,1,22,43.749151,-1.40188,F11-030,q3,0.709779,0.000018,0.70949,0.000011,Tree root,-0.000289,Sand,Aquitaine Basin,Aquitaine Basin [Sand],9936,9505,9505,2252000000,576000,9,5,7,6,A,l,s,fo,Als_fo,900005000706,1,97,A,Al,Als,Als_fo,9505,Lusitanian,20-50,Sands,Forest,Atlantic-Lowland-Sediments-Forest,148,148,"Mesozoic & Tertiary lowlands and scarplands, Aquitaine Basin; Western part; The Landes sand plain",2,67,28,0,0,86,131,102,50,92,61,61,122,77,83,163,109,28,30,28,48,50,49,53,58,54,41,43,41,5,8,6,11,12,11,20,21,20,13,15,14,12,332628,P,Podzol,Marginal,F7,F7,F1a,Lowland to submontane types (Acidophilous oak and mixed oak forests),63,388,43.749151,-1.40188,F11-030,0.709779,0.000018,0.70949,0.000011,Tree root,-0.000289,Sand,Aquitaine Basin,Aquitaine Basin [Sand],Ah,Sand_Ah,q3,"sands, silts",,T,Cenozoic,Quaternary,Holocene,"0,01-0,00 Ma",0.01,0,sedimentary,"siliceous, aluminous",coastline,nulle ou faible,stratification,not applicable,not applicable,not applicable,Indifférencié,Indifférencié,Formations superficielles,Formations superficielles,1,2,dunes et cordons littoraux - T
France_T2.24,24,POINT (-0.8860440002303562 43.89572000007797),24,1,30,31,1,23,43.89572,-0.886044,F11-032,pq1,0.712694,0.000062,0.712379,0.000008,Tree root,-0.000315,Sand,Aquitaine Basin,Aquitaine Basin [Sand],9862,9431,9431,6384000000,1050000,9,6,7,6,A,l,s,fo,Als_fo,900006000706,1,97,A,Al,Als,Als_fo,9431,Lusitanian,50-100,Sands,Forest,Atlantic-Lowland-Sediments-Forest,148,148,"Mesozoic & Tertiary lowlands and scarplands, Aquitaine Basin; Western part; The Landes sand plain",12,163,84,0,0,66,120,87,50,80,57,58,92,68,64,129,82,27,30,28,49,52,50,54,58,55,42,46,43,5,6,5,11,12,11,20,20,20,13,14,13,30,332619,P,Podzol,Marginal,F7,F7,F1a,Lowland to submontane types (Acidophilous oak and mixed oak forests),63,389,43.89572,-0.886044,F11-032,0.712694,0.000062,0.712379,0.000008,Tree root,-0.000315,Sand,Aquitaine Basin,Aquitaine Basin [Sand],Ah,Sand_Ah,pq1,"sands, cobbles, clays",,T,Cenozoic,Quaternary,"Pliocene, Lower Pleistocene","5,30-0,75 Ma",5.3,0.75,sedimentary,"siliceous, aluminous",continental,nulle ou faible,stratification,not applicable,not applicable,not applicable,Indifférencié,Indifférencié,Formations superficielles,Formations superficielles,161,161,T
France_T2.25,25,POINT (-0.6228070000429966 44.115486000178805),25,1,32,33,1,24,44.115486,-0.622807,F11-034,pq1,0.712727,0.000022,0.712369,0.000009,Tree root,-0.000358,Sand,Aquitaine Basin,Aquitaine Basin [Sand],9862,9431,9431,6384000000,1050000,9,6,7,6,A,l,s,fo,Als_fo,900006000706,1,97,A,Al,Als,Als_fo,9431,Lusitanian,50-100,Sands,Forest,Atlantic-Lowland-Sediments-Forest,148,148,"Mesozoic & Tertiary lowlands and scarplands, Aquitaine Basin; Western part; The Landes sand plain",12,163,84,0,0,66,120,87,50,80,57,58,92,68,64,129,82,27,30,28,49,52,50,54,58,55,42,46,43,5,6,5,11,12,11,20,20,20,13,14,13,30,332619,P,Podzol,Marginal,F7,F7,F1a,Lowland to submontane types (Acidophilous oak and mixed oak forests),63,390,44.115486,-0.622807,F11-034,0.712727,0.000022,0.712369,0.000009,Tree root,-0.000358,Sand,Aquitaine Basin,Aquitaine Basin [Sand],Ah,Sand_Ah,pq1,"sands, cobbles, clays",sands des Landes,T,Cenozoic,Quaternary,"Pliocene, Lower Pleistocene","5,30-0,75 Ma",5.3,0.75,sedimentary,"siliceous, aluminous",continental,nulle ou faible,stratification,not applicable,not applicable,not applicable,Indifférencié,Indifférencié,Formations superficielles,Formations superficielles,161,162,sands des Landes - T
France_T2.26,26,POINT (-0.2391419996035324 44.005532000001836),26,1,33,34,1,25,44.005532,-0.239142,F11-035,m,0.714979,0.00002,0.714502,0.000011,Tree root,-0.000477,Sand,Aquitaine Basin,Aquitaine Basin [Sand],10083,9899,9899,693000000,364000,12,7,1,2,M,h,s,al,Mhs_al,1200007000100,1,229,M,Mh,Mhs,Mhs_al,9899,Mediterranean North,100-200,River alluvium,Arable land,Mediterranean-Hills-Sediments-Arable land,149,149,"Mesozoic & Tertiary lowlands and scarpiands, Aquitaine Basin; Southern part; Pyrenean Piedmont (foothills)",45,213,128,1,1,69,87,75,53,65,58,58,71,62,65,82,69,28,32,29,51,52,51,57,60,58,45,48,46,5,6,5,11,12,11,20,20,20,13,14,13,34,332591,D,Podzoluvisol,Intermediate,F15,F15,F1a,Lowland to submontane types (Acidophilous oak and mixed oak forests),122,391,44.005532,-0.239142,F11-035,0.714979,0.00002,0.714502,0.000011,Tree root,-0.000477,Sand,Aquitaine Basin,Aquitaine Basin [Sand],Ah,Sand_Ah,m,"marls, clays, sands, limestones",,T,Cenozoic,Neogene,Miocene,"23,5-5,30 Ma",23.5,5.3,sedimentary,"siliceous, aluminous, carbonatic","continental, platform",nulle ou faible,stratification,not applicable,not applicable,not applicable,Indifférencié,Indifférencié,basins et Fossés,sediments et volcanics,241,241,T
France_T2.27,27,POINT (0.3749640003883314 42.98028699974532),27,1,35,36,1,26,42.980287,0.374964,F11-037,bo,0.711773,0.000012,0.711962,0.000013,Grass,0.000189,Paragneiss,Pyrenees,Pyrenees [Paragneiss],10517,10555,10555,297000000,212000,11,10,4,6,M,m,r,fo,Mmr_fo,1100010000410,1,241,M,Mm,Mmr,Mmr_fo,10555,Mediterranean Mountains,500-700,Calcereous rocks,Forest,Mediterranean-Mountains-Rocks-Forest,151,151,"Alpine fold mountain belt, Pyrenees Mountains",422,1883,870,11,22,85,106,93,86,115,99,73,115,88,86,136,103,36,39,37,50,53,52,63,64,63,50,51,50,0,5,3,4,11,9,15,21,19,8,14,12,327,332407,B,Cambisol,Good,F138,F138,F5b,"Montane to altimontane types, partly with fir and spruce",30,362,42.980287,0.374964,F11-037,0.711773,0.000012,0.711962,0.000013,Grass,0.000189,Paragneiss,Pyrenees,Pyrenees [Paragneiss],Mm,Paragneiss_Mm,bo,"paragneisses, cipolins, amphibolites, leptynites",,T,"Proterozoic, Paleozoic","Neoproterozoic, Ordovician","Brioverian, Cambrian, Ordovician",670-435 Ma,670,435,metamorphic,"aluminous, carbonatic, magnesium",indeterminate,"plissement, cisaillement",foliation,varisque,néovarisque,amphibolite,Zone Nord-Pyrénéenne,Socle anté-Permian,Massifs varisques,Roches metamorphics,2221,2221,T
France_T2.28,28,POINT (0.3787850003275253 42.95737399981027),28,1,36,37,1,27,42.957374,0.378785,F11-038,c1,0.709025,0.000006,0.709222,0.00001,Grass,0.000197,Limestone,Pyrenees,Pyrenees [Limestone],10517,10555,10555,297000000,212000,11,10,4,6,M,m,r,fo,Mmr_fo,1100010000410,1,241,M,Mm,Mmr,Mmr_fo,10555,Mediterranean Mountains,500-700,Calcereous rocks,Forest,Mediterranean-Mountains-Rocks-Forest,151,151,"Alpine fold mountain belt, Pyrenees Mountains",422,1883,870,11,22,85,106,93,86,115,99,73,115,88,86,136,103,36,39,37,50,53,52,63,64,63,50,51,50,0,5,3,4,11,9,15,21,19,8,14,12,327,332407,B,Cambisol,Good,F138,F138,F5b,"Montane to altimontane types, partly with fir and spruce",30,282,42.957374,0.378785,F11-038,0.709025,0.000006,0.709222,0.00001,Grass,0.000197,Limestone,Pyrenees,Pyrenees [Limestone],Mm,Limestone_Mm,c1,"shales, calcschists, limestones",,T,Mesozoic,Cretaceous,Lower Cretaceous,135-96 Ma,135,96,metamorphic,"aluminous, carbonatic",continental shelf,"plissement, cisaillement",foliation,pyrénéen,pyrénéen,amphibolite,Zone Nord-Pyrénéenne,sediments post-Carboniferouss - Zone Interne metamorphic,Chaînes alpines,Roches metamorphics,701,701,T
France_T2.29,29,POINT (0.3737480000701794 42.943041999888464),29,1,39,40,1,28,42.943042,0.373748,F11-041,rt1,0.712404,0.000014,0.712164,0.000011,Grass,-0.00024,Sandstone,Pyrenees,Pyrenees [Sandstone],10517,10555,10555,297000000,212000,11,10,4,6,M,m,r,fo,Mmr_fo,1100010000410,1,241,M,Mm,Mmr,Mmr_fo,10555,Mediterranean Mountains,500-700,Calcereous rocks,Forest,Mediterranean-Mountains-Rocks-Forest,151,151,"Alpine fold mountain belt, Pyrenees Mountains",422,1883,870,11,22,85,106,93,86,115,99,73,115,88,86,136,103,36,39,37,50,53,52,63,64,63,50,51,50,0,5,3,4,11,9,15,21,19,8,14,12,327,332407,B,Cambisol,Good,F138,F138,F5b,"Montane to altimontane types, partly with fir and spruce",30,445,42.943042,0.373748,F11-041,0.712404,0.000014,0.712164,0.000011,Grass,-0.00024,Sandstone,Pyrenees,Pyrenees [Sandstone],Mm,Sandstone_Mm,rt1,"sandstones, conglomerates, shales",,T,"Paleozoic, Mesozoic","Permian, Triassic","Permian, Lower Triassic",295-240 Ma,295,240,sedimentary,"siliceous, aluminous","continental, platform",plissement isopaque,stratification,pyrénéen,not applicable,not applicable,Zone axiale,Socle anté-Permian,Chaînes alpines,sediments et volcanics,1121,1121,T
France_T2.30,30,POINT (0.3695889998325015 42.93660699991318),30,1,40,41,1,29,42.936607,0.369589,F11-042,h1-2,0.709596,0.000007,0.710119,0.000009,Grass,0.000523,Schist,Pyrenees,Pyrenees [Schist],10517,10555,10555,297000000,212000,11,10,4,6,M,m,r,fo,Mmr_fo,1100010000410,1,241,M,Mm,Mmr,Mmr_fo,10555,Mediterranean Mountains,500-700,Calcereous rocks,Forest,Mediterranean-Mountains-Rocks-Forest,151,151,"Alpine fold mountain belt, Pyrenees Mountains",422,1883,870,11,22,85,106,93,86,115,99,73,115,88,86,136,103,36,39,37,50,53,52,63,64,63,50,51,50,0,5,3,4,11,9,15,21,19,8,14,12,327,332407,B,Cambisol,Good,F138,F138,F5b,"Montane to altimontane types, partly with fir and spruce",30,488,42.936607,0.369589,F11-042,0.709596,0.000007,0.710119,0.000009,Grass,0.000523,Schist,Pyrenees,Pyrenees [Schist],Mm,Schist_Mm,h1-2,"wackes, conglomerates, olistoliths, shales",,T,Paleozoic,Carboniferous,"Viséan, Namurian, Westphalian",355-305 Ma,355,305,sedimentary,"siliceous, aluminous",flysch basin,plissement isopaque,stratification,varisque,not applicable,not applicable,Zone axiale,Socle anté-Permian,Massifs varisques,sediments et volcanics,1401,1402,flyschs varisques et alpins - T
France_T2.31,31,POINT (0.3479500001923839 42.88831899982205),31,1,41,42,1,30,42.888319,0.34795,F11-043,h1-2,0.708765,0.000012,0.70893,0.000009,Grass,0.000165,Limestone,Pyrenees,Pyrenees [Limestone],10842,10434,10434,6965000192,2220000,5,15,12,7,Z,n,r,sh,Znr_sh,500015001207,1,192,Z,Zn,Znr,Znr_sh,10434,Alpine South,2000-2500,Crystalline rocks and migmatites,Shrubs & herbaceous vegetation,Alpine-High mountains-Rocks-Shrubs & herbaceous vegetation,151,151,"Alpine fold mountain belt, Pyrenees Mountains",395,3153,1830,15,31,44,132,84,52,120,95,21,129,97,58,142,110,33,43,40,48,54,50,60,68,63,47,53,50,-4,6,0,-1,12,5,10,22,15,3,14,8,494,342193,B,Cambisol,Good,C23,C23,C3,Subalpine and oro-Mediterranean vegetation,12,283,42.888319,0.34795,F11-043,0.708765,0.000012,0.70893,0.000009,Grass,0.000165,Limestone,Pyrenees,Pyrenees [Limestone],Zn,Limestone_Zn,h1-2,"shales, limestones, lydiennes (radiolarites), sandstones",,T,Paleozoic,Carboniferous,"Viséan, Namurian, Westphalian",355-305 Ma,355,305,sedimentary,"siliceous, aluminous, carbonatic",intracontinental basin,plissement isopaque,stratification,varisque,not applicable,not applicable,Zone axiale,Socle anté-Permian,Massifs varisques,sediments et volcanics,1401,1401,T
France_T2.32,32,POINT (0.3410510004034109 42.84848500018268),32,1,42,43,1,31,42.848485,0.341051,F11-044,q2,0.71273,0.000008,0.713421,0.000012,Grass,0.000691,Granite,Pyrenees,Pyrenees [Granite],10842,10434,10434,6965000192,2220000,5,15,12,7,Z,n,r,sh,Znr_sh,500015001207,1,192,Z,Zn,Znr,Znr_sh,10434,Alpine South,2000-2500,Crystalline rocks and migmatites,Shrubs & herbaceous vegetation,Alpine-High mountains-Rocks-Shrubs & herbaceous vegetation,151,151,"Alpine fold mountain belt, Pyrenees Mountains",395,3153,1830,15,31,44,132,84,52,120,95,21,129,97,58,142,110,33,43,40,48,54,50,60,68,63,47,53,50,-4,6,0,-1,12,5,10,22,15,3,14,8,494,342193,B,Cambisol,Good,C23,C23,C3,Subalpine and oro-Mediterranean vegetation,12,119,42.848485,0.341051,F11-044,0.71273,0.000008,0.713421,0.000012,Grass,0.000691,Granite,Pyrenees,Pyrenees [Granite],Zn,Granite_Zn,q2,"clays, sands, gravels, pebbles",,T,Cenozoic,Quaternary,Middle-Upper Pleistocene,"0,75-0,01 Ma",0.75,0.01,sedimentary,"siliceous, aluminous",continental,nulle ou faible,stratification,not applicable,not applicable,not applicable,Indifférencié,Indifférencié,Formations superficielles,Formations superficielles,21,21,T
France_T2.33,33,POINT (0.169144000395363 42.824055000437966),33,1,43,44,1,32,42.824055,0.169144,F11-045,d2,0.714132,0.000013,0.712983,0.000014,Grass,-0.001149,Granite,Pyrenees,Pyrenees [Granite],10842,10434,10434,6965000192,2220000,5,15,12,7,Z,n,r,sh,Znr_sh,500015001207,1,192,Z,Zn,Znr,Znr_sh,10434,Alpine South,2000-2500,Crystalline rocks and migmatites,Shrubs & herbaceous vegetation,Alpine-High mountains-Rocks-Shrubs & herbaceous vegetation,151,151,"Alpine fold mountain belt, Pyrenees Mountains",395,3153,1830,15,31,44,132,84,52,120,95,21,129,97,58,142,110,33,43,40,48,54,50,60,68,63,47,53,50,-4,6,0,-1,12,5,10,22,15,3,14,8,494,342193,B,Cambisol,Good,C23,C23,C3,Subalpine and oro-Mediterranean vegetation,12,120,42.824055,0.169144,F11-045,0.714132,0.000013,0.712983,0.000014,Grass,-0.001149,Granite,Pyrenees,Pyrenees [Granite],Zn,Granite_Zn,d2,"limestones, sandstones, shales",,T,Paleozoic,Devonian,Middle-Upper Devonian,390-355 Ma,390,355,sedimentary,"siliceous, aluminous, carbonatic",continental shelf,plissement isopaque,stratification,varisque,not applicable,not applicable,Zone axiale,Socle anté-Permian,Massifs varisques,sediments et volcanics,1481,1481,T
France_T2.34,34,POINT (0.1770719999728954 42.82061500008223),34,1,44,45,1,33,42.820615,0.177072,F11-046,d2,0.710572,0.00001,0.71063,0.000008,Grass,0.000058,Limestone,Pyrenees,Pyrenees [Limestone],10842,10434,10434,6965000192,2220000,5,15,12,7,Z,n,r,sh,Znr_sh,500015001207,1,192,Z,Zn,Znr,Znr_sh,10434,Alpine South,2000-2500,Crystalline rocks and migmatites,Shrubs & herbaceous vegetation,Alpine-High mountains-Rocks-Shrubs & herbaceous vegetation,151,151,"Alpine fold mountain belt, Pyrenees Mountains",395,3153,1830,15,31,44,132,84,52,120,95,21,129,97,58,142,110,33,43,40,48,54,50,60,68,63,47,53,50,-4,6,0,-1,12,5,10,22,15,3,14,8,494,342193,B,Cambisol,Good,C23,C23,C3,Subalpine and oro-Mediterranean vegetation,12,284,42.820615,0.177072,F11-046,0.710572,0.00001,0.71063,0.000008,Grass,0.000058,Limestone,Pyrenees,Pyrenees [Limestone],Zn,Limestone_Zn,d2,"limestones, sandstones, shales",,T,Paleozoic,Devonian,Middle-Upper Devonian,390-355 Ma,390,355,sedimentary,"siliceous, aluminous, carbonatic",continental shelf,plissement isopaque,stratification,varisque,not applicable,not applicable,Zone axiale,Socle anté-Permian,Massifs varisques,sediments et volcanics,1481,1481,T
France_T2.35,35,POINT (0.2272839997568212 42.80540300004844),35,1,45,46,1,34,42.805403,0.227284,F11-047,d2,0.711707,0.000005,0.711804,0.000011,Grass,0.000097,Wacke,Pyrenees,Pyrenees [Wacke],10842,10434,10434,6965000192,2220000,5,15,12,7,Z,n,r,sh,Znr_sh,500015001207,1,192,Z,Zn,Znr,Znr_sh,10434,Alpine South,2000-2500,Crystalline rocks and migmatites,Shrubs & herbaceous vegetation,Alpine-High mountains-Rocks-Shrubs & herbaceous vegetation,151,151,"Alpine fold mountain belt, Pyrenees Mountains",395,3153,1830,15,31,44,132,84,52,120,95,21,129,97,58,142,110,33,43,40,48,54,50,60,68,63,47,53,50,-4,6,0,-1,12,5,10,22,15,3,14,8,494,342193,B,Cambisol,Good,C23,C23,C3,Subalpine and oro-Mediterranean vegetation,12,537,42.805403,0.227284,F11-047,0.711707,0.000005,0.711804,0.000011,Grass,0.000097,Wacke,Pyrenees,Pyrenees [Wacke],Zn,Wacke_Zn,d2,"wackes, sandstones, limestones, shales",,T,Paleozoic,Devonian,Middle-Upper Devonian,390-355 Ma,390,355,sedimentary,"siliceous, aluminous, carbonatic",flysch basin,plissement isopaque,stratification,varisque,not applicable,not applicable,Zone axiale,Socle anté-Permian,Massifs varisques,sediments et volcanics,1481,1482,flyschs varisques et alpins - T
France_T2.36,36,POINT (0.2252749997414867 42.79330199958764),36,1,46,47,1,35,42.793302,0.225275,F11-048,d2,0.71191,0.000009,0.712575,0.000013,Grass,0.000665,Wacke,Pyrenees,Pyrenees [Wacke],10842,10434,10434,6965000192,2220000,5,15,12,7,Z,n,r,sh,Znr_sh,500015001207,1,192,Z,Zn,Znr,Znr_sh,10434,Alpine South,2000-2500,Crystalline rocks and migmatites,Shrubs & herbaceous vegetation,Alpine-High mountains-Rocks-Shrubs & herbaceous vegetation,151,151,"Alpine fold mountain belt, Pyrenees Mountains",395,3153,1830,15,31,44,132,84,52,120,95,21,129,97,58,142,110,33,43,40,48,54,50,60,68,63,47,53,50,-4,6,0,-1,12,5,10,22,15,3,14,8,494,342193,B,Cambisol,Good,C23,C23,C3,Subalpine and oro-Mediterranean vegetation,12,538,42.793302,0.225275,F11-048,0.71191,0.000009,0.712575,0.000013,Grass,0.000665,Wacke,Pyrenees,Pyrenees [Wacke],Zn,Wacke_Zn,d2,"wackes, sandstones, limestones, shales",,T,Paleozoic,Devonian,Middle-Upper Devonian,390-355 Ma,390,355,sedimentary,"siliceous, aluminous, carbonatic",flysch basin,plissement isopaque,stratification,varisque,not applicable,not applicable,Zone axiale,Socle anté-Permian,Massifs varisques,sediments et volcanics,1481,1482,flyschs varisques et alpins - T
France_T2.37,37,POINT (0.6923330003677393 43.58905199984997),37,1,47,48,1,36,43.589052,0.692333,F11-049,m,0.710093,0.000006,0.710198,0.000014,Grass,0.000105,Impure carbonate sedimentary rock,Aquitaine Basin,Aquitaine Basin [Impure carbonate sedimentary rock],10349,10031,10031,4296000000,1392000,12,7,4,2,M,h,r,al,Mhr_al,1200007000400,1,220,M,Mh,Mhr,Mhr_al,10031,Mediterranean North,100-200,Calcereous rocks,Arable land,Mediterranean-Hills-Rocks-Arable land,149,149,"Mesozoic & Tertiary lowlands and scarpiands, Aquitaine Basin; Southern part; Pyrenean Piedmont (foothills)",56,473,195,1,3,59,92,70,54,80,62,56,76,60,52,84,63,28,35,30,51,53,51,56,62,58,46,49,47,5,6,5,11,12,11,20,21,20,13,14,13,52,332410,B,Cambisol,Good,G38,G38,G3,"Sub-Mediterranean and meso-supra-Mediterranean downy oak forests, as well as mixe",68,153,43.589052,0.692333,F11-049,0.710093,0.000006,0.710198,0.000014,Grass,0.000105,Impure carbonate sedimentary rock,Aquitaine Basin,Aquitaine Basin [Impure carbonate sedimentary rock],Mh,Impure carbonate sedimentary rock_Mh,m,"marls, clays, sands, cobbles",,T,Cenozoic,Neogene,Miocene,"23,5-5,30 Ma",23.5,5.3,sedimentary,"siliceous, aluminous, carbonatic","continental, platform",nulle ou faible,stratification,not applicable,not applicable,not applicable,Indifférencié,Indifférencié,basins et Fossés,sediments et volcanics,241,244,dépôts continentaux (basins de Paris et d'Aquitaine ou du Massif Armoricain) - T
France_T2.38,38,POINT (1.0768879995815723 43.485738000108654),38,1,48,49,1,37,43.485738,1.076888,F11-050,m,0.712448,0.000006,0.713809,0.000011,Grass,0.001361,Clay,Aquitaine Basin,Aquitaine Basin [Clay],10528,10072,10072,2420000000,840000,12,7,1,2,M,h,s,al,Mhs_al,1200007000100,1,229,M,Mh,Mhs,Mhs_al,10072,Mediterranean North,100-200,River alluvium,Arable land,Mediterranean-Hills-Sediments-Arable land,149,149,"Mesozoic & Tertiary lowlands and scarpiands, Aquitaine Basin; Southern part; Pyrenean Piedmont (foothills)",59,461,187,0,1,52,104,66,55,80,61,54,82,59,49,98,60,28,36,31,51,53,51,56,60,57,46,49,46,5,6,5,11,12,11,19,21,20,13,14,13,65,332591,D,Podzoluvisol,Intermediate,F7,F7,F1a,Lowland to submontane types (Acidophilous oak and mixed oak forests),122,4,43.485738,1.076888,F11-050,0.712448,0.000006,0.713809,0.000011,Grass,0.001361,Clay,Aquitaine Basin,Aquitaine Basin [Clay],Mh,Clay_Mh,m,"marls, clays, sands, cobbles",,T,Cenozoic,Neogene,Miocene,"23,5-5,30 Ma",23.5,5.3,sedimentary,"siliceous, aluminous, carbonatic","continental, platform",nulle ou faible,stratification,not applicable,not applicable,not applicable,Indifférencié,Indifférencié,basins et Fossés,sediments et volcanics,241,244,dépôts continentaux (basins de Paris et d'Aquitaine ou du Massif Armoricain) - T
France_T2.39,39,POINT (1.2170640004033544 43.51162000026284),39,1,49,50,1,38,43.51162,1.217064,F11-051,q2,0.713105,0.00001,0.712975,0.000011,Grass,-0.00013,Clay,Aquitaine Basin,Aquitaine Basin [Clay],10528,10072,10072,2420000000,840000,12,7,1,2,M,h,s,al,Mhs_al,1200007000100,1,229,M,Mh,Mhs,Mhs_al,10072,Mediterranean North,100-200,River alluvium,Arable land,Mediterranean-Hills-Sediments-Arable land,149,149,"Mesozoic & Tertiary lowlands and scarpiands, Aquitaine Basin; Southern part; Pyrenean Piedmont (foothills)",59,461,187,0,1,52,104,66,55,80,61,54,82,59,49,98,60,28,36,31,51,53,51,56,60,57,46,49,46,5,6,5,11,12,11,19,21,20,13,14,13,65,332591,D,Podzoluvisol,Intermediate,F7,F7,F1a,Lowland to submontane types (Acidophilous oak and mixed oak forests),122,5,43.51162,1.217064,F11-051,0.713105,0.00001,0.712975,0.000011,Grass,-0.00013,Clay,Aquitaine Basin,Aquitaine Basin [Clay],Mh,Clay_Mh,q2,"clays, sands, gravels, pebbles",,T,Cenozoic,Quaternary,Middle-Upper Pleistocene,"0,75-0,01 Ma",0.75,0.01,sedimentary,"siliceous, aluminous",continental,nulle ou faible,stratification,not applicable,not applicable,not applicable,Indifférencié,Indifférencié,Formations superficielles,Formations superficielles,21,21,T
France_T2.40,40,POINT (1.674506000051906 44.01962799983238),40,1,53,54,1,39,44.019628,1.674506,F11-055,j1,0.709,0.000009,0.709544,0.00001,Grass,0.000544,Impure carbonate sedimentary rock,Aquitaine Basin,Aquitaine Basin [Impure carbonate sedimentary rock],10164,10045,10045,918000000,500000,12,8,11,5,M,h,r,ha,Mhr_ha,1200008001110,1,223,M,Mh,Mhr,Mhr_ha,10045,Mediterranean North,200-300,Detrital formations,Heterogeneous agric. areas,Mediterranean-Hills-Rocks-Heterogeneous agric. areas,147,147,"Mesozoic & Tertiary lowlands and scarplands, Aquitaine Basin; Northern part",123,484,265,2,4,54,78,67,57,74,67,52,73,60,50,68,59,29,31,30,49,51,50,55,56,55,45,46,45,4,5,4,10,12,10,18,21,19,12,14,12,64,332402,B,Cambisol,Good,F16,F16,F1a,Lowland to submontane types (Acidophilous oak and mixed oak forests),71,154,44.019628,1.674506,F11-055,0.709,0.000009,0.709544,0.00001,Grass,0.000544,Impure carbonate sedimentary rock,Aquitaine Basin,Aquitaine Basin [Impure carbonate sedimentary rock],Mh,Impure carbonate sedimentary rock_Mh,j1,"marls, limestones, dolomites",,T,Mesozoic,Jurassic,Lower Jurassic,203-175 Ma,203,175,sedimentary,"aluminous, carbonatic",continental shelf,nulle ou faible,stratification,not applicable,not applicable,not applicable,Indifférencié,Indifférencié,basins et Fossés,sediments et volcanics,901,901,T
France_T2.41,41,POINT (1.5391019998574507 44.52416100013011),41,1,54,55,1,40,44.524161,1.539102,F11-056,j3,0.708948,0.000006,0.708993,0.00001,Grass,0.000045,Impure carbonate sedimentary rock,Aquitaine Basin,Aquitaine Basin [Impure carbonate sedimentary rock],9725,9500,9500,3288999936,794000,9,8,4,6,A,h,r,fo,Ahr_fo,900008000406,1,113,A,Ah,Ahr,Ahr_fo,9500,Lusitanian,200-300,Calcereous rocks,Forest,Atlantic-Hills-Rocks-Forest,147,147,"Mesozoic & Tertiary lowlands and scarplands, Aquitaine Basin; Northern part",50,443,232,2,4,65,87,72,52,70,59,57,82,70,57,82,67,27,28,27,48,50,48,53,55,54,44,45,44,3,5,4,10,12,11,18,20,19,11,13,12,72,332508,L,Luvisol,Good,G37,G37,G3,"Sub-Mediterranean and meso-supra-Mediterranean downy oak forests, as well as mixe",79,155,44.524161,1.539102,F11-056,0.708948,0.000006,0.708993,0.00001,Grass,0.000045,Impure carbonate sedimentary rock,Aquitaine Basin,Aquitaine Basin [Impure carbonate sedimentary rock],Ah,Impure carbonate sedimentary rock_Ah,j3,"marls, limestones, clays",,T,Mesozoic,Jurassic,Upper Jurassic,154-135 Ma,154,135,sedimentary,"aluminous, carbonatic",continental shelf,nulle ou faible,stratification,not applicable,not applicable,not applicable,Indifférencié,Indifférencié,basins et Fossés,sediments et volcanics,761,761,T
France_T2.42,42,POINT (1.767260000248882 44.41710000026484),42,1,55,56,1,41,44.4171,1.76726,F11-057,j2,0.708246,0.000008,0.709011,0.000009,Grass,0.000765,Limestone,Aquitaine Basin,Aquitaine Basin [Limestone],9999,9829,9829,1680999936,458000,9,8,4,5,A,h,r,ha,Ahr_ha,900008000405,1,112,A,Ah,Ahr,Ahr_ha,9829,Lusitanian,200-300,Calcereous rocks,Heterogeneous agric. areas,Atlantic-Hills-Rocks-Heterogeneous agric. areas,147,147,"Mesozoic & Tertiary lowlands and scarplands, Aquitaine Basin; Northern part",71,487,279,2,4,57,84,69,55,76,65,54,82,66,53,75,62,27,30,28,48,50,49,55,56,55,45,45,45,3,5,4,9,12,10,18,20,19,11,14,12,67,332414,B,Cambisol,Good,G37,G37,G3,"Sub-Mediterranean and meso-supra-Mediterranean downy oak forests, as well as mixe",114,246,44.4171,1.76726,F11-057,0.708246,0.000008,0.709011,0.000009,Grass,0.000765,Limestone,Aquitaine Basin,Aquitaine Basin [Limestone],Ah,Limestone_Ah,j2,"limestones, marls",,T,Mesozoic,Jurassic,Middle Jurassic,175-154 Ma,175,154,sedimentary,carbonatic,continental shelf,nulle ou faible,stratification,not applicable,not applicable,not applicable,Indifférencié,Indifférencié,basins et Fossés,sediments et volcanics,801,801,T
France_T2.43,43,POINT (1.7846089999054584 44.24151999994808),43,1,56,57,1,42,44.24152,1.784609,F11-058,j1,0.708379,0.000007,0.708498,0.00001,Grass,0.000119,Impure carbonate sedimentary rock,Aquitaine Basin,Aquitaine Basin [Impure carbonate sedimentary rock],9999,9829,9829,1680999936,458000,9,8,4,5,A,h,r,ha,Ahr_ha,900008000405,1,112,A,Ah,Ahr,Ahr_ha,9829,Lusitanian,200-300,Calcereous rocks,Heterogeneous agric. areas,Atlantic-Hills-Rocks-Heterogeneous agric. areas,147,147,"Mesozoic & Tertiary lowlands and scarplands, Aquitaine Basin; Northern part",71,487,279,2,4,57,84,69,55,76,65,54,82,66,53,75,62,27,30,28,48,50,49,55,56,55,45,45,45,3,5,4,9,12,10,18,20,19,11,14,12,67,332414,B,Cambisol,Good,G37,G37,G3,"Sub-Mediterranean and meso-supra-Mediterranean downy oak forests, as well as mixe",114,156,44.24152,1.784609,F11-058,0.708379,0.000007,0.708498,0.00001,Grass,0.000119,Impure carbonate sedimentary rock,Aquitaine Basin,Aquitaine Basin [Impure carbonate sedimentary rock],Ah,Impure carbonate sedimentary rock_Ah,j1,"marls, limestones, dolomites",,T,Mesozoic,Jurassic,Lower Jurassic,203-175 Ma,203,175,sedimentary,"aluminous, carbonatic",continental shelf,nulle ou faible,stratification,not applicable,not applicable,not applicable,Indifférencié,Indifférencié,basins et Fossés,sediments et volcanics,901,901,T
France_T2.44,44,POINT (0.7486540003818618 43.86737000032531),44,1,57,58,1,43,43.86737,0.748654,F11-059,m,0.709375,0.000006,0.710064,0.000008,Roots,0.000689,Impure carbonate sedimentary rock,Aquitaine Basin,Aquitaine Basin [Impure carbonate sedimentary rock],10349,10031,10031,4296000000,1392000,12,7,4,2,M,h,r,al,Mhr_al,1200007000400,1,220,M,Mh,Mhr,Mhr_al,10031,Mediterranean North,100-200,Calcereous rocks,Arable land,Mediterranean-Hills-Rocks-Arable land,149,149,"Mesozoic & Tertiary lowlands and scarpiands, Aquitaine Basin; Southern part; Pyrenean Piedmont (foothills)",56,473,195,1,3,59,92,70,54,80,62,56,76,60,52,84,63,28,35,30,51,53,51,56,62,58,46,49,47,5,6,5,11,12,11,20,21,20,13,14,13,52,332410,B,Cambisol,Good,G38,G38,G3,"Sub-Mediterranean and meso-supra-Mediterranean downy oak forests, as well as mixe",68,157,43.86737,0.748654,F11-059,0.709375,0.000006,0.710064,0.000008,Roots,0.000689,Impure carbonate sedimentary rock,Aquitaine Basin,Aquitaine Basin [Impure carbonate sedimentary rock],Ah,Impure carbonate sedimentary rock_Ah,m,"marls, clays, sands, cobbles",,T,Cenozoic,Neogene,Miocene,"23,5-5,30 Ma",23.5,5.3,sedimentary,"siliceous, aluminous, carbonatic","continental, platform",nulle ou faible,stratification,not applicable,not applicable,not applicable,Indifférencié,Indifférencié,basins et Fossés,sediments et volcanics,241,244,dépôts continentaux (basins de Paris et d'Aquitaine ou du Massif Armoricain) - T
France_T2.49,49,POINT (0.1412180004104471 42.819752999901084),49,1,62,63,1,48,42.819753,0.141218,F11-064,18,0.709692,0.000008,0.710117,0.000009,Grass,0.000425,Granite,Pyrenees,Pyrenees [Granite],10744,10498,10498,2652999936,950000,11,13,4,6,M,m,r,fo,Mmr_fo,1100013000410,1,241,M,Mm,Mmr,Mmr_fo,10498,Mediterranean Mountains,1100-1500,Calcereous rocks,Forest,Mediterranean-Mountains-Rocks-Forest,151,151,"Alpine fold mountain belt, Pyrenees Mountains",568,3119,1409,13,25,54,137,89,48,112,86,25,129,74,45,139,103,36,43,40,48,59,52,62,73,67,49,57,51,-4,4,0,-1,10,5,10,20,15,3,13,8,492,340750,E,Rendzina,Marginal,K5,K5,K1,"Nemoral, sub- and oro-Mediterranean pine forests",30,121,42.819753,0.141218,F11-064,0.709692,0.000008,0.710117,0.000009,Grass,0.000425,Granite,Pyrenees,Pyrenees [Granite],Mm,Granite_Mm,18,"monzogranites, granodiorites",,T,Paleozoic,Carboniferous,"Namurian, Westphalian, Stephanian",335-295 Ma,335,295,plutonic,calc-alkaline,continental collision,nulle ou faible,not applicable,not applicable,not applicable,not applicable,Zone axiale,Socle anté-Permian,Massifs varisques,Plutons varisques,1341,1348,granitoides calc-alkalines - T
France_T2.45,45,POINT (0.5458629997776825 43.8002539998223),45,1,58,59,1,44,43.800254,0.545863,F11-060,m,0.709091,0.000006,0.709864,0.000008,Grass,0.000773,Impure carbonate sedimentary rock,Aquitaine Basin,Aquitaine Basin [Impure carbonate sedimentary rock],10349,10031,10031,4296000000,1392000,12,7,4,2,M,h,r,al,Mhr_al,1200007000400,1,220,M,Mh,Mhr,Mhr_al,10031,Mediterranean North,100-200,Calcereous rocks,Arable land,Mediterranean-Hills-Rocks-Arable land,149,149,"Mesozoic & Tertiary lowlands and scarpiands, Aquitaine Basin; Southern part; Pyrenean Piedmont (foothills)",56,473,195,1,3,59,92,70,54,80,62,56,76,60,52,84,63,28,35,30,51,53,51,56,62,58,46,49,47,5,6,5,11,12,11,20,21,20,13,14,13,52,332410,B,Cambisol,Good,G38,G38,G3,"Sub-Mediterranean and meso-supra-Mediterranean downy oak forests, as well as mixe",68,158,43.800254,0.545863,F11-060,0.709091,0.000006,0.709864,0.000008,Grass,0.000773,Impure carbonate sedimentary rock,Aquitaine Basin,Aquitaine Basin [Impure carbonate sedimentary rock],Mh,Impure carbonate sedimentary rock_Mh,m,"marls, clays, sands, cobbles",,T,Cenozoic,Neogene,Miocene,"23,5-5,30 Ma",23.5,5.3,sedimentary,"siliceous, aluminous, carbonatic","continental, platform",nulle ou faible,stratification,not applicable,not applicable,not applicable,Indifférencié,Indifférencié,basins et Fossés,sediments et volcanics,241,244,dépôts continentaux (basins de Paris et d'Aquitaine ou du Massif Armoricain) - T
France_T2.46,46,POINT (0.2318020003620518 43.57742499966406),46,1,59,60,1,45,43.577425,0.231802,F11-061,m,0.709821,0.000006,0.709955,0.00001,Ivy,0.000134,Impure carbonate sedimentary rock,Aquitaine Basin,Aquitaine Basin [Impure carbonate sedimentary rock],10349,10031,10031,4296000000,1392000,12,7,4,2,M,h,r,al,Mhr_al,1200007000400,1,220,M,Mh,Mhr,Mhr_al,10031,Mediterranean North,100-200,Calcereous rocks,Arable land,Mediterranean-Hills-Rocks-Arable land,149,149,"Mesozoic & Tertiary lowlands and scarpiands, Aquitaine Basin; Southern part; Pyrenean Piedmont (foothills)",56,473,195,1,3,59,92,70,54,80,62,56,76,60,52,84,63,28,35,30,51,53,51,56,62,58,46,49,47,5,6,5,11,12,11,20,21,20,13,14,13,52,332410,B,Cambisol,Good,G38,G38,G3,"Sub-Mediterranean and meso-supra-Mediterranean downy oak forests, as well as mixe",68,159,43.577425,0.231802,F11-061,0.709821,0.000006,0.709955,0.00001,Ivy,0.000134,Impure carbonate sedimentary rock,Aquitaine Basin,Aquitaine Basin [Impure carbonate sedimentary rock],Mh,Impure carbonate sedimentary rock_Mh,m,"marls, clays, sands, cobbles",,T,Cenozoic,Neogene,Miocene,"23,5-5,30 Ma",23.5,5.3,sedimentary,"siliceous, aluminous, carbonatic","continental, platform",nulle ou faible,stratification,not applicable,not applicable,not applicable,Indifférencié,Indifférencié,basins et Fossés,sediments et volcanics,241,244,dépôts continentaux (basins de Paris et d'Aquitaine ou du Massif Armoricain) - T
France_T2.47,47,POINT (-0.160245999952906 43.44376599990102),47,1,60,61,1,46,43.443766,-0.160246,F11-062,m,0.712619,0.000012,0.713591,0.000013,Grass,0.000972,Clay,Aquitaine Basin,Aquitaine Basin [Clay],10290,10014,10014,4217999872,1276000,12,7,1,2,M,h,s,al,Mhs_al,1200007000100,1,229,M,Mh,Mhs,Mhs_al,10014,Mediterranean North,100-200,River alluvium,Arable land,Mediterranean-Hills-Sediments-Arable land,149,149,"Mesozoic & Tertiary lowlands and scarpiands, Aquitaine Basin; Southern part; Pyrenean Piedmont (foothills)",2,361,125,1,2,74,134,98,59,104,77,60,101,70,69,144,94,29,35,30,49,54,51,57,63,59,42,49,46,5,7,6,11,12,11,20,22,20,13,15,13,70,332591,D,Podzoluvisol,Intermediate,F15,F15,F1a,Lowland to submontane types (Acidophilous oak and mixed oak forests),122,6,43.443766,-0.160246,F11-062,0.712619,0.000012,0.713591,0.000013,Grass,0.000972,Clay,Aquitaine Basin,Aquitaine Basin [Clay],Mh,Clay_Mh,pq1,"sands, cobbles, clays",,T,Cenozoic,Quaternary,"Pliocene, Lower Pleistocene","5,30-0,75 Ma",5.3,0.75,sedimentary,"siliceous, aluminous",continental,nulle ou faible,stratification,not applicable,not applicable,not applicable,Indifférencié,Indifférencié,Formations superficielles,Formations superficielles,161,161,T
France_T2.48,48,POINT (-0.5464349998753164 43.50981000043123),48,1,61,62,1,47,43.50981,-0.546435,F11-063,m,0.709584,0.000007,0.710128,0.00001,Clover,0.000544,Impure carbonate sedimentary rock,Aquitaine Basin,Aquitaine Basin [Impure carbonate sedimentary rock],10290,10014,10014,4217999872,1276000,12,7,1,2,M,h,s,al,Mhs_al,1200007000100,1,229,M,Mh,Mhs,Mhs_al,10014,Mediterranean North,100-200,River alluvium,Arable land,Mediterranean-Hills-Sediments-Arable land,149,149,"Mesozoic & Tertiary lowlands and scarpiands, Aquitaine Basin; Southern part; Pyrenean Piedmont (foothills)",2,361,125,1,2,74,134,98,59,104,77,60,101,70,69,144,94,29,35,30,49,54,51,57,63,59,42,49,46,5,7,6,11,12,11,20,22,20,13,15,13,70,332591,D,Podzoluvisol,Intermediate,F15,F15,F1a,Lowland to submontane types (Acidophilous oak and mixed oak forests),122,160,43.50981,-0.546435,F11-063,0.709584,0.000007,0.710128,0.00001,Clover,0.000544,Impure carbonate sedimentary rock,Aquitaine Basin,Aquitaine Basin [Impure carbonate sedimentary rock],Mh,Impure carbonate sedimentary rock_Mh,m,"marls, clays, sands, cobbles",,T,Cenozoic,Neogene,Miocene,"23,5-5,30 Ma",23.5,5.3,sedimentary,"siliceous, aluminous, carbonatic","continental, platform",nulle ou faible,stratification,not applicable,not applicable,not applicable,Indifférencié,Indifférencié,basins et Fossés,sediments et volcanics,241,244,dépôts continentaux (basins de Paris et d'Aquitaine ou du Massif Armoricain) - T
France_T2.424,424,POINT (-1.208598000097595 49.44411899969214),424,0,483,484,1,423,49.444119,-1.208598,F13-085,q3,0.709353,0.00002,0.709352,0.00001,Grass,-0.000001,Sand,Armorican Massif,Armorican Massif [Sand],0,0,0,0,0,0,0,0,0,,,,,,0,0,0,,,,,0,,,,,,0,0,,0,0,0,0,0,0,0,0,0,0,0,0,0,0,0,0,0,0,0,0,0,0,0,0,0,0,0,0,0,0,0,0,0,0,0,0,0,0,0,0,0,0,0,,,,,,,,0,405,48.145439,-0.472054,F13-085,0.709353,0.00002,0.709352,0.00001,Grass,-0.000001,Sand,Armorican Massif,Armorican Massif [Sand],Al,Sand_Al,j1,"clays, sandstones, limestones",,M,Mesozoic,Jurassic,Lower Jurassic,203-175 Ma,203,175,sedimentary,"siliceous, aluminous, carbonatic",continental shelf,nulle ou faible,stratification,not applicable,not applicable,not applicable,Indifférencié,Indifférencié,Plateau continental,Couverture sedimentary,911,911,M
France_T2.50,50,POINT (0.1465269997212886 42.815599999940105),50,1,63,64,1,49,42.8156,0.146527,F11-065,18,0.709368,0.000007,0.709878,0.000007,Grass,0.00051,Granite,Pyrenees,Pyrenees [Granite],10744,10498,10498,2652999936,950000,11,13,4,6,M,m,r,fo,Mmr_fo,1100013000410,1,241,M,Mm,Mmr,Mmr_fo,10498,Mediterranean Mountains,1100-1500,Calcereous rocks,Forest,Mediterranean-Mountains-Rocks-Forest,151,151,"Alpine fold mountain belt, Pyrenees Mountains",568,3119,1409,13,25,54,137,89,48,112,86,25,129,74,45,139,103,36,43,40,48,59,52,62,73,67,49,57,51,-4,4,0,-1,10,5,10,20,15,3,13,8,492,340750,E,Rendzina,Marginal,K5,K5,K1,"Nemoral, sub- and oro-Mediterranean pine forests",30,122,42.8156,0.146527,F11-065,0.709368,0.000007,0.709878,0.000007,Grass,0.00051,Granite,Pyrenees,Pyrenees [Granite],Mm,Granite_Mm,18,"monzogranites, granodiorites",,T,Paleozoic,Carboniferous,"Namurian, Westphalian, Stephanian",335-295 Ma,335,295,plutonic,calc-alkaline,continental collision,nulle ou faible,not applicable,not applicable,not applicable,not applicable,Zone axiale,Socle anté-Permian,Massifs varisques,Plutons varisques,1341,1348,granitoides calc-alkalines - T
France_T2.51,51,POINT (0.2732919999259025 42.79613399978433),51,1,64,65,1,50,42.796134,0.273292,F11-066,d1,0.710039,0.000008,0.710851,0.000008,Grass,0.000812,Schist,Pyrenees,Pyrenees [Schist],10842,10434,10434,6965000192,2220000,5,15,12,7,Z,n,r,sh,Znr_sh,500015001207,1,192,Z,Zn,Znr,Znr_sh,10434,Alpine South,2000-2500,Crystalline rocks and migmatites,Shrubs & herbaceous vegetation,Alpine-High mountains-Rocks-Shrubs & herbaceous vegetation,151,151,"Alpine fold mountain belt, Pyrenees Mountains",395,3153,1830,15,31,44,132,84,52,120,95,21,129,97,58,142,110,33,43,40,48,54,50,60,68,63,47,53,50,-4,6,0,-1,12,5,10,22,15,3,14,8,494,342193,B,Cambisol,Good,C23,C23,C3,Subalpine and oro-Mediterranean vegetation,12,489,42.796134,0.273292,F11-066,0.710039,0.000008,0.710851,0.000008,Grass,0.000812,Schist,Pyrenees,Pyrenees [Schist],Zn,Schist_Zn,d1,"shales, sandstones, limestones",,T,Paleozoic,Devonian,Lower Devonian,410-390 Ma,410,390,sedimentary,"siliceous, aluminous, carbonatic",continental shelf,plissement isopaque,stratification,varisque,not applicable,not applicable,Zone axiale,Socle anté-Permian,Massifs varisques,sediments et volcanics,1561,1561,T
France_T2.52,52,POINT (0.3904260002597653 42.87177799965502),52,1,65,66,1,51,42.871778,0.390426,F11-067,18,0.713332,0.000011,0.712944,0.000014,Grass,-0.000388,Granite,Pyrenees,Pyrenees [Granite],10517,10555,10555,297000000,212000,11,10,4,6,M,m,r,fo,Mmr_fo,1100010000410,1,241,M,Mm,Mmr,Mmr_fo,10555,Mediterranean Mountains,500-700,Calcereous rocks,Forest,Mediterranean-Mountains-Rocks-Forest,151,151,"Alpine fold mountain belt, Pyrenees Mountains",422,1883,870,11,22,85,106,93,86,115,99,73,115,88,86,136,103,36,39,37,50,53,52,63,64,63,50,51,50,0,5,3,4,11,9,15,21,19,8,14,12,327,332407,B,Cambisol,Good,F138,F138,F5b,"Montane to altimontane types, partly with fir and spruce",30,123,42.871778,0.390426,F11-067,0.713332,0.000011,0.712944,0.000014,Grass,-0.000388,Granite,Pyrenees,Pyrenees [Granite],Mm,Granite_Mm,18,"monzogranites, granodiorites",,T,Paleozoic,Carboniferous,"Namurian, Westphalian, Stephanian",335-295 Ma,335,295,plutonic,calc-alkaline,continental collision,nulle ou faible,not applicable,not applicable,not applicable,not applicable,Zone axiale,Socle anté-Permian,Massifs varisques,Plutons varisques,1341,1348,granitoides calc-alkalines - T
France_T2.53,53,POINT (0.3685919997210476 42.92933800014862),53,1,66,67,1,52,42.929338,0.368592,F11-068,h1-2,0.709474,0.000013,0.710104,0.000007,Grass,0.00063,Limestone,Pyrenees,Pyrenees [Limestone],10517,10555,10555,297000000,212000,11,10,4,6,M,m,r,fo,Mmr_fo,1100010000410,1,241,M,Mm,Mmr,Mmr_fo,10555,Mediterranean Mountains,500-700,Calcereous rocks,Forest,Mediterranean-Mountains-Rocks-Forest,151,151,"Alpine fold mountain belt, Pyrenees Mountains",422,1883,870,11,22,85,106,93,86,115,99,73,115,88,86,136,103,36,39,37,50,53,52,63,64,63,50,51,50,0,5,3,4,11,9,15,21,19,8,14,12,327,332407,B,Cambisol,Good,F138,F138,F5b,"Montane to altimontane types, partly with fir and spruce",30,285,42.929338,0.368592,F11-068,0.709474,0.000013,0.710104,0.000007,Grass,0.00063,Limestone,Pyrenees,Pyrenees [Limestone],Mm,Limestone_Mm,h1-2,"wackes, conglomerates, olistoliths, shales",,T,Paleozoic,Carboniferous,"Viséan, Namurian, Westphalian",355-305 Ma,355,305,sedimentary,"siliceous, aluminous",flysch basin,plissement isopaque,stratification,varisque,not applicable,not applicable,Zone axiale,Socle anté-Permian,Massifs varisques,sediments et volcanics,1401,1402,flyschs varisques et alpins - T
France_T2.54,54,POINT (0.3562380001836232 43.02423800038349),54,1,67,68,1,53,43.024238,0.356238,F11-069,c1,0.707839,0.000013,0.708319,0.000008,Grass,0.00048,Limestone,Pyrenees,Pyrenees [Limestone],10455,10441,10441,489000000,186000,11,10,11,4,M,m,r,pa,Mmr_pa,1100010001100,1,239,M,Mm,Mmr,Mmr_pa,10441,Mediterranean Mountains,500-700,Detrital formations,Pastures,Mediterranean-Mountains-Rocks-Pastures,151,151,"Alpine fold mountain belt, Pyrenees Mountains",326,1715,653,6,12,95,118,108,88,113,100,65,113,80,86,127,105,33,39,36,50,54,53,63,64,63,49,50,49,0,6,4,4,12,9,15,21,19,8,14,12,279,330570,B,Cambisol,Good,F81,F81,F5a,Lowland to submontane types,28,286,43.024238,0.356238,F11-069,0.707839,0.000013,0.708319,0.000008,Grass,0.00048,Limestone,Pyrenees,Pyrenees [Limestone],Mm,Limestone_Mm,c1,"marls, limestones, shales",,T,Mesozoic,Cretaceous,Lower Cretaceous,135-96 Ma,135,96,metamorphic,"aluminous, carbonatic",continental shelf,plissement anisopaque,schistosité,pyrénéen,pyrénéen,schiste vert,Zone Nord-Pyrénéenne,sediments post-Carboniferouss,Chaînes alpines,Roches metamorphics,701,701,T
France_T2.55,55,POINT (0.3312790003256509 43.04101399969636),55,1,68,69,1,54,43.041014,0.331279,F11-070,c2,0.710023,0.000013,0.710002,0.000012,Grass,-0.000021,Schist,Pyrenees,Pyrenees [Schist],10455,10441,10441,489000000,186000,11,10,11,4,M,m,r,pa,Mmr_pa,1100010001100,1,239,M,Mm,Mmr,Mmr_pa,10441,Mediterranean Mountains,500-700,Detrital formations,Pastures,Mediterranean-Mountains-Rocks-Pastures,151,151,"Alpine fold mountain belt, Pyrenees Mountains",326,1715,653,6,12,95,118,108,88,113,100,65,113,80,86,127,105,33,39,36,50,54,53,63,64,63,49,50,49,0,6,4,4,12,9,15,21,19,8,14,12,279,330570,B,Cambisol,Good,F81,F81,F5a,Lowland to submontane types,28,490,43.041014,0.331279,F11-070,0.710023,0.000013,0.710002,0.000012,Grass,-0.000021,Schist,Pyrenees,Pyrenees [Schist],Mm,Schist_Mm,c2,"calcschists, marls, shales, conglomerates",,T,Mesozoic,Cretaceous,Upper Cretaceous,96-65 Ma,96,65,sedimentary,"siliceous, aluminous, carbonatic",flysch basin,plissement isopaque,stratification,pyrénéen,not applicable,not applicable,Zone Nord-Pyrénéenne,sediments post-Carboniferouss,Chaînes alpines,sediments et volcanics,621,624,flyschs varisques et alpins - T
France_T2.56,56,POINT (0.4695919997710121 43.158258999753116),56,1,69,70,1,55,43.158259,0.469592,F11-071,q1,0.713033,0.000039,0.712612,0.000011,Tree root,-0.000421,Sand,Aquitaine Basin,Aquitaine Basin [Sand],10464,10236,10236,1098000000,538000,12,9,1,2,M,h,s,al,Mhs_al,1200009000100,1,229,M,Mh,Mhs,Mhs_al,10236,Mediterranean North,300-500,River alluvium,Arable land,Mediterranean-Hills-Sediments-Arable land,149,149,"Mesozoic & Tertiary lowlands and scarpiands, Aquitaine Basin; Southern part; Pyrenean Piedmont (foothills)",130,1033,358,2,4,68,98,85,62,96,78,59,83,68,62,97,78,31,37,34,52,54,52,58,63,61,47,50,48,5,6,5,10,12,11,20,21,20,13,14,13,121,332591,D,Podzoluvisol,Intermediate,F81,F81,F5a,Lowland to submontane types,122,392,43.158259,0.469592,F11-071,0.713033,0.000039,0.712612,0.000011,Tree root,-0.000421,Sand,Aquitaine Basin,Aquitaine Basin [Sand],Mm,Sand_Mm,q1,"sands, cobbles, pebbles, clays",,T,Cenozoic,Quaternary,Lower Pleistocene,"1,75-0,75 Ma",1.75,0.75,sedimentary,"siliceous, aluminous",continental,nulle ou faible,stratification,not applicable,not applicable,not applicable,Indifférencié,Indifférencié,Formations superficielles,Formations superficielles,101,101,T
France_T2.57,57,POINT (0.2703780004443956 43.194407000282865),57,1,70,71,1,56,43.194407,0.270378,F11-072,pq1,0.712485,0.000024,0,0,Grass,0,Sand,Aquitaine Basin,Aquitaine Basin [Sand],10363,10420,10420,415000000,192000,12,9,1,5,M,h,s,ha,Mhs_ha,1200009000110,1,232,M,Mh,Mhs,Mhs_ha,10420,Mediterranean North,300-500,River alluvium,Heterogeneous agric. areas,Mediterranean-Hills-Sediments-Heterogeneous agric. areas,149,149,"Mesozoic & Tertiary lowlands and scarpiands, Aquitaine Basin; Southern part; Pyrenean Piedmont (foothills)",273,719,422,3,5,86,115,98,78,106,88,64,83,67,77,115,89,34,36,34,53,54,53,61,64,62,49,50,49,4,6,5,10,12,11,19,21,20,12,14,13,75,332306,B,Cambisol,Good,F81,F81,F5a,Lowland to submontane types,93,393,43.194407,0.270378,F11-072,0.712485,0.000024,0,0,Grass,0,Sand,Aquitaine Basin,Aquitaine Basin [Sand],Mh,Sand_Mh,pq1,"sands, cobbles, clays",,T,Cenozoic,Quaternary,"Pliocene, Lower Pleistocene","5,30-0,75 Ma",5.3,0.75,sedimentary,"siliceous, aluminous",continental,nulle ou faible,stratification,not applicable,not applicable,not applicable,Indifférencié,Indifférencié,Formations superficielles,Formations superficielles,161,161,T
France_T2.58,58,POINT (-0.0082449997069034 43.28313500008022),58,1,71,72,1,57,43.283135,-0.008245,F11-073,pq1,0.711775,0.000021,0.712129,0.000017,Fern,0.000354,Sand,Aquitaine Basin,Aquitaine Basin [Sand],10311,10317,10317,292000000,158000,12,9,1,2,M,h,s,al,Mhs_al,1200009000100,1,229,M,Mh,Mhs,Mhs_al,10317,Mediterranean North,300-500,River alluvium,Arable land,Mediterranean-Hills-Sediments-Arable land,149,149,"Mesozoic & Tertiary lowlands and scarpiands, Aquitaine Basin; Southern part; Pyrenean Piedmont (foothills)",230,455,351,1,2,87,124,102,77,106,89,63,83,66,85,115,95,32,35,32,53,54,53,61,64,62,48,50,49,4,6,5,10,12,11,19,21,20,12,14,13,37,332722,L,Luvisol,Good,F15,F15,F1a,Lowland to submontane types (Acidophilous oak and mixed oak forests),122,394,43.283135,-0.008245,F11-073,0.711775,0.000021,0.712129,0.000017,Fern,0.000354,Sand,Aquitaine Basin,Aquitaine Basin [Sand],Mh,Sand_Mh,pq1,"sands, cobbles, clays",,T,Cenozoic,Quaternary,"Pliocene, Lower Pleistocene","5,30-0,75 Ma",5.3,0.75,sedimentary,"siliceous, aluminous",continental,nulle ou faible,stratification,not applicable,not applicable,not applicable,Indifférencié,Indifférencié,Formations superficielles,Formations superficielles,161,161,T
France_T2.59,59,POINT (0.1874259999100332 44.17553799957909),59,1,72,73,1,58,44.175538,0.187426,F11-074,m,0.714157,0.000018,0.713052,0.000006,Tree root,-0.001105,Sand,Aquitaine Basin,Aquitaine Basin [Sand],9862,9431,9431,6384000000,1050000,9,6,7,6,A,l,s,fo,Als_fo,900006000706,1,97,A,Al,Als,Als_fo,9431,Lusitanian,50-100,Sands,Forest,Atlantic-Lowland-Sediments-Forest,148,148,"Mesozoic & Tertiary lowlands and scarplands, Aquitaine Basin; Western part; The Landes sand plain",12,163,84,0,0,66,120,87,50,80,57,58,92,68,64,129,82,27,30,28,49,52,50,54,58,55,42,46,43,5,6,5,11,12,11,20,20,20,13,14,13,30,332619,P,Podzol,Marginal,F7,F7,F1a,Lowland to submontane types (Acidophilous oak and mixed oak forests),63,395,44.175538,0.187426,F11-074,0.714157,0.000018,0.713052,0.000006,Tree root,-0.001105,Sand,Aquitaine Basin,Aquitaine Basin [Sand],Mh,Sand_Mh,m,"marls, clays, sands, limestones",,T,Cenozoic,Neogene,Miocene,"23,5-5,30 Ma",23.5,5.3,sedimentary,"siliceous, aluminous, carbonatic","continental, platform",nulle ou faible,stratification,not applicable,not applicable,not applicable,Indifférencié,Indifférencié,basins et Fossés,sediments et volcanics,241,241,T
France_T2.60,60,POINT (-0.0292960001102642 44.29625999989912),60,1,73,74,1,59,44.29626,-0.029296,F11-075,m,0.712101,0.00003,0.711341,0.000009,Tree root,-0.00076,Sand,Aquitaine Basin,Aquitaine Basin [Sand],9862,9431,9431,6384000000,1050000,9,6,7,6,A,l,s,fo,Als_fo,900006000706,1,97,A,Al,Als,Als_fo,9431,Lusitanian,50-100,Sands,Forest,Atlantic-Lowland-Sediments-Forest,148,148,"Mesozoic & Tertiary lowlands and scarplands, Aquitaine Basin; Western part; The Landes sand plain",12,163,84,0,0,66,120,87,50,80,57,58,92,68,64,129,82,27,30,28,49,52,50,54,58,55,42,46,43,5,6,5,11,12,11,20,20,20,13,14,13,30,332619,P,Podzol,Marginal,F7,F7,F1a,Lowland to submontane types (Acidophilous oak and mixed oak forests),63,396,44.29626,-0.029296,F11-075,0.712101,0.00003,0.711341,0.000009,Tree root,-0.00076,Sand,Aquitaine Basin,Aquitaine Basin [Sand],Mh,Sand_Mh,pq1,"sands, cobbles, clays",,T,Cenozoic,Quaternary,"Pliocene, Lower Pleistocene","5,30-0,75 Ma",5.3,0.75,sedimentary,"siliceous, aluminous",continental,nulle ou faible,stratification,not applicable,not applicable,not applicable,Indifférencié,Indifférencié,Formations superficielles,Formations superficielles,161,161,T
France_T2.61,61,POINT (-0.3175609997402944 44.3506889998975),61,1,74,75,1,60,44.350689,-0.317561,F11-076,m,0.710399,0.000047,0.710529,0.000019,Shrub roots,0.00013,Impure carbonate sedimentary rock,Aquitaine Basin,Aquitaine Basin [Impure carbonate sedimentary rock],9862,9431,9431,6384000000,1050000,9,6,7,6,A,l,s,fo,Als_fo,900006000706,1,97,A,Al,Als,Als_fo,9431,Lusitanian,50-100,Sands,Forest,Atlantic-Lowland-Sediments-Forest,148,148,"Mesozoic & Tertiary lowlands and scarplands, Aquitaine Basin; Western part; The Landes sand plain",12,163,84,0,0,66,120,87,50,80,57,58,92,68,64,129,82,27,30,28,49,52,50,54,58,55,42,46,43,5,6,5,11,12,11,20,20,20,13,14,13,30,332619,P,Podzol,Marginal,F7,F7,F1a,Lowland to submontane types (Acidophilous oak and mixed oak forests),63,161,44.350689,-0.317561,F11-076,0.710399,0.000047,0.710529,0.000019,Shrub roots,0.00013,Impure carbonate sedimentary rock,Aquitaine Basin,Aquitaine Basin [Impure carbonate sedimentary rock],Mh,Impure carbonate sedimentary rock_Mh,m,"marls, clays, sands, limestones",,T,Cenozoic,Neogene,Miocene,"23,5-5,30 Ma",23.5,5.3,sedimentary,"siliceous, aluminous, carbonatic","continental, platform",nulle ou faible,stratification,not applicable,not applicable,not applicable,Indifférencié,Indifférencié,basins et Fossés,sediments et volcanics,241,241,T
France_T2.62,62,POINT (-0.1276220000552257 44.70695999970428),62,1,75,76,1,61,44.70696,-0.127622,F11-077,g,0.711836,0.000011,0.71163,0.000008,Tree root,-0.000206,Clay,Aquitaine Basin,Aquitaine Basin [Clay],9491,9488,9488,1215000064,260000,9,6,11,2,A,l,r,al,Alr_al,900006001102,1,84,A,Al,Alr,Alr_al,9488,Lusitanian,50-100,Detrital formations,Arable land,Atlantic-Lowland-Rocks-Arable land,147,147,"Mesozoic & Tertiary lowlands and scarplands, Aquitaine Basin; Northern part",5,174,83,1,2,69,84,77,52,55,53,62,70,65,62,73,66,27,27,27,49,50,49,54,55,54,44,45,44,5,5,5,11,12,11,20,20,20,13,13,13,31,332402,B,Cambisol,Good,G37,G37,G3,"Sub-Mediterranean and meso-supra-Mediterranean downy oak forests, as well as mixe",69,7,44.70696,-0.127622,F11-077,0.711836,0.000011,0.71163,0.000008,Tree root,-0.000206,Clay,Aquitaine Basin,Aquitaine Basin [Clay],Mh,Clay_Mh,g,"marls, clays, limestones, conglomerates",,T,Cenozoic,Paleogene,Oligocene,"33,7-23,5 Ma",33.7,23.5,sedimentary,"siliceous, aluminous, carbonatic","continental, platform",nulle ou faible,stratification,not applicable,not applicable,not applicable,Indifférencié,Indifférencié,basins et Fossés,sediments et volcanics,301,301,T
France_T2.63,63,POINT (0.660140999707437 44.63997299975421),63,1,76,77,1,62,44.639973,0.660141,F11-078,e2,0.712398,0.000012,0.712183,0.000011,Grass,-0.000215,Clay,Aquitaine Basin,Aquitaine Basin [Clay],9661,9637,9637,1680999936,358000,9,6,11,2,A,l,r,al,Alr_al,900006001102,1,84,A,Al,Alr,Alr_al,9637,Lusitanian,50-100,Detrital formations,Arable land,Atlantic-Lowland-Rocks-Arable land,147,147,"Mesozoic & Tertiary lowlands and scarplands, Aquitaine Basin; Northern part",10,211,97,1,2,62,81,71,51,57,52,56,68,61,55,69,62,27,28,27,49,50,49,54,56,55,44,45,44,5,5,5,11,12,11,20,20,20,13,13,13,34,332402,B,Cambisol,Good,G37,G37,G3,"Sub-Mediterranean and meso-supra-Mediterranean downy oak forests, as well as mixe",69,8,44.639973,0.660141,F11-078,0.712398,0.000012,0.712183,0.000011,Grass,-0.000215,Clay,Aquitaine Basin,Aquitaine Basin [Clay],Al,Clay_Al,e2,"marls, clays, limestones, sandstones, conglomerates",,T,Cenozoic,Paleogene,Upper-Middle Eocene,"46,0-33,7 Ma",46,33.7,sedimentary,"siliceous, aluminous, carbonatic","continental, platform",nulle ou faible,stratification,not applicable,not applicable,not applicable,Indifférencié,Indifférencié,basins et Fossés,sediments et volcanics,401,401,T
France_T2.64,64,POINT (1.1328320001966858 44.56389899983901),64,1,77,78,1,63,44.563899,1.132832,F11-079,c2,0.711686,0.000018,0.711339,0.000012,Grass,-0.000347,Impure carbonate sedimentary rock,Aquitaine Basin,Aquitaine Basin [Impure carbonate sedimentary rock],9645,9740,9740,175000000,162000,9,7,11,6,A,h,r,fo,Ahr_fo,900007001106,1,113,A,Ah,Ahr,Ahr_fo,9740,Lusitanian,100-200,Detrital formations,Forest,Atlantic-Hills-Rocks-Forest,147,147,"Mesozoic & Tertiary lowlands and scarplands, Aquitaine Basin; Northern part",81,264,174,2,4,65,72,68,54,59,56,58,66,61,57,65,60,27,27,27,49,50,49,54,55,54,44,45,44,4,5,4,11,12,11,20,20,20,13,13,13,45,332402,B,Cambisol,Good,F7,F7,F1a,Lowland to submontane types (Acidophilous oak and mixed oak forests),79,162,44.563899,1.132832,F11-079,0.711686,0.000018,0.711339,0.000012,Grass,-0.000347,Impure carbonate sedimentary rock,Aquitaine Basin,Aquitaine Basin [Impure carbonate sedimentary rock],Ah,Impure carbonate sedimentary rock_Ah,c2,"limestones, marls, clays, sands",,T,Mesozoic,Cretaceous,Upper Cretaceous,96-65 Ma,96,65,sedimentary,"siliceous, aluminous, carbonatic","platform, basin",nulle ou faible,stratification,not applicable,not applicable,not applicable,Indifférencié,Indifférencié,basins et Fossés,sediments et volcanics,621,621,T
France_T2.65,65,POINT (1.078219999853161 44.540235000345035),65,1,78,79,1,64,44.540235,1.07822,F11-080,c2,0,0,0.712836,0.000024,Grass,0,Impure carbonate sedimentary rock,Aquitaine Basin,Aquitaine Basin [Impure carbonate sedimentary rock],9645,9740,9740,175000000,162000,9,7,11,6,A,h,r,fo,Ahr_fo,900007001106,1,113,A,Ah,Ahr,Ahr_fo,9740,Lusitanian,100-200,Detrital formations,Forest,Atlantic-Hills-Rocks-Forest,147,147,"Mesozoic & Tertiary lowlands and scarplands, Aquitaine Basin; Northern part",81,264,174,2,4,65,72,68,54,59,56,58,66,61,57,65,60,27,27,27,49,50,49,54,55,54,44,45,44,4,5,4,11,12,11,20,20,20,13,13,13,45,332402,B,Cambisol,Good,F7,F7,F1a,Lowland to submontane types (Acidophilous oak and mixed oak forests),79,163,44.540235,1.07822,F11-080,0,0,0.712836,0.000024,Grass,0,Impure carbonate sedimentary rock,Aquitaine Basin,Aquitaine Basin [Impure carbonate sedimentary rock],Ah,Impure carbonate sedimentary rock_Ah,c2,"limestones, marls, clays, sands",,T,Mesozoic,Cretaceous,Upper Cretaceous,96-65 Ma,96,65,sedimentary,"siliceous, aluminous, carbonatic","platform, basin",nulle ou faible,stratification,not applicable,not applicable,not applicable,Indifférencié,Indifférencié,basins et Fossés,sediments et volcanics,621,621,T
France_T2.66,66,POINT (0.7791120002186744 44.32666099980537),66,1,79,80,1,65,44.326661,0.779112,F11-081,g,0.711365,0.000011,0.710325,0.00001,Tree root,-0.00104,Impure carbonate sedimentary rock,Aquitaine Basin,Aquitaine Basin [Impure carbonate sedimentary rock],9804,9828,9828,437000000,174000,9,7,11,5,A,h,r,ha,Ahr_ha,900007001105,1,112,A,Ah,Ahr,Ahr_ha,9828,Lusitanian,100-200,Detrital formations,Heterogeneous agric. areas,Atlantic-Hills-Rocks-Heterogeneous agric. areas,147,147,"Mesozoic & Tertiary lowlands and scarplands, Aquitaine Basin; Northern part",43,245,155,2,4,60,67,63,56,58,57,56,61,57,53,63,56,27,28,27,50,50,50,55,56,55,45,45,45,5,5,5,11,12,11,20,20,20,13,13,13,45,332402,B,Cambisol,Good,G37,G37,G3,"Sub-Mediterranean and meso-supra-Mediterranean downy oak forests, as well as mixe",114,164,44.326661,0.779112,F11-081,0.711365,0.000011,0.710325,0.00001,Tree root,-0.00104,Impure carbonate sedimentary rock,Aquitaine Basin,Aquitaine Basin [Impure carbonate sedimentary rock],Ah,Impure carbonate sedimentary rock_Ah,g,"marls, clays, limestones, conglomerates",,T,Cenozoic,Paleogene,Oligocene,"33,7-23,5 Ma",33.7,23.5,sedimentary,"siliceous, aluminous, carbonatic","continental, platform",nulle ou faible,stratification,not applicable,not applicable,not applicable,Indifférencié,Indifférencié,basins et Fossés,sediments et volcanics,301,301,T
France_T2.67,67,POINT (-0.3690859998189921 45.104450000067516),67,1,80,81,1,66,45.10445,-0.369086,F11-082,q3,0.712035,0.000022,0.711246,0.000015,Grass,-0.000789,Sand,Aquitaine Basin,Aquitaine Basin [Sand],9272,9207,9207,1210000000,414000,9,6,9,6,A,l,s,fo,Als_fo,900006000906,1,97,A,Al,Als,Als_fo,9207,Lusitanian,50-100,Soft loam,Forest,Atlantic-Lowland-Sediments-Forest,147,147,"Mesozoic & Tertiary lowlands and scarplands, Aquitaine Basin; Northern part",0,153,63,0,1,82,85,83,48,53,49,58,64,61,70,84,76,27,28,27,49,50,49,53,54,53,43,44,43,5,6,5,12,12,12,20,20,20,13,14,13,27,332573,L,Luvisol,Good,F7,F7,F1a,Lowland to submontane types (Acidophilous oak and mixed oak forests),63,397,45.10445,-0.369086,F11-082,0.712035,0.000022,0.711246,0.000015,Grass,-0.000789,Sand,Aquitaine Basin,Aquitaine Basin [Sand],Al,Sand_Al,q3,"sands, clays, gravels, pebbles",,T,Cenozoic,Quaternary,Holocene,"0,01-0,00 Ma",0.01,0,sedimentary,"siliceous, aluminous",continental,nulle ou faible,stratification,not applicable,not applicable,not applicable,Indifférencié,Indifférencié,Formations superficielles,Formations superficielles,1,1,T
France_T2.68,68,POINT (-0.4534560000942633 45.16469899955922),68,1,81,82,1,67,45.164699,-0.453456,F11-083,e2,0.712742,0.000014,0.712807,0.000006,Tree root,0.000065,Impure carbonate sedimentary rock,Aquitaine Basin,Aquitaine Basin [Impure carbonate sedimentary rock],9272,9207,9207,1210000000,414000,9,6,9,6,A,l,s,fo,Als_fo,900006000906,1,97,A,Al,Als,Als_fo,9207,Lusitanian,50-100,Soft loam,Forest,Atlantic-Lowland-Sediments-Forest,147,147,"Mesozoic & Tertiary lowlands and scarplands, Aquitaine Basin; Northern part",0,153,63,0,1,82,85,83,48,53,49,58,64,61,70,84,76,27,28,27,49,50,49,53,54,53,43,44,43,5,6,5,12,12,12,20,20,20,13,14,13,27,332573,L,Luvisol,Good,F7,F7,F1a,Lowland to submontane types (Acidophilous oak and mixed oak forests),63,165,45.164699,-0.453456,F11-083,0.712742,0.000014,0.712807,0.000006,Tree root,0.000065,Impure carbonate sedimentary rock,Aquitaine Basin,Aquitaine Basin [Impure carbonate sedimentary rock],Al,Impure carbonate sedimentary rock_Al,e2,"marls, clays, limestones, sandstones, conglomerates",,T,Cenozoic,Paleogene,Upper-Middle Eocene,"46,0-33,7 Ma",46,33.7,sedimentary,"siliceous, aluminous, carbonatic","continental, platform",nulle ou faible,stratification,not applicable,not applicable,not applicable,Indifférencié,Indifférencié,basins et Fossés,sediments et volcanics,401,401,T
France_T2.69,69,POINT (-0.2257319999317815 46.069245999703185),69,1,82,83,1,68,46.069246,-0.225732,F11-084,j3,0.707845,0.000013,0.707733,0.000008,Moss,-0.000112,Impure carbonate sedimentary rock,Aquitaine Basin,Aquitaine Basin [Impure carbonate sedimentary rock],9031,8778,8778,1796000000,734000,9,6,4,2,A,l,r,al,Alr_al,900006000402,1,84,A,Al,Alr,Alr_al,8778,Lusitanian,50-100,Calcereous rocks,Arable land,Atlantic-Lowland-Rocks-Arable land,147,147,"Mesozoic & Tertiary lowlands and scarplands, Aquitaine Basin; Northern part",16,171,91,0,1,75,86,81,48,53,50,53,61,56,68,78,74,26,27,26,49,50,49,52,53,52,42,44,43,4,5,4,10,11,10,19,20,19,12,13,12,28,332446,B,Cambisol,Good,G37,G37,G3,"Sub-Mediterranean and meso-supra-Mediterranean downy oak forests, as well as mixe",69,166,46.069246,-0.225732,F11-084,0.707845,0.000013,0.707733,0.000008,Moss,-0.000112,Impure carbonate sedimentary rock,Aquitaine Basin,Aquitaine Basin [Impure carbonate sedimentary rock],Al,Impure carbonate sedimentary rock_Al,j3,"marls, limestones, clays",,T,Mesozoic,Jurassic,Upper Jurassic,154-135 Ma,154,135,sedimentary,"aluminous, carbonatic",continental shelf,nulle ou faible,stratification,not applicable,not applicable,not applicable,Indifférencié,Indifférencié,basins et Fossés,sediments et volcanics,761,761,T
France_T2.70,70,POINT (0.0995930000169665 46.129291999726036),70,1,83,84,1,69,46.129292,0.099593,F11-085,j2,0.709975,0.000013,0.709884,0.000011,Ivy,-0.000091,Limestone,Aquitaine Basin,Aquitaine Basin [Limestone],9057,8717,8717,3252000000,1026000,9,7,5,2,A,h,s,al,Ahs_al,900007000502,1,118,A,Ah,Ahs,Ahs_al,8717,Lusitanian,100-200,Soft clayey materials,Arable land,Atlantic-Hills-Sediments-Arable land,147,147,"Mesozoic & Tertiary lowlands and scarplands, Aquitaine Basin; Northern part",16,311,123,0,1,73,94,84,49,63,53,54,69,59,67,77,71,26,27,26,48,50,49,50,53,51,42,44,43,4,5,4,10,12,10,18,20,19,12,13,12,36,332522,L,Luvisol,Good,G37,G37,G3,"Sub-Mediterranean and meso-supra-Mediterranean downy oak forests, as well as mixe",102,247,46.129292,0.099593,F11-085,0.709975,0.000013,0.709884,0.000011,Ivy,-0.000091,Limestone,Aquitaine Basin,Aquitaine Basin [Limestone],Al,Limestone_Al,j2,"limestones, marls",,T,Mesozoic,Jurassic,Middle Jurassic,175-154 Ma,175,154,sedimentary,carbonatic,continental shelf,nulle ou faible,stratification,not applicable,not applicable,not applicable,Indifférencié,Indifférencié,basins et Fossés,sediments et volcanics,801,801,T
France_T2.71,71,POINT (0.1252539998722568 46.128572999844096),71,1,84,85,1,70,46.128573,0.125254,F11-086,j2,0.712075,0.000023,0.712213,0.000009,Grass,0.000138,Impure carbonate sedimentary rock,Aquitaine Basin,Aquitaine Basin [Impure carbonate sedimentary rock],9057,8717,8717,3252000000,1026000,9,7,5,2,A,h,s,al,Ahs_al,900007000502,1,118,A,Ah,Ahs,Ahs_al,8717,Lusitanian,100-200,Soft clayey materials,Arable land,Atlantic-Hills-Sediments-Arable land,147,147,"Mesozoic & Tertiary lowlands and scarplands, Aquitaine Basin; Northern part",16,311,123,0,1,73,94,84,49,63,53,54,69,59,67,77,71,26,27,26,48,50,49,50,53,51,42,44,43,4,5,4,10,12,10,18,20,19,12,13,12,36,332522,L,Luvisol,Good,G37,G37,G3,"Sub-Mediterranean and meso-supra-Mediterranean downy oak forests, as well as mixe",102,167,46.128573,0.125254,F11-086,0.712075,0.000023,0.712213,0.000009,Grass,0.000138,Impure carbonate sedimentary rock,Aquitaine Basin,Aquitaine Basin [Impure carbonate sedimentary rock],Ah,Impure carbonate sedimentary rock_Ah,j2,"limestones, marls",,T,Mesozoic,Jurassic,Middle Jurassic,175-154 Ma,175,154,sedimentary,carbonatic,continental shelf,nulle ou faible,stratification,not applicable,not applicable,not applicable,Indifférencié,Indifférencié,basins et Fossés,sediments et volcanics,801,801,T
France_T2.72,72,POINT (1.0837820000393208 46.74007200012278),72,1,86,87,1,71,46.740072,1.083782,F11-088,e2,0.717186,0.000007,0,0,Grass,0,Sand,Paris Basin,Paris Basin [Sand],8813,8643,8643,2627000064,526000,7,7,9,4,A,h,s,pa,Ahs_pa,700007000904,1,120,A,Ah,Ahs,Ahs_pa,8643,Atlantic Central,100-200,Soft loam,Pastures,Atlantic-Hills-Sediments-Pastures,140,140,"Mesozoic & Tertiary lowlands and scarplands, Paris Basin; Poitou, Anjou, Touraine & Berry",70,248,138,0,1,63,76,70,47,57,51,49,69,60,61,75,68,25,26,25,47,49,47,50,52,50,41,42,41,4,4,4,10,10,10,18,19,18,12,12,12,29,332553,L,Luvisol,Good,F5,F5,F1a,Lowland to submontane types (Acidophilous oak and mixed oak forests),105,416,46.740072,1.083782,F11-088,0.717186,0.000007,0,0,Grass,0,Sand,Paris Basin,Paris Basin [Sand],Ah,Sand_Ah,e2,"limestones, sands, gypsum, marls, clays",,T,Cenozoic,Paleogene,Upper-Middle Eocene,"46,0-33,7 Ma",46,33.7,sedimentary,"aluminous, carbonatic, saliferous","continental, platform",nulle ou faible,stratification,not applicable,not applicable,not applicable,Indifférencié,Indifférencié,basins et Fossés,sediments et volcanics,401,401,T
France_T2.73,73,POINT (0.8791849997879808 46.584952999981),73,1,87,88,1,72,46.584953,0.879185,F11-089,j2,0.710067,0.000013,0.710737,0.000014,Grass,0.00067,Limestone,Paris Basin,Paris Basin [Limestone],8813,8643,8643,2627000064,526000,7,7,9,4,A,h,s,pa,Ahs_pa,700007000904,1,120,A,Ah,Ahs,Ahs_pa,8643,Atlantic Central,100-200,Soft loam,Pastures,Atlantic-Hills-Sediments-Pastures,140,140,"Mesozoic & Tertiary lowlands and scarplands, Paris Basin; Poitou, Anjou, Touraine & Berry",70,248,138,0,1,63,76,70,47,57,51,49,69,60,61,75,68,25,26,25,47,49,47,50,52,50,41,42,41,4,4,4,10,10,10,18,19,18,12,12,12,29,332553,L,Luvisol,Good,F5,F5,F1a,Lowland to submontane types (Acidophilous oak and mixed oak forests),105,266,46.584953,0.879185,F11-089,0.710067,0.000013,0.710737,0.000014,Grass,0.00067,Limestone,Paris Basin,Paris Basin [Limestone],Ah,Limestone_Ah,j2,"limestones, marls",,T,Mesozoic,Jurassic,Middle Jurassic,175-154 Ma,175,154,sedimentary,carbonatic,continental shelf,nulle ou faible,stratification,not applicable,not applicable,not applicable,Indifférencié,Indifférencié,basins et Fossés,sediments et volcanics,801,801,T
France_T2.74,74,POINT (0.683157999941784 46.769507999594566),74,1,88,89,1,73,46.769508,0.683158,F11-090,e2,0.711865,0.000013,0.711848,0.000011,Grass,-0.000017,Impure carbonate sedimentary rock,Paris Basin,Paris Basin [Impure carbonate sedimentary rock],8646,8599,8599,718000000,144000,7,7,4,2,A,h,r,al,Ahr_al,700007000402,1,109,A,Ah,Ahr,Ahr_al,8599,Atlantic Central,100-200,Calcereous rocks,Arable land,Atlantic-Hills-Rocks-Arable land,140,140,"Mesozoic & Tertiary lowlands and scarplands, Paris Basin; Poitou, Anjou, Touraine & Berry",44,144,116,1,1,60,70,64,46,50,47,49,57,51,58,66,62,25,26,25,48,49,48,50,50,50,41,42,41,4,4,4,10,10,10,19,19,19,12,12,12,24,332395,B,Cambisol,Good,F5,F5,F1a,Lowland to submontane types (Acidophilous oak and mixed oak forests),61,196,46.769508,0.683158,F11-090,0.711865,0.000013,0.711848,0.000011,Grass,-0.000017,Impure carbonate sedimentary rock,Paris Basin,Paris Basin [Impure carbonate sedimentary rock],Ah,Impure carbonate sedimentary rock_Ah,e2,"limestones, sands, gypsum, marls, clays",,T,Cenozoic,Paleogene,Upper-Middle Eocene,"46,0-33,7 Ma",46,33.7,sedimentary,"aluminous, carbonatic, saliferous","continental, platform",nulle ou faible,stratification,not applicable,not applicable,not applicable,Indifférencié,Indifférencié,basins et Fossés,sediments et volcanics,401,401,T
France_T2.75,75,POINT (0.571523999632916 46.812462000121286),75,1,89,90,1,74,46.812462,0.571524,F11-091,c2,0.710621,0.000013,0,0,Grass,0,Limestone,Paris Basin,Paris Basin [Limestone],8646,8599,8599,718000000,144000,7,7,4,2,A,h,r,al,Ahr_al,700007000402,1,109,A,Ah,Ahr,Ahr_al,8599,Atlantic Central,100-200,Calcereous rocks,Arable land,Atlantic-Hills-Rocks-Arable land,140,140,"Mesozoic & Tertiary lowlands and scarplands, Paris Basin; Poitou, Anjou, Touraine & Berry",44,144,116,1,1,60,70,64,46,50,47,49,57,51,58,66,62,25,26,25,48,49,48,50,50,50,41,42,41,4,4,4,10,10,10,19,19,19,12,12,12,24,332395,B,Cambisol,Good,F5,F5,F1a,Lowland to submontane types (Acidophilous oak and mixed oak forests),61,267,46.812462,0.571524,F11-091,0.710621,0.000013,0,0,Grass,0,Limestone,Paris Basin,Paris Basin [Limestone],Ah,Limestone_Ah,c2,"chalks, limestones, marls, tufa (limestone), sands",,T,Mesozoic,Cretaceous,Upper Cretaceous,96-65 Ma,96,65,sedimentary,"siliceous, aluminous, carbonatic",continental shelf,nulle ou faible,stratification,not applicable,not applicable,not applicable,Indifférencié,Indifférencié,basins et Fossés,sediments et volcanics,621,621,T
France_T2.76,76,POINT (0.3574999999250963 46.80123600044112),76,1,90,91,1,75,46.801236,0.3575,F11-092,c2,0.707999,0.000011,0.708256,0.000009,Ivy,0.000257,Impure carbonate sedimentary rock,Paris Basin,Paris Basin [Impure carbonate sedimentary rock],8603,8475,8475,2926000128,498000,9,6,4,2,A,l,r,al,Alr_al,900006000402,1,84,A,Al,Alr,Alr_al,8475,Lusitanian,50-100,Calcereous rocks,Arable land,Atlantic-Lowland-Rocks-Arable land,140,140,"Mesozoic & Tertiary lowlands and scarplands, Paris Basin; Poitou, Anjou, Touraine & Berry",30,173,93,0,1,55,81,64,40,53,45,47,55,49,52,68,59,25,27,26,49,50,49,50,51,50,40,44,41,4,4,4,10,11,10,18,19,18,12,12,12,28,330441,E,Rendzina,Marginal,G37,G37,G3,"Sub-Mediterranean and meso-supra-Mediterranean downy oak forests, as well as mixe",69,197,46.801236,0.3575,F11-092,0.707999,0.000011,0.708256,0.000009,Ivy,0.000257,Impure carbonate sedimentary rock,Paris Basin,Paris Basin [Impure carbonate sedimentary rock],Ah,Impure carbonate sedimentary rock_Ah,c2,"chalks, limestones, marls, tufa (limestone), sands",,T,Mesozoic,Cretaceous,Upper Cretaceous,96-65 Ma,96,65,sedimentary,"siliceous, aluminous, carbonatic",continental shelf,nulle ou faible,stratification,not applicable,not applicable,not applicable,Indifférencié,Indifférencié,basins et Fossés,sediments et volcanics,621,621,T
France_T2.77,77,POINT (0.6722179999607647 47.187203000018485),77,1,91,92,1,76,47.187203,0.672218,F11-093,m,0.712674,0.00002,0.712547,0.000009,Tree root,-0.000127,Sand,Paris Basin,Paris Basin [Sand],8442,8482,8482,507000000,168000,7,7,9,2,A,h,s,al,Ahs_al,700007000902,1,118,A,Ah,Ahs,Ahs_al,8482,Atlantic Central,100-200,Soft loam,Arable land,Atlantic-Hills-Sediments-Arable land,140,140,"Mesozoic & Tertiary lowlands and scarplands, Paris Basin; Poitou, Anjou, Touraine & Berry",55,128,104,0,0,58,65,63,43,47,46,49,55,51,55,62,60,25,25,25,48,49,48,49,50,49,39,41,40,4,4,4,10,11,10,19,19,19,12,12,12,11,332549,L,Luvisol,Good,F5,F5,F1a,Lowland to submontane types (Acidophilous oak and mixed oak forests),102,417,47.187203,0.672218,F11-093,0.712674,0.00002,0.712547,0.000009,Tree root,-0.000127,Sand,Paris Basin,Paris Basin [Sand],Ah,Sand_Ah,m,"sands, marls, clays",,T,Cenozoic,Neogene,Miocene,"23,5-5,30 Ma",23.5,5.3,sedimentary,"siliceous, aluminous, carbonatic",continental,nulle ou faible,stratification,not applicable,not applicable,not applicable,Indifférencié,Indifférencié,basins et Fossés,sediments et volcanics,241,244,dépôts continentaux (basins de Paris et d'Aquitaine ou du Massif Armoricain) - T
France_T2.78,78,POINT (0.5839420003230771 47.59161600037817),78,1,92,93,1,77,47.591616,0.583942,F11-094,c2,0.711469,0.000014,0.71192,0.000012,Grass,0.000451,Impure carbonate sedimentary rock,Paris Basin,Paris Basin [Impure carbonate sedimentary rock],8211,7822,7822,2199000064,1294000,9,6,4,4,A,l,r,pa,Alr_pa,900006000404,1,86,A,Al,Alr,Alr_pa,7822,Lusitanian,50-100,Calcereous rocks,Pastures,Atlantic-Lowland-Rocks-Pastures,139,139,"Mesozoic & Tertiary lowlands and scarplands, Paris Basin; East Normandy, Perche & Maine",12,280,71,0,1,58,87,69,43,57,48,55,73,60,56,79,63,24,26,25,48,51,50,49,51,49,37,41,39,3,4,3,9,11,9,17,19,18,11,12,11,39,330343,J,Fluvisol,Hydromorphic,U25,U25,U1,Flood-plain vegetation and moist lowland forests,79,198,47.591616,0.583942,F11-094,0.711469,0.000014,0.71192,0.000012,Grass,0.000451,Impure carbonate sedimentary rock,Paris Basin,Paris Basin [Impure carbonate sedimentary rock],Al,Impure carbonate sedimentary rock_Al,c2,"chalks, limestones, marls, tufa (limestone), sands",,T,Mesozoic,Cretaceous,Upper Cretaceous,96-65 Ma,96,65,sedimentary,"siliceous, aluminous, carbonatic",continental shelf,nulle ou faible,stratification,not applicable,not applicable,not applicable,Indifférencié,Indifférencié,basins et Fossés,sediments et volcanics,621,621,T
France_T2.79,79,POINT (0.4312400001259675 48.158649999697786),79,1,93,94,1,78,48.15865,0.43124,F11-095,c2,0.707875,0.000013,0.707792,0.00001,Grass,-0.000083,Limestone,Paris Basin,Paris Basin [Limestone],8016,7923,7923,855000000,318000,7,6,9,5,A,l,s,ha,Als_ha,700006000905,1,96,A,Al,Als,Als_ha,7923,Atlantic Central,50-100,Soft loam,Heterogeneous agric. areas,Atlantic-Lowland-Sediments-Heterogeneous agric. areas,139,139,"Mesozoic & Tertiary lowlands and scarplands, Paris Basin; East Normandy, Perche & Maine",39,186,91,0,1,68,77,72,47,51,48,59,65,61,62,68,65,24,26,24,49,51,49,48,50,49,38,40,38,3,4,3,9,10,9,17,18,17,11,12,11,30,332549,L,Luvisol,Good,F4,F4,F1a,Lowland to submontane types (Acidophilous oak and mixed oak forests),166,268,48.15865,0.43124,F11-095,0.707875,0.000013,0.707792,0.00001,Grass,-0.000083,Limestone,Paris Basin,Paris Basin [Limestone],Al,Limestone_Al,c2,flint clays,,T,Mesozoic,Cretaceous,Upper Cretaceous,96-65 Ma,96,65,sedimentary,"siliceous, aluminous",continental,nulle ou faible,stratification,not applicable,not applicable,not applicable,Indifférencié,Indifférencié,basins et Fossés,sediments et volcanics,621,622,flint clays - T
France_T2.80,80,POINT (0.3394260001098814 48.3552770002334),80,1,94,95,1,79,48.355277,0.339426,F11-096,j2,0.708102,0.000016,0.707872,0.000009,Grass,-0.00023,Limestone,Paris Basin,Paris Basin [Limestone],7974,7567,7567,2608999936,936000,7,7,4,2,A,h,r,al,Ahr_al,700007000402,1,109,A,Ah,Ahr,Ahr_al,7567,Atlantic Central,100-200,Calcereous rocks,Arable land,Atlantic-Hills-Rocks-Arable land,139,139,"Mesozoic & Tertiary lowlands and scarplands, Paris Basin; East Normandy, Perche & Maine",49,290,147,1,2,69,98,80,47,64,52,59,83,65,64,95,70,23,26,23,47,50,48,46,50,47,36,38,37,3,4,3,8,10,9,16,18,17,11,12,11,48,332389,B,Cambisol,Good,F106,F106,F5a,Lowland to submontane types,61,269,48.355277,0.339426,F11-096,0.708102,0.000016,0.707872,0.000009,Grass,-0.00023,Limestone,Paris Basin,Paris Basin [Limestone],Ah,Limestone_Ah,j2,"limestones, marls",,T,Mesozoic,Jurassic,Middle Jurassic,175-154 Ma,175,154,sedimentary,carbonatic,continental shelf,nulle ou faible,stratification,not applicable,not applicable,not applicable,Indifférencié,Indifférencié,basins et Fossés,sediments et volcanics,801,801,T
France_T2.81,81,POINT (0.3304249996140811 48.649371999818015),81,1,95,96,1,80,48.649372,0.330425,F11-097,j2,0.708747,0.000016,0.709304,0.000011,Ivy,0.000557,Limestone,Paris Basin,Paris Basin [Limestone],7650,7449,7449,1140000000,484000,7,7,4,4,A,h,r,pa,Ahr_pa,700007000404,1,111,A,Ah,Ahr,Ahr_pa,7449,Atlantic Central,100-200,Calcereous rocks,Pastures,Atlantic-Hills-Rocks-Pastures,139,139,"Mesozoic & Tertiary lowlands and scarplands, Paris Basin; East Normandy, Perche & Maine",23,311,176,1,3,67,86,76,46,56,50,61,69,64,69,76,71,23,24,23,47,49,47,46,49,47,36,37,36,3,4,3,8,9,8,16,17,16,11,12,11,49,332389,B,Cambisol,Good,F106,F106,F5a,Lowland to submontane types,71,270,48.649372,0.330425,F11-097,0.708747,0.000016,0.709304,0.000011,Ivy,0.000557,Limestone,Paris Basin,Paris Basin [Limestone],Ah,Limestone_Ah,j2,"limestones, marls",,T,Mesozoic,Jurassic,Middle Jurassic,175-154 Ma,175,154,sedimentary,carbonatic,continental shelf,nulle ou faible,stratification,not applicable,not applicable,not applicable,Indifférencié,Indifférencié,basins et Fossés,sediments et volcanics,801,801,T
France_T2.82,82,POINT (1.230670000120483 48.614369999975565),82,1,96,97,1,81,48.61437,1.23067,F11-099,c2,0.712118,0.000018,0,0,Grass,0,Clay,Paris Basin,Paris Basin [Clay],7865,7523,7523,3155000064,890000,7,7,9,2,A,h,s,al,Ahs_al,700007000902,1,118,A,Ah,Ahs,Ahs_al,7523,Atlantic Central,100-200,Soft loam,Arable land,Atlantic-Hills-Sediments-Arable land,139,139,"Mesozoic & Tertiary lowlands and scarplands, Paris Basin; East Normandy, Perche & Maine",7,256,138,0,1,48,99,62,37,59,43,49,75,58,49,91,60,22,23,22,46,48,46,43,47,45,35,37,36,3,3,3,9,10,9,17,18,17,11,11,11,33,330551,B,Cambisol,Good,F106,F106,F5a,Lowland to submontane types,102,19,48.61437,1.23067,F11-099,0.712118,0.000018,0,0,Grass,0,Clay,Paris Basin,Paris Basin [Clay],Ah,Clay_Ah,c2,flint clays,,T,Mesozoic,Cretaceous,Upper Cretaceous,96-65 Ma,96,65,sedimentary,"siliceous, aluminous",continental,nulle ou faible,stratification,not applicable,not applicable,not applicable,Indifférencié,Indifférencié,basins et Fossés,sediments et volcanics,621,622,flint clays - T
France_T2.83,83,POINT (0.8846950002740641 48.44614099960751),83,1,97,98,1,82,48.446141,0.884695,F11-100,c2,0.710803,0.00002,0.710572,0.000011,Moss,-0.000231,Impure carbonate sedimentary rock,Paris Basin,Paris Basin [Impure carbonate sedimentary rock],8123,7863,7863,5085000192,1260000,7,7,9,2,A,h,s,al,Ahs_al,700007000902,1,118,A,Ah,Ahs,Ahs_al,7863,Atlantic Central,100-200,Soft loam,Arable land,Atlantic-Hills-Sediments-Arable land,139,139,"Mesozoic & Tertiary lowlands and scarplands, Paris Basin; East Normandy, Perche & Maine",64,280,162,0,1,49,97,64,39,58,46,55,75,60,49,87,60,23,25,23,46,49,47,46,50,47,37,39,37,3,4,3,9,10,9,17,19,17,10,12,11,34,332456,L,Luvisol,Good,F34,F34,F3,Mixed oak-hornbeam forests,102,199,48.446141,0.884695,F11-100,0.710803,0.00002,0.710572,0.000011,Moss,-0.000231,Impure carbonate sedimentary rock,Paris Basin,Paris Basin [Impure carbonate sedimentary rock],Ah,Impure carbonate sedimentary rock_Ah,c2,"chalks, limestones, marls, tufa (limestone), sands",,T,Mesozoic,Cretaceous,Upper Cretaceous,96-65 Ma,96,65,sedimentary,"siliceous, aluminous, carbonatic",continental shelf,nulle ou faible,stratification,not applicable,not applicable,not applicable,Indifférencié,Indifférencié,basins et Fossés,sediments et volcanics,621,621,T
France_T2.84,84,POINT (-0.012005999577184 48.89798600015382),84,1,98,99,1,83,48.897986,-0.012006,F11-101,j2,0.708752,0.000013,0.70876,0.000007,Grass,0.000008,Limestone,Paris Basin,Paris Basin [Limestone],7542,7332,7332,1156999936,584000,7,6,4,2,A,l,r,al,Alr_al,700006000402,1,84,A,Al,Alr,Alr_al,7332,Atlantic Central,50-100,Calcereous rocks,Arable land,Atlantic-Lowland-Rocks-Arable land,139,139,"Mesozoic & Tertiary lowlands and scarplands, Paris Basin; East Normandy, Perche & Maine",0,252,61,1,1,63,93,74,45,59,50,57,77,64,69,95,76,24,27,25,48,49,48,47,50,48,36,37,36,3,5,4,8,9,8,16,17,16,11,12,11,36,330607,B,Cambisol,Good,F106,F106,F5a,Lowland to submontane types,69,271,48.897986,-0.012006,F11-101,0.708752,0.000013,0.70876,0.000007,Grass,0.000008,Limestone,Paris Basin,Paris Basin [Limestone],Al,Limestone_Al,j2,"limestones, marls",,T,Mesozoic,Jurassic,Middle Jurassic,175-154 Ma,175,154,sedimentary,carbonatic,continental shelf,nulle ou faible,stratification,not applicable,not applicable,not applicable,Indifférencié,Indifférencié,basins et Fossés,sediments et volcanics,801,801,T
France_T2.85,85,POINT (-0.4401139999610564 49.2710979995731),85,1,99,100,1,84,49.271098,-0.440114,F11-102,j2,0.708573,0.000013,0.708753,0.000013,Ivy,0.00018,Limestone,Paris Basin,Paris Basin [Limestone],7542,7332,7332,1156999936,584000,7,6,4,2,A,l,r,al,Alr_al,700006000402,1,84,A,Al,Alr,Alr_al,7332,Atlantic Central,50-100,Calcereous rocks,Arable land,Atlantic-Lowland-Rocks-Arable land,139,139,"Mesozoic & Tertiary lowlands and scarplands, Paris Basin; East Normandy, Perche & Maine",0,252,61,1,1,63,93,74,45,59,50,57,77,64,69,95,76,24,27,25,48,49,48,47,50,48,36,37,36,3,5,4,8,9,8,16,17,16,11,12,11,36,330607,B,Cambisol,Good,F106,F106,F5a,Lowland to submontane types,69,272,49.271098,-0.440114,F11-102,0.708573,0.000013,0.708753,0.000013,Ivy,0.00018,Limestone,Paris Basin,Paris Basin [Limestone],Al,Limestone_Al,j2,"limestones, marls",,T,Mesozoic,Jurassic,Middle Jurassic,175-154 Ma,175,154,sedimentary,carbonatic,continental shelf,nulle ou faible,stratification,not applicable,not applicable,not applicable,Indifférencié,Indifférencié,basins et Fossés,sediments et volcanics,801,801,T
France_T2.86,86,POINT (0.6053459999180291 49.08807699965388),86,1,100,101,1,85,49.088077,0.605346,F11-103,q3,0.710685,0.000029,0.711024,0.000007,Grass,0.000339,Sand,Paris Basin,Paris Basin [Sand],7860,7402,7402,2299000064,942000,7,7,9,4,A,h,s,pa,Ahs_pa,700007000904,1,120,A,Ah,Ahs,Ahs_pa,7402,Atlantic Central,100-200,Soft loam,Pastures,Atlantic-Hills-Sediments-Pastures,139,139,"Mesozoic & Tertiary lowlands and scarplands, Paris Basin; East Normandy, Perche & Maine",35,324,197,1,1,68,99,83,47,59,53,62,75,68,69,91,76,23,24,23,47,49,47,45,48,46,36,37,36,3,4,3,8,9,8,17,18,17,10,12,10,53,332754,D,Podzoluvisol,Intermediate,F76,F76,F5a,Lowland to submontane types,105,418,49.088077,0.605346,F11-103,0.710685,0.000029,0.711024,0.000007,Grass,0.000339,Sand,Paris Basin,Paris Basin [Sand],Ah,Sand_Ah,q3,"sands, clays, gravels, pebbles",,T,Cenozoic,Quaternary,Holocene,"0,01-0,00 Ma",0.01,0,sedimentary,"siliceous, aluminous",continental,nulle ou faible,stratification,not applicable,not applicable,not applicable,Indifférencié,Indifférencié,Formations superficielles,Formations superficielles,1,1,T
France_T2.87,87,POINT (0.6731299997497331 49.75557799962502),87,1,101,102,1,86,49.755578,0.67313,F11-104,c2,0.711124,0.000021,0,0,Moss,0,Impure carbonate sedimentary rock,Paris Basin,Paris Basin [Impure carbonate sedimentary rock],7172,7218,7218,108000000,82000,7,7,4,2,A,h,r,al,Ahr_al,700007000402,1,109,A,Ah,Ahr,Ahr_al,7218,Atlantic Central,100-200,Calcereous rocks,Arable land,Atlantic-Hills-Rocks-Arable land,139,139,"Mesozoic & Tertiary lowlands and scarplands, Paris Basin; East Normandy, Perche & Maine",5,141,91,2,3,95,100,98,58,62,60,81,83,82,89,95,92,23,23,23,45,46,45,44,45,44,35,35,35,4,4,4,8,8,8,17,17,17,11,12,11,29,330453,E,Rendzina,Marginal,F106,F106,F5a,Lowland to submontane types,61,200,49.755578,0.67313,F11-104,0.711124,0.000021,0,0,Moss,0,Impure carbonate sedimentary rock,Paris Basin,Paris Basin [Impure carbonate sedimentary rock],Ah,Impure carbonate sedimentary rock_Ah,c2,"chalks, limestones, marls, tufa (limestone), sands",,T,Mesozoic,Cretaceous,Upper Cretaceous,96-65 Ma,96,65,sedimentary,"siliceous, aluminous, carbonatic",continental shelf,nulle ou faible,stratification,not applicable,not applicable,not applicable,Indifférencié,Indifférencié,basins et Fossés,sediments et volcanics,621,621,T
France_T2.88,88,POINT (1.586080999838316 49.565045000426494),88,1,102,103,1,87,49.565045,1.586081,F11-105,c1,0.713741,0.00007,0.713122,0.000017,Grass,-0.000619,Sandstone,Paris Basin,Paris Basin [Sandstone],7716,7220,7220,3672999936,2240000,7,7,4,4,A,h,r,pa,Ahr_pa,700007000404,1,111,A,Ah,Ahr,Ahr_pa,7220,Atlantic Central,100-200,Calcereous rocks,Pastures,Atlantic-Hills-Rocks-Pastures,139,139,"Mesozoic & Tertiary lowlands and scarplands, Paris Basin; East Normandy, Perche & Maine",1,264,98,2,3,49,97,77,37,59,49,49,80,69,50,91,73,22,24,22,44,48,45,42,47,43,35,37,35,3,4,3,8,9,8,16,18,16,10,12,11,58,330453,E,Rendzina,Marginal,F106,F106,F5a,Lowland to submontane types,71,443,49.565045,1.586081,F11-105,0.713741,0.00007,0.713122,0.000017,Grass,-0.000619,Sandstone,Paris Basin,Paris Basin [Sandstone],Ah,Sandstone_Ah,c1,"marls, clays, gaizes, sands",,T,Mesozoic,Cretaceous,Lower Cretaceous,135-96 Ma,135,96,sedimentary,"siliceous, aluminous, carbonatic",continental shelf,nulle ou faible,stratification,not applicable,not applicable,not applicable,Indifférencié,Indifférencié,basins et Fossés,sediments et volcanics,701,701,T
France_T2.89,89,POINT (1.6794000000100482 49.57044700042877),89,1,103,104,1,88,49.570447,1.6794,F11-106,j3,0.707761,0.000011,0.708406,0.000017,Grass,0.000645,Impure carbonate sedimentary rock,Paris Basin,Paris Basin [Impure carbonate sedimentary rock],7716,7220,7220,3672999936,2240000,7,7,4,4,A,h,r,pa,Ahr_pa,700007000404,1,111,A,Ah,Ahr,Ahr_pa,7220,Atlantic Central,100-200,Calcereous rocks,Pastures,Atlantic-Hills-Rocks-Pastures,139,139,"Mesozoic & Tertiary lowlands and scarplands, Paris Basin; East Normandy, Perche & Maine",1,264,98,2,3,49,97,77,37,59,49,49,80,69,50,91,73,22,24,22,44,48,45,42,47,43,35,37,35,3,4,3,8,9,8,16,18,16,10,12,11,58,330453,E,Rendzina,Marginal,F106,F106,F5a,Lowland to submontane types,71,201,49.570447,1.6794,F11-106,0.707761,0.000011,0.708406,0.000017,Grass,0.000645,Impure carbonate sedimentary rock,Paris Basin,Paris Basin [Impure carbonate sedimentary rock],Ah,Impure carbonate sedimentary rock_Ah,j3,"marls, limestones, clays, sands",,T,Mesozoic,Jurassic,Upper Jurassic,154-135 Ma,154,135,sedimentary,"siliceous, aluminous, carbonatic",continental shelf,nulle ou faible,stratification,not applicable,not applicable,not applicable,Indifférencié,Indifférencié,basins et Fossés,sediments et volcanics,761,761,T
France_T2.90,90,POINT (2.313851000223508 50.3368869998352),90,1,104,105,1,89,50.336887,2.313851,F11-107,c2,0.707873,0.000012,0.708007,0.000012,Roots,0.000134,Limestone,Paris Basin,Paris Basin [Limestone],7079,6858,6858,1613000000,794000,7,7,9,2,A,h,s,al,Ahs_al,700007000902,1,118,A,Ah,Ahs,Ahs_al,6858,Atlantic Central,100-200,Soft loam,Arable land,Atlantic-Hills-Sediments-Arable land,137,137,"Mesozoic & Tertiary lowlands and scarplands, Paris Basin; Artois & Picardy",20,202,130,1,2,60,85,76,45,57,53,72,89,84,62,85,75,22,23,22,43,44,43,43,44,43,35,36,35,3,3,3,8,9,8,16,17,16,11,11,11,31,332461,L,Luvisol,Good,F106,F106,F5a,Lowland to submontane types,102,273,50.336887,2.313851,F11-107,0.707873,0.000012,0.708007,0.000012,Roots,0.000134,Limestone,Paris Basin,Paris Basin [Limestone],Ah,Limestone_Ah,c2,"chalks, limestones, marls, tufa (limestone), sands",,T,Mesozoic,Cretaceous,Upper Cretaceous,96-65 Ma,96,65,sedimentary,"siliceous, aluminous, carbonatic",continental shelf,nulle ou faible,stratification,not applicable,not applicable,not applicable,Indifférencié,Indifférencié,basins et Fossés,sediments et volcanics,621,621,T
France_T2.91,91,POINT (1.8123680002830156 50.72526199984145),91,1,105,106,1,90,50.725262,1.812368,F11-108,j3,0.709331,0.000013,0.710519,0.000015,Grass,0.001188,Impure carbonate sedimentary rock,Paris Basin,Paris Basin [Impure carbonate sedimentary rock],6998,6702,6702,1220000000,544000,7,6,4,2,A,l,r,al,Alr_al,700006000402,1,84,A,Al,Alr,Alr_al,6702,Atlantic Central,50-100,Calcereous rocks,Arable land,Atlantic-Lowland-Rocks-Arable land,137,137,"Mesozoic & Tertiary lowlands and scarplands, Paris Basin; Artois & Picardy",2,208,83,1,3,64,85,73,36,57,46,53,89,71,70,85,78,22,23,22,43,44,43,43,44,43,35,36,35,3,4,3,8,9,8,16,17,16,11,12,11,40,332389,B,Cambisol,Good,F106,F106,F5a,Lowland to submontane types,69,202,50.725262,1.812368,F11-108,0.709331,0.000013,0.710519,0.000015,Grass,0.001188,Impure carbonate sedimentary rock,Paris Basin,Paris Basin [Impure carbonate sedimentary rock],Al,Impure carbonate sedimentary rock_Al,j3,"marls, limestones, clays, sands",,T,Mesozoic,Jurassic,Upper Jurassic,154-135 Ma,154,135,sedimentary,"siliceous, aluminous, carbonatic",continental shelf,nulle ou faible,stratification,not applicable,not applicable,not applicable,Indifférencié,Indifférencié,basins et Fossés,sediments et volcanics,761,761,T
France_T2.92,92,POINT (1.7819149997774844 50.827509999886615),92,1,106,107,1,91,50.82751,1.781915,F11-109,d2,0.70984,0.000012,0,0,Grass,0,Sandstone,Aquitaine Basin,Aquitaine Basin [Sandstone],6998,6702,6702,1220000000,544000,7,6,4,2,A,l,r,al,Alr_al,700006000402,1,84,A,Al,Alr,Alr_al,6702,Atlantic Central,50-100,Calcereous rocks,Arable land,Atlantic-Lowland-Rocks-Arable land,137,137,"Mesozoic & Tertiary lowlands and scarplands, Paris Basin; Artois & Picardy",2,208,83,1,3,64,85,73,36,57,46,53,89,71,70,85,78,22,23,22,43,44,43,43,44,43,35,36,35,3,4,3,8,9,8,16,17,16,11,12,11,40,332389,B,Cambisol,Good,F106,F106,F5a,Lowland to submontane types,69,430,50.82751,1.781915,F11-109,0.70984,0.000012,0,0,Grass,0,Sandstone,Aquitaine Basin,Aquitaine Basin [Sandstone],Al,Sandstone_Al,h1,"shales, limestones, sandstones, ampelites",,T,Paleozoic,Carboniferous,"Tournaisian, Viséan",355-335 Ma,355,335,sedimentary,"siliceous, aluminous, carbonatic",intracontinental basin,plissement isopaque,stratification,varisque,not applicable,not applicable,Avant-pays nord-hercynien,Indifférencié,Massifs varisques,sediments et volcanics,1381,1381,T
France_T2.93,93,POINT (2.5943529997911696 50.66806599994601),93,1,107,108,1,92,50.668066,2.594353,F11-111,e1,0.711489,0.000021,0.711601,0.000018,Roots,0.000112,Clay,Aquitaine Basin,Aquitaine Basin [Clay],6810,6714,6714,2758000128,704000,7,5,9,2,A,l,s,al,Als_al,700005000902,1,93,A,Al,Als,Als_al,6714,Atlantic Central,20-50,Soft loam,Arable land,Atlantic-Lowland-Sediments-Arable land,142,142,"Mesozoic & Tertiary lowlands and scarplands, Inner Flemish lowland plain",0,208,33,0,1,57,85,64,37,55,48,53,87,72,70,85,77,23,24,23,42,44,43,43,45,43,35,37,36,2,4,3,8,9,8,16,17,16,10,12,10,31,320295,D,Podzoluvisol,Intermediate,F34,F34,F3,Mixed oak-hornbeam forests,142,9,50.668066,2.594353,F11-111,0.711489,0.000021,0.711601,0.000018,Roots,0.000112,Clay,Aquitaine Basin,Aquitaine Basin [Clay],Al,Clay_Al,e1,"clays, marls, limestones, sands",,T,Cenozoic,Paleogene,"Paleocene, Lower Eocene","65,0-46,0 Ma",65,46,sedimentary,"siliceous, aluminous, carbonatic",continental shelf,nulle ou faible,stratification,not applicable,not applicable,not applicable,Plaine des Flandres,Indifférencié,basins et Fossés,sediments et volcanics,481,481,T
France_T2.94,94,POINT (2.2586679996285284 49.371160999580525),94,1,108,109,1,93,49.371161,2.258668,F11-112,e1,0.709129,0.000016,0.709114,0.000018,Grass,-0.000015,Impure carbonate sedimentary rock,Paris Basin,Paris Basin [Impure carbonate sedimentary rock],7485,7194,7194,3572000000,1178000,7,6,9,2,A,l,s,al,Als_al,700006000902,1,93,A,Al,Als,Als_al,7194,Atlantic Central,50-100,Soft loam,Arable land,Atlantic-Lowland-Sediments-Arable land,137,137,"Mesozoic & Tertiary lowlands and scarplands, Paris Basin; Artois & Picardy",5,185,82,1,1,58,92,66,44,57,49,63,80,73,55,74,60,22,23,22,43,46,44,43,45,43,35,37,36,2,4,2,9,10,9,17,18,17,10,12,11,25,332456,L,Luvisol,Good,F106,F106,F5a,Lowland to submontane types,142,203,49.371161,2.258668,F11-112,0.709129,0.000016,0.709114,0.000018,Grass,-0.000015,Impure carbonate sedimentary rock,Paris Basin,Paris Basin [Impure carbonate sedimentary rock],Al,Impure carbonate sedimentary rock_Al,e1,"sands, clays, marls",,T,Cenozoic,Paleogene,"Paleocene, Lower Eocene","65,0-46,0 Ma",65,46,sedimentary,"siliceous, aluminous, carbonatic",continental shelf,nulle ou faible,stratification,not applicable,not applicable,not applicable,Indifférencié,Indifférencié,basins et Fossés,sediments et volcanics,481,481,T
France_T2.95,95,POINT (1.8746960003202275 49.41066300009743),95,1,109,110,1,94,49.410663,1.874696,F11-113,c2,0.708417,0.000006,0.708889,0.000018,Grass,0.000472,Limestone,Paris Basin,Paris Basin [Limestone],7465,7385,7385,511000000,356000,7,7,4,2,A,h,r,al,Ahr_al,700007000402,1,109,A,Ah,Ahr,Ahr_al,7385,Atlantic Central,100-200,Calcereous rocks,Arable land,Atlantic-Hills-Rocks-Arable land,137,137,"Mesozoic & Tertiary lowlands and scarplands, Paris Basin; Artois & Picardy",53,235,136,1,2,57,85,71,44,53,49,62,76,68,54,70,63,22,23,22,45,46,45,42,45,43,35,36,35,3,3,3,8,10,8,16,18,17,11,11,11,43,330453,E,Rendzina,Marginal,F106,F106,F5a,Lowland to submontane types,61,274,49.410663,1.874696,F11-113,0.708417,0.000006,0.708889,0.000018,Grass,0.000472,Limestone,Paris Basin,Paris Basin [Limestone],Ah,Limestone_Ah,c2,"chalks, limestones, marls, tufa (limestone), sands",,T,Mesozoic,Cretaceous,Upper Cretaceous,96-65 Ma,96,65,sedimentary,"siliceous, aluminous, carbonatic",continental shelf,nulle ou faible,stratification,not applicable,not applicable,not applicable,Indifférencié,Indifférencié,basins et Fossés,sediments et volcanics,621,621,T
France_T2.96,96,POINT (1.2753690001792393 49.032363999798804),96,1,112,113,1,95,49.032364,1.275369,F11-116,e2,0.711163,0.000013,0.711183,0.000017,Tree root,0.00002,Impure carbonate sedimentary rock,Paris Basin,Paris Basin [Impure carbonate sedimentary rock],7865,7523,7523,3155000064,890000,7,7,9,2,A,h,s,al,Ahs_al,700007000902,1,118,A,Ah,Ahs,Ahs_al,7523,Atlantic Central,100-200,Soft loam,Arable land,Atlantic-Hills-Sediments-Arable land,139,139,"Mesozoic & Tertiary lowlands and scarplands, Paris Basin; East Normandy, Perche & Maine",7,256,138,0,1,48,99,62,37,59,43,49,75,58,49,91,60,22,23,22,46,48,46,43,47,45,35,37,36,3,3,3,9,10,9,17,18,17,11,11,11,33,330551,B,Cambisol,Good,F106,F106,F5a,Lowland to submontane types,102,204,49.032364,1.275369,F11-116,0.711163,0.000013,0.711183,0.000017,Tree root,0.00002,Impure carbonate sedimentary rock,Paris Basin,Paris Basin [Impure carbonate sedimentary rock],Ah,Impure carbonate sedimentary rock_Ah,e2,"limestones, sands, gypsum, marls, clays",,T,Cenozoic,Paleogene,Upper-Middle Eocene,"46,0-33,7 Ma",46,33.7,sedimentary,"aluminous, carbonatic, saliferous","continental, platform",nulle ou faible,stratification,not applicable,not applicable,not applicable,Indifférencié,Indifférencié,basins et Fossés,sediments et volcanics,401,401,T
France_T2.97,97,POINT (2.4228500004272178 47.83172399966293),97,1,113,114,1,96,47.831724,2.42285,F11-117,m,0.712976,0.000015,0.71377,0.00002,Grass,0.000794,Sand,Paris Basin,Paris Basin [Sand],8270,8212,8212,620000000,336000,7,7,7,6,A,h,s,fo,Ahs_fo,700007000706,1,122,A,Ah,Ahs,Ahs_fo,8212,Atlantic Central,100-200,Sands,Forest,Atlantic-Hills-Sediments-Forest,138,138,"Mesozoic & Tertiary lowlands and scarplands, Paris Basin; fle-de-France",102,158,130,0,0,49,61,54,45,48,46,56,64,59,57,65,61,23,25,23,47,47,47,48,51,49,38,40,38,3,3,3,10,10,10,18,18,18,11,11,11,8,332560,L,Luvisol,Good,F5,F5,F1a,Lowland to submontane types (Acidophilous oak and mixed oak forests),74,419,47.831724,2.42285,F11-117,0.712976,0.000015,0.71377,0.00002,Grass,0.000794,Sand,Paris Basin,Paris Basin [Sand],Ah,Sand_Ah,m,"sands, marls, clays",,T,Cenozoic,Neogene,Miocene,"23,5-5,30 Ma",23.5,5.3,sedimentary,"siliceous, aluminous, carbonatic",continental,nulle ou faible,stratification,not applicable,not applicable,not applicable,Indifférencié,Indifférencié,basins et Fossés,sediments et volcanics,241,244,dépôts continentaux (basins de Paris et d'Aquitaine ou du Massif Armoricain) - T
France_T2.98,98,POINT (2.6157609995705116 48.04692000035777),98,1,114,115,1,97,48.04692,2.615761,F11-118,g,0.712774,0.00002,0,0,Tree root,0,Impure carbonate sedimentary rock,Paris Basin,Paris Basin [Impure carbonate sedimentary rock],8298,7938,7938,4741000192,1908000,7,7,4,2,A,h,r,al,Ahr_al,700007000402,1,109,A,Ah,Ahr,Ahr_al,7938,Atlantic Central,100-200,Calcereous rocks,Arable land,Atlantic-Hills-Rocks-Arable land,138,138,"Mesozoic & Tertiary lowlands and scarplands, Paris Basin; fle-de-France",46,175,118,0,1,49,70,56,40,50,44,55,65,59,49,65,57,23,25,23,46,49,47,46,51,48,37,40,38,3,4,3,9,11,9,17,19,18,11,12,11,19,330607,B,Cambisol,Good,F34,F34,F3,Mixed oak-hornbeam forests,61,205,48.04692,2.615761,F11-118,0.712774,0.00002,0,0,Tree root,0,Impure carbonate sedimentary rock,Paris Basin,Paris Basin [Impure carbonate sedimentary rock],Ah,Impure carbonate sedimentary rock_Ah,g,"marls, limestones, gritstones, clays",,T,Cenozoic,Paleogene,Oligocene,"33,7-23,5 Ma",33.7,23.5,sedimentary,"siliceous, aluminous, carbonatic",continental,nulle ou faible,stratification,not applicable,not applicable,not applicable,Indifférencié,Indifférencié,basins et Fossés,sediments et volcanics,301,301,T
France_T2.99,99,POINT (3.0156839997168845 47.744791999950905),99,1,115,116,1,98,47.744792,3.015684,F11-119,e,0.712603,0.000012,0.712984,0.000016,Moss,0.000381,Sand,Paris Basin,Paris Basin [Sand],8355,8332,8332,501000000,134000,7,7,9,2,A,h,s,al,Ahs_al,700007000902,1,118,A,Ah,Ahs,Ahs_al,8332,Atlantic Central,100-200,Soft loam,Arable land,Atlantic-Hills-Sediments-Arable land,138,138,"Mesozoic & Tertiary lowlands and scarplands, Paris Basin; fle-de-France",100,260,176,0,1,57,71,62,48,52,50,63,66,63,58,66,60,24,25,24,48,48,48,51,52,51,40,40,40,3,3,3,10,10,10,18,18,18,11,11,11,25,332578,D,Podzoluvisol,Intermediate,F50,F50,F3,Mixed oak-hornbeam forests,102,420,47.744792,3.015684,F11-119,0.712603,0.000012,0.712984,0.000016,Moss,0.000381,Sand,Paris Basin,Paris Basin [Sand],Ah,Sand_Ah,e,"sands, cobbles, clays",,T,Cenozoic,Paleogene,"Paleocene, Eocene","65,0-33,7 Ma",65,33.7,sedimentary,"siliceous, aluminous",continental,nulle ou faible,stratification,not applicable,not applicable,not applicable,Indifférencié,Indifférencié,basins et Fossés,sediments et volcanics,501,501,T
France_T2.100,100,POINT (2.6534310001405856 47.335533000047974),100,1,117,118,1,99,47.335533,2.653431,F11-121,c2,0.710178,0.000031,0.709884,0.00001,Tree root,-0.000294,Impure carbonate sedimentary rock,Paris Basin,Paris Basin [Impure carbonate sedimentary rock],8488,8483,8483,1027000000,226000,7,8,9,2,A,h,s,al,Ahs_al,700008000902,1,118,A,Ah,Ahs,Ahs_al,8483,Atlantic Central,200-300,Soft loam,Arable land,Atlantic-Hills-Sediments-Arable land,140,140,"Mesozoic & Tertiary lowlands and scarplands, Paris Basin; Poitou, Anjou, Touraine & Berry",153,405,241,1,2,60,72,66,47,53,50,64,70,67,59,65,62,25,26,25,47,48,47,51,53,51,40,41,40,2,3,2,9,10,9,18,18,18,11,12,11,47,332549,L,Luvisol,Good,F5,F5,F1a,Lowland to submontane types (Acidophilous oak and mixed oak forests),102,206,47.335533,2.653431,F11-121,0.710178,0.000031,0.709884,0.00001,Tree root,-0.000294,Impure carbonate sedimentary rock,Paris Basin,Paris Basin [Impure carbonate sedimentary rock],Ah,Impure carbonate sedimentary rock_Ah,c2,flint clays,,T,Mesozoic,Cretaceous,Upper Cretaceous,96-65 Ma,96,65,sedimentary,"siliceous, aluminous",continental,nulle ou faible,stratification,not applicable,not applicable,not applicable,Indifférencié,Indifférencié,basins et Fossés,sediments et volcanics,621,622,flint clays - T
France_T2.101,101,POINT (2.339732000331594 47.70204700006906),101,1,119,120,1,100,47.702047,2.339732,F11-123,q2,0.714425,0.000008,0.714322,0.00002,Tree root,-0.000103,Sand,Paris Basin,Paris Basin [Sand],8481,8373,8373,854000000,322000,7,7,11,2,A,h,r,al,Ahr_al,700007001102,1,109,A,Ah,Ahr,Ahr_al,8373,Atlantic Central,100-200,Detrital formations,Arable land,Atlantic-Hills-Rocks-Arable land,141,141,"Mesozoic & Tertiary lowlands and scarplands, Paris Basin; Sologne sand plain",113,255,161,0,1,56,72,62,47,53,48,62,70,64,59,65,60,24,25,24,47,48,47,50,53,51,39,41,39,2,3,2,9,10,9,18,18,18,11,11,11,23,332626,P,Podzol,Marginal,F5,F5,F1a,Lowland to submontane types (Acidophilous oak and mixed oak forests),61,421,47.702047,2.339732,F11-123,0.714425,0.000008,0.714322,0.00002,Tree root,-0.000103,Sand,Paris Basin,Paris Basin [Sand],Ah,Sand_Ah,q2,"clays, sands, gravels, pebbles",,T,Cenozoic,Quaternary,Middle-Upper Pleistocene,"0,75-0,01 Ma",0.75,0.01,sedimentary,"siliceous, aluminous",continental,nulle ou faible,stratification,not applicable,not applicable,not applicable,Indifférencié,Indifférencié,Formations superficielles,Formations superficielles,21,21,T
France_T2.102,102,POINT (-1.0494310003403484 43.010944999811954),102,1,120,121,1,101,43.010945,-1.049431,F11-124,c2,0.711501,0.000009,0.712238,0.000021,Grass,0.000737,Schist,Pyrenees,Pyrenees [Schist],10842,10434,10434,6965000192,2220000,5,15,12,7,Z,n,r,sh,Znr_sh,500015001207,1,192,Z,Zn,Znr,Znr_sh,10434,Alpine South,2000-2500,Crystalline rocks and migmatites,Shrubs & herbaceous vegetation,Alpine-High mountains-Rocks-Shrubs & herbaceous vegetation,151,151,"Alpine fold mountain belt, Pyrenees Mountains",395,3153,1830,15,31,44,132,84,52,120,95,21,129,97,58,142,110,33,43,40,48,54,50,60,68,63,47,53,50,-4,6,0,-1,12,5,10,22,15,3,14,8,494,342193,B,Cambisol,Good,C23,C23,C3,Subalpine and oro-Mediterranean vegetation,12,491,43.010945,-1.049431,F11-124,0.711501,0.000009,0.712238,0.000021,Grass,0.000737,Schist,Pyrenees,Pyrenees [Schist],Zn,Schist_Zn,c2,"limestones, marls, clays",,T,Mesozoic,Cretaceous,Upper Cretaceous,96-65 Ma,96,65,sedimentary,"aluminous, carbonatic",continental shelf,plissement isopaque,stratification,pyrénéen,not applicable,not applicable,Zone axiale,sediments post-Carboniferouss,Chaînes alpines,sediments et volcanics,621,621,T
France_T2.103,103,POINT (-1.114015000092138 43.095295000064255),103,1,121,122,1,102,43.095295,-1.114015,F11-126,d2,0.712608,0.000017,0,0,Moss,0,Wacke,Pyrenees,Pyrenees [Wacke],10316,10125,10125,2556000000,830000,9,7,11,4,A,h,r,pa,Ahr_pa,900007001104,1,111,A,Ah,Ahr,Ahr_pa,10125,Lusitanian,100-200,Detrital formations,Pastures,Atlantic-Hills-Rocks-Pastures,151,151,"Alpine fold mountain belt, Pyrenees Mountains",0,1442,226,5,9,51,164,114,54,158,97,19,119,71,58,171,111,30,36,31,45,52,48,56,65,60,41,50,44,2,11,6,8,16,11,19,26,21,10,19,14,193,330570,B,Cambisol,Good,F33,F33,F2,Mixed oak-ash forests,71,539,43.095295,-1.114015,F11-126,0.712608,0.000017,0,0,Moss,0,Wacke,Pyrenees,Pyrenees [Wacke],Zn,Wacke_Zn,d2,"wackes, sandstones, limestones, shales",,T,Paleozoic,Devonian,Middle-Upper Devonian,390-355 Ma,390,355,sedimentary,"siliceous, aluminous, carbonatic",flysch basin,plissement isopaque,stratification,varisque,not applicable,not applicable,Zone axiale,Socle anté-Permian,Massifs varisques,sediments et volcanics,1481,1482,flyschs varisques et alpins - T
France_T2.104,104,POINT (-1.0745989999438166 43.04956700021694),104,1,122,123,1,103,43.049567,-1.074599,F11-128,c2,0.716168,0.000022,0.716715,0.00002,Grass,0.000547,Conglomerate,Pyrenees,Pyrenees [Conglomerate],10367,10003,10003,5137999872,1354000,9,10,12,6,A,m,r,fo,Amr_fo,900010001206,1,133,A,Am,Amr,Amr_fo,10003,Lusitanian,500-700,Crystalline rocks and migmatites,Forest,Atlantic-Mountains-Rocks-Forest,155,155,"Hercynian, Iberian Massif, Cantabrian Mountains",51,1560,644,8,16,51,156,94,52,148,83,14,103,43,58,146,86,29,38,31,45,52,47,53,66,61,42,49,44,0,10,5,5,15,10,15,25,21,8,18,14,267,340753,B,Cambisol,Good,F98,F98,F5b,"Montane to altimontane types, partly with fir and spruce",37,40,43.049567,-1.074599,F11-128,0.716168,0.000022,0.716715,0.00002,Grass,0.000547,Conglomerate,Pyrenees,Pyrenees [Conglomerate],Am,Conglomerate_Am,c2,"conglomerates, sandstones, olistoliths, shales",,T,Mesozoic,Cretaceous,Upper Cretaceous,96-65 Ma,96,65,sedimentary,"siliceous, aluminous",flysch basin,plissement isopaque,stratification,pyrénéen,not applicable,not applicable,Zone axiale,sediments post-Carboniferouss,Chaînes alpines,sediments et volcanics,621,625,"flyschs varisques et alpins (flyschs à boulders, mégaturbidites, complexes chaotiques) - T"
France_T2.105,105,POINT (-1.0777870003697103 43.05644900012129),105,1,123,124,1,104,43.056449,-1.077787,F11-129,c2,0.713284,0.00003,0.712212,0.000021,Grass,-0.001072,Conglomerate,Pyrenees,Pyrenees [Conglomerate],10367,10003,10003,5137999872,1354000,9,10,12,6,A,m,r,fo,Amr_fo,900010001206,1,133,A,Am,Amr,Amr_fo,10003,Lusitanian,500-700,Crystalline rocks and migmatites,Forest,Atlantic-Mountains-Rocks-Forest,155,155,"Hercynian, Iberian Massif, Cantabrian Mountains",51,1560,644,8,16,51,156,94,52,148,83,14,103,43,58,146,86,29,38,31,45,52,47,53,66,61,42,49,44,0,10,5,5,15,10,15,25,21,8,18,14,267,340753,B,Cambisol,Good,F98,F98,F5b,"Montane to altimontane types, partly with fir and spruce",37,41,43.056449,-1.077787,F11-129,0.713284,0.00003,0.712212,0.000021,Grass,-0.001072,Conglomerate,Pyrenees,Pyrenees [Conglomerate],Am,Conglomerate_Am,c2,"conglomerates, sandstones, olistoliths, shales",,T,Mesozoic,Cretaceous,Upper Cretaceous,96-65 Ma,96,65,sedimentary,"siliceous, aluminous",flysch basin,plissement isopaque,stratification,pyrénéen,not applicable,not applicable,Zone axiale,sediments post-Carboniferouss,Chaînes alpines,sediments et volcanics,621,625,"flyschs varisques et alpins (flyschs à boulders, mégaturbidites, complexes chaotiques) - T"
France_T2.106,106,POINT (-1.102961000249934 43.082957000365354),106,1,124,125,1,105,43.082957,-1.102961,F11-130,c2,0.714334,0.000014,0.714389,0.000018,Grass,0.000055,Conglomerate,Pyrenees,Pyrenees [Conglomerate],10316,10125,10125,2556000000,830000,9,7,11,4,A,h,r,pa,Ahr_pa,900007001104,1,111,A,Ah,Ahr,Ahr_pa,10125,Lusitanian,100-200,Detrital formations,Pastures,Atlantic-Hills-Rocks-Pastures,151,151,"Alpine fold mountain belt, Pyrenees Mountains",0,1442,226,5,9,51,164,114,54,158,97,19,119,71,58,171,111,30,36,31,45,52,48,56,65,60,41,50,44,2,11,6,8,16,11,19,26,21,10,19,14,193,330570,B,Cambisol,Good,F33,F33,F2,Mixed oak-ash forests,71,42,43.082957,-1.102961,F11-130,0.714334,0.000014,0.714389,0.000018,Grass,0.000055,Conglomerate,Pyrenees,Pyrenees [Conglomerate],Ah,Conglomerate_Ah,c2,"conglomerates, sandstones, olistoliths, shales",,T,Mesozoic,Cretaceous,Upper Cretaceous,96-65 Ma,96,65,sedimentary,"siliceous, aluminous",flysch basin,plissement isopaque,stratification,pyrénéen,not applicable,not applicable,Zone axiale,sediments post-Carboniferouss,Chaînes alpines,sediments et volcanics,621,625,"flyschs varisques et alpins (flyschs à boulders, mégaturbidites, complexes chaotiques) - T"
France_T2.107,107,POINT (-1.0929279998272818 43.07079099960498),107,1,126,127,1,106,43.070791,-1.092928,F11-132,c2,0,0,0.71529,0.000013,Grass,0,Conglomerate,Pyrenees,Pyrenees [Conglomerate],10316,10125,10125,2556000000,830000,9,7,11,4,A,h,r,pa,Ahr_pa,900007001104,1,111,A,Ah,Ahr,Ahr_pa,10125,Lusitanian,100-200,Detrital formations,Pastures,Atlantic-Hills-Rocks-Pastures,151,151,"Alpine fold mountain belt, Pyrenees Mountains",0,1442,226,5,9,51,164,114,54,158,97,19,119,71,58,171,111,30,36,31,45,52,48,56,65,60,41,50,44,2,11,6,8,16,11,19,26,21,10,19,14,193,330570,B,Cambisol,Good,F33,F33,F2,Mixed oak-ash forests,71,43,43.070791,-1.092928,F11-132,0,0,0.71529,0.000013,Grass,0,Conglomerate,Pyrenees,Pyrenees [Conglomerate],Ah,Conglomerate_Ah,c2,"conglomerates, sandstones, olistoliths, shales",,T,Mesozoic,Cretaceous,Upper Cretaceous,96-65 Ma,96,65,sedimentary,"siliceous, aluminous",flysch basin,plissement isopaque,stratification,pyrénéen,not applicable,not applicable,Zone axiale,sediments post-Carboniferouss,Chaînes alpines,sediments et volcanics,621,625,"flyschs varisques et alpins (flyschs à boulders, mégaturbidites, complexes chaotiques) - T"
France_T2.108,108,POINT (-1.261693999778231 43.1388969998967),108,1,127,128,1,107,43.138897,-1.261694,F11-133,c2,0.708023,0.000011,0.708135,0.000009,Grass,0.000112,Limestone,Pyrenees,Pyrenees [Limestone],10367,10003,10003,5137999872,1354000,9,10,12,6,A,m,r,fo,Amr_fo,900010001206,1,133,A,Am,Amr,Amr_fo,10003,Lusitanian,500-700,Crystalline rocks and migmatites,Forest,Atlantic-Mountains-Rocks-Forest,155,155,"Hercynian, Iberian Massif, Cantabrian Mountains",51,1560,644,8,16,51,156,94,52,148,83,14,103,43,58,146,86,29,38,31,45,52,47,53,66,61,42,49,44,0,10,5,5,15,10,15,25,21,8,18,14,267,340753,B,Cambisol,Good,F98,F98,F5b,"Montane to altimontane types, partly with fir and spruce",37,287,43.138897,-1.261694,F11-133,0.708023,0.000011,0.708135,0.000009,Grass,0.000112,Limestone,Pyrenees,Pyrenees [Limestone],Am,Limestone_Am,c2,"limestones, marls, clays",,T,Mesozoic,Cretaceous,Upper Cretaceous,96-65 Ma,96,65,sedimentary,"aluminous, carbonatic",continental shelf,plissement isopaque,stratification,pyrénéen,not applicable,not applicable,Zone axiale,sediments post-Carboniferouss,Chaînes alpines,sediments et volcanics,621,621,T
France_T2.109,109,POINT (-1.268002000192098 43.12871399975131),109,1,128,129,1,108,43.128714,-1.268002,F11-134,s,0.71348,0.000052,0,0,Grass,0,Schist,Pyrenees,Pyrenees [Schist],10367,10003,10003,5137999872,1354000,9,10,12,6,A,m,r,fo,Amr_fo,900010001206,1,133,A,Am,Amr,Amr_fo,10003,Lusitanian,500-700,Crystalline rocks and migmatites,Forest,Atlantic-Mountains-Rocks-Forest,155,155,"Hercynian, Iberian Massif, Cantabrian Mountains",51,1560,644,8,16,51,156,94,52,148,83,14,103,43,58,146,86,29,38,31,45,52,47,53,66,61,42,49,44,0,10,5,5,15,10,15,25,21,8,18,14,267,340753,B,Cambisol,Good,F98,F98,F5b,"Montane to altimontane types, partly with fir and spruce",37,492,43.128714,-1.268002,F11-134,0.71348,0.000052,0,0,Grass,0,Schist,Pyrenees,Pyrenees [Schist],Am,Schist_Am,s,"shales, ampelites, limestones",,T,Paleozoic,Silurian,Silurian,435-410 Ma,435,410,sedimentary,"siliceous, aluminous, carbonatic",continental shelf,plissement isopaque,stratification,varisque,not applicable,not applicable,Zone axiale,Socle anté-Permian,Massifs varisques,sediments et volcanics,1621,1621,T
France_T2.110,110,POINT (-1.306653000135782 43.08230399992971),110,1,129,130,1,109,43.082304,-1.306653,F11-135,46,0.712033,0.000013,0.712,0.000012,Grass,-0.000033,Schist,Pyrenees,Pyrenees [Schist],10367,10003,10003,5137999872,1354000,9,10,12,6,A,m,r,fo,Amr_fo,900010001206,1,133,A,Am,Amr,Amr_fo,10003,Lusitanian,500-700,Crystalline rocks and migmatites,Forest,Atlantic-Mountains-Rocks-Forest,155,155,"Hercynian, Iberian Massif, Cantabrian Mountains",51,1560,644,8,16,51,156,94,52,148,83,14,103,43,58,146,86,29,38,31,45,52,47,53,66,61,42,49,44,0,10,5,5,15,10,15,25,21,8,18,14,267,340753,B,Cambisol,Good,F98,F98,F5b,"Montane to altimontane types, partly with fir and spruce",37,493,43.082304,-1.306653,F11-135,0.712033,0.000013,0.712,0.000012,Grass,-0.000033,Schist,Pyrenees,Pyrenees [Schist],Am,Schist_Am,d1,"shales, sandstones, limestones",,T,Paleozoic,Devonian,Lower Devonian,410-390 Ma,410,390,sedimentary,"siliceous, aluminous, carbonatic",continental shelf,plissement isopaque,stratification,varisque,not applicable,not applicable,Zone axiale,Socle anté-Permian,Massifs varisques,sediments et volcanics,1561,1561,T
France_T2.111,111,POINT (-1.3071129997650814 43.06234100023704),111,1,130,131,1,110,43.062341,-1.307113,F11-136,46,0,0,0.715809,0.000012,Grass,0,Schist,Pyrenees,Pyrenees [Schist],10367,10003,10003,5137999872,1354000,9,10,12,6,A,m,r,fo,Amr_fo,900010001206,1,133,A,Am,Amr,Amr_fo,10003,Lusitanian,500-700,Crystalline rocks and migmatites,Forest,Atlantic-Mountains-Rocks-Forest,155,155,"Hercynian, Iberian Massif, Cantabrian Mountains",51,1560,644,8,16,51,156,94,52,148,83,14,103,43,58,146,86,29,38,31,45,52,47,53,66,61,42,49,44,0,10,5,5,15,10,15,25,21,8,18,14,267,340753,B,Cambisol,Good,F98,F98,F5b,"Montane to altimontane types, partly with fir and spruce",37,494,43.062341,-1.307113,F11-136,0,0,0.715809,0.000012,Grass,0,Schist,Pyrenees,Pyrenees [Schist],Am,Schist_Am,o1,"quartzites, tuffites, shales",,T,Paleozoic,Ordovician,Lower-Middle Ordovician,500-455 Ma,500,455,sedimentary,"siliceous, aluminous",continental shelf,plissement isopaque,stratification,varisque,not applicable,not applicable,Zone axiale,Socle anté-Permian,Massifs varisques,sediments et volcanics,1681,1681,T
France_T2.112,112,POINT (-1.2531539998571475 43.186679000035895),112,1,131,132,1,111,43.186679,-1.253154,F11-137,d2,0.710827,0.000013,0.710665,0.000017,Grass,-0.000162,Schist,Pyrenees,Pyrenees [Schist],10244,10316,10316,170000000,116000,9,9,4,6,A,h,r,fo,Ahr_fo,900009000406,1,113,A,Ah,Ahr,Ahr_fo,10316,Lusitanian,300-500,Calcereous rocks,Forest,Atlantic-Hills-Rocks-Forest,151,151,"Alpine fold mountain belt, Pyrenees Mountains",161,1137,564,10,18,62,102,72,61,85,68,31,55,40,62,91,72,31,33,31,48,51,49,62,64,62,45,48,46,4,6,4,10,11,10,21,22,21,13,14,13,298,330447,E,Rendzina,Marginal,F138,F138,F5b,"Montane to altimontane types, partly with fir and spruce",79,495,43.186679,-1.253154,F11-137,0.710827,0.000013,0.710665,0.000017,Grass,-0.000162,Schist,Pyrenees,Pyrenees [Schist],Ah,Schist_Ah,d2,"limestones, sandstones, shales",,T,Paleozoic,Devonian,Middle-Upper Devonian,390-355 Ma,390,355,sedimentary,"siliceous, aluminous, carbonatic",continental shelf,plissement isopaque,stratification,varisque,not applicable,not applicable,Zone axiale,Socle anté-Permian,Massifs varisques,sediments et volcanics,1481,1481,T
France_T2.113,113,POINT (-1.267649000101244 43.20440800012915),113,1,132,133,1,112,43.204408,-1.267649,F11-138,d2,0.713144,0.00001,0,0,Grass,0,Schist,Pyrenees,Pyrenees [Schist],10316,10125,10125,2556000000,830000,9,7,11,4,A,h,r,pa,Ahr_pa,900007001104,1,111,A,Ah,Ahr,Ahr_pa,10125,Lusitanian,100-200,Detrital formations,Pastures,Atlantic-Hills-Rocks-Pastures,151,151,"Alpine fold mountain belt, Pyrenees Mountains",0,1442,226,5,9,51,164,114,54,158,97,19,119,71,58,171,111,30,36,31,45,52,48,56,65,60,41,50,44,2,11,6,8,16,11,19,26,21,10,19,14,193,330570,B,Cambisol,Good,F33,F33,F2,Mixed oak-ash forests,71,496,43.204408,-1.267649,F11-138,0.713144,0.00001,0,0,Grass,0,Schist,Pyrenees,Pyrenees [Schist],Ah,Schist_Ah,d2,"limestones, sandstones, shales",,T,Paleozoic,Devonian,Middle-Upper Devonian,390-355 Ma,390,355,sedimentary,"siliceous, aluminous, carbonatic",continental shelf,plissement isopaque,stratification,varisque,not applicable,not applicable,Zone axiale,Socle anté-Permian,Massifs varisques,sediments et volcanics,1481,1481,T
France_T2.114,114,POINT (-1.2934819997943805 43.21419900018378),114,1,133,134,1,113,43.214199,-1.293482,F11-139,d1,0.710894,0.00002,0.710789,0.000011,Moss,-0.000105,Schist,Pyrenees,Pyrenees [Schist],10316,10125,10125,2556000000,830000,9,7,11,4,A,h,r,pa,Ahr_pa,900007001104,1,111,A,Ah,Ahr,Ahr_pa,10125,Lusitanian,100-200,Detrital formations,Pastures,Atlantic-Hills-Rocks-Pastures,151,151,"Alpine fold mountain belt, Pyrenees Mountains",0,1442,226,5,9,51,164,114,54,158,97,19,119,71,58,171,111,30,36,31,45,52,48,56,65,60,41,50,44,2,11,6,8,16,11,19,26,21,10,19,14,193,330570,B,Cambisol,Good,F33,F33,F2,Mixed oak-ash forests,71,497,43.214199,-1.293482,F11-139,0.710894,0.00002,0.710789,0.000011,Moss,-0.000105,Schist,Pyrenees,Pyrenees [Schist],Ah,Schist_Ah,d1,"shales, sandstones, limestones",,T,Paleozoic,Devonian,Lower Devonian,410-390 Ma,410,390,sedimentary,"siliceous, aluminous, carbonatic",continental shelf,plissement isopaque,stratification,varisque,not applicable,not applicable,Zone axiale,Socle anté-Permian,Massifs varisques,sediments et volcanics,1561,1561,T
France_T2.115,115,POINT (-1.3526790002356393 43.290370000075484),115,1,134,135,1,114,43.29037,-1.352679,F11-140,r,0.710714,0.000013,0,0,Moss,0,Sandstone,Pyrenees,Pyrenees [Sandstone],10316,10125,10125,2556000000,830000,9,7,11,4,A,h,r,pa,Ahr_pa,900007001104,1,111,A,Ah,Ahr,Ahr_pa,10125,Lusitanian,100-200,Detrital formations,Pastures,Atlantic-Hills-Rocks-Pastures,151,151,"Alpine fold mountain belt, Pyrenees Mountains",0,1442,226,5,9,51,164,114,54,158,97,19,119,71,58,171,111,30,36,31,45,52,48,56,65,60,41,50,44,2,11,6,8,16,11,19,26,21,10,19,14,193,330570,B,Cambisol,Good,F33,F33,F2,Mixed oak-ash forests,71,446,43.29037,-1.352679,F11-140,0.710714,0.000013,0,0,Moss,0,Sandstone,Pyrenees,Pyrenees [Sandstone],Ah,Sandstone_Ah,r,"sandstones, conglomerates, tuffites, shales",,T,Paleozoic,Permian,Permian,295-250 Ma,295,250,sedimentary,"siliceous, aluminous",continental,nulle ou faible,stratification,not applicable,not applicable,not applicable,Zone axiale,sediments post-Carboniferouss,Chaînes alpines,sediments et volcanics,1101,1101,T
France_T2.116,116,POINT (-1.4042990001986482 43.318547999990244),116,1,135,136,1,115,43.318548,-1.404299,F11-141,o,0.709601,0.000013,0.710177,0.000014,Grass,0.000576,Schist,Pyrenees,Pyrenees [Schist],10316,10125,10125,2556000000,830000,9,7,11,4,A,h,r,pa,Ahr_pa,900007001104,1,111,A,Ah,Ahr,Ahr_pa,10125,Lusitanian,100-200,Detrital formations,Pastures,Atlantic-Hills-Rocks-Pastures,151,151,"Alpine fold mountain belt, Pyrenees Mountains",0,1442,226,5,9,51,164,114,54,158,97,19,119,71,58,171,111,30,36,31,45,52,48,56,65,60,41,50,44,2,11,6,8,16,11,19,26,21,10,19,14,193,330570,B,Cambisol,Good,F33,F33,F2,Mixed oak-ash forests,71,498,43.318548,-1.404299,F11-141,0.709601,0.000013,0.710177,0.000014,Grass,0.000576,Schist,Pyrenees,Pyrenees [Schist],Ah,Schist_Ah,o,"shales, limestones, tuffites, quartzites",,T,Paleozoic,Ordovician,Ordovician,500-435 Ma,500,435,sedimentary,"siliceous, aluminous, carbonatic",continental shelf,plissement isopaque,stratification,varisque,not applicable,not applicable,Zone axiale,Socle anté-Permian,Massifs varisques,sediments et volcanics,1701,1701,T
France_T2.117,117,POINT (-1.6806210003588262 43.25543399967938),117,1,136,137,1,116,43.255434,-1.680621,F11-142,59,0.713229,0.000019,0,0,Grass,0,Schist,Pyrenees,Pyrenees [Schist],10316,10125,10125,2556000000,830000,9,7,11,4,A,h,r,pa,Ahr_pa,900007001104,1,111,A,Ah,Ahr,Ahr_pa,10125,Lusitanian,100-200,Detrital formations,Pastures,Atlantic-Hills-Rocks-Pastures,151,151,"Alpine fold mountain belt, Pyrenees Mountains",0,1442,226,5,9,51,164,114,54,158,97,19,119,71,58,171,111,30,36,31,45,52,48,56,65,60,41,50,44,2,11,6,8,16,11,19,26,21,10,19,14,193,330570,B,Cambisol,Good,F33,F33,F2,Mixed oak-ash forests,71,499,43.255434,-1.680621,F11-142,0.713229,0.000019,0,0,Grass,0,Schist,Pyrenees,Pyrenees [Schist],Ah,Schist_Ah,h1-2,"shales, limestones, lydiennes (radiolarites), sandstones",,T,Paleozoic,Carboniferous,"Viséan, Namurian, Westphalian",355-305 Ma,355,305,sedimentary,"siliceous, aluminous, carbonatic",intracontinental basin,plissement isopaque,stratification,varisque,not applicable,not applicable,Zone axiale,Socle anté-Permian,Massifs varisques,sediments et volcanics,1401,1401,T
France_T2.118,118,POINT (-1.7407040002893268 43.31106600029574),118,1,137,138,1,117,43.311066,-1.740704,F11-143,12,0.708656,0.000016,0.708838,0.000011,Grass,0.000182,Granite,Pyrenees,Pyrenees [Granite],10316,10125,10125,2556000000,830000,9,7,11,4,A,h,r,pa,Ahr_pa,900007001104,1,111,A,Ah,Ahr,Ahr_pa,10125,Lusitanian,100-200,Detrital formations,Pastures,Atlantic-Hills-Rocks-Pastures,151,151,"Alpine fold mountain belt, Pyrenees Mountains",0,1442,226,5,9,51,164,114,54,158,97,19,119,71,58,171,111,30,36,31,45,52,48,56,65,60,41,50,44,2,11,6,8,16,11,19,26,21,10,19,14,193,330570,B,Cambisol,Good,F33,F33,F2,Mixed oak-ash forests,71,124,43.311066,-1.740704,F11-143,0.708656,0.000016,0.708838,0.000011,Grass,0.000182,Granite,Pyrenees,Pyrenees [Granite],Ah,Granite_Ah,18,"monzogranites, granodiorites",,T,Paleozoic,Carboniferous,"Namurian, Westphalian, Stephanian",335-295 Ma,335,295,plutonic,subalkaline,continental collision,nulle ou faible,not applicable,not applicable,not applicable,not applicable,Zone axiale,Socle anté-Permian,Massifs varisques,Plutons varisques,1341,1347,granitoides calc-alkalines - subalcalins potassiques - T
France_T2.119,119,POINT (-1.3559659998309712 43.33099500021916),119,1,138,139,1,118,43.330995,-1.355966,F11-144,b,0.711434,0.000008,0,0,Grass,0,Migmatite,Pyrenees,Pyrenees [Migmatite],10316,10125,10125,2556000000,830000,9,7,11,4,A,h,r,pa,Ahr_pa,900007001104,1,111,A,Ah,Ahr,Ahr_pa,10125,Lusitanian,100-200,Detrital formations,Pastures,Atlantic-Hills-Rocks-Pastures,151,151,"Alpine fold mountain belt, Pyrenees Mountains",0,1442,226,5,9,51,164,114,54,158,97,19,119,71,58,171,111,30,36,31,45,52,48,56,65,60,41,50,44,2,11,6,8,16,11,19,26,21,10,19,14,193,330570,B,Cambisol,Good,F33,F33,F2,Mixed oak-ash forests,71,320,43.330995,-1.355966,F11-144,0.711434,0.000008,0,0,Grass,0,Migmatite,Pyrenees,Pyrenees [Migmatite],Ah,Migmatite_Ah,b,para-migmatites,,T,Proterozoic,Neoproterozoic,Brioverian,670-540 Ma,670,540,metamorphic,"siliceous, aluminous",indeterminate,"cisaillement, écoulement",foliation,varisque,néovarisque,anatexie,Zone axiale,Socle anté-Permian,Massifs varisques,Roches metamorphics,2141,2141,T
France_T2.120,120,POINT (-1.2700409997922861 43.336449999967556),120,1,139,140,1,119,43.33645,-1.270041,F11-145,b,0.708698,0.000013,0.708582,0.000009,Grass,-0.000116,Impure carbonate sedimentary rock,Pyrenees,Pyrenees [Impure carbonate sedimentary rock],10316,10125,10125,2556000000,830000,9,7,11,4,A,h,r,pa,Ahr_pa,900007001104,1,111,A,Ah,Ahr,Ahr_pa,10125,Lusitanian,100-200,Detrital formations,Pastures,Atlantic-Hills-Rocks-Pastures,151,151,"Alpine fold mountain belt, Pyrenees Mountains",0,1442,226,5,9,51,164,114,54,158,97,19,119,71,58,171,111,30,36,31,45,52,48,56,65,60,41,50,44,2,11,6,8,16,11,19,26,21,10,19,14,193,330570,B,Cambisol,Good,F33,F33,F2,Mixed oak-ash forests,71,215,43.33645,-1.270041,F11-145,0.708698,0.000013,0.708582,0.000009,Grass,-0.000116,Impure carbonate sedimentary rock,Pyrenees,Pyrenees [Impure carbonate sedimentary rock],Ah,Impure carbonate sedimentary rock_Ah,b,para-migmatites,,T,Proterozoic,Neoproterozoic,Brioverian,670-540 Ma,670,540,metamorphic,"siliceous, aluminous",indeterminate,"cisaillement, écoulement",foliation,varisque,néovarisque,anatexie,Zone axiale,Socle anté-Permian,Massifs varisques,Roches metamorphics,2141,2141,T
France_T2.121,121,POINT (-1.2688760000273192 43.35978699967035),121,1,140,141,1,120,43.359787,-1.268876,F11-146,18,0.710292,0.000022,0.710638,0.000017,Grass,0.000346,Paragneiss,Pyrenees,Pyrenees [Paragneiss],10316,10125,10125,2556000000,830000,9,7,11,4,A,h,r,pa,Ahr_pa,900007001104,1,111,A,Ah,Ahr,Ahr_pa,10125,Lusitanian,100-200,Detrital formations,Pastures,Atlantic-Hills-Rocks-Pastures,151,151,"Alpine fold mountain belt, Pyrenees Mountains",0,1442,226,5,9,51,164,114,54,158,97,19,119,71,58,171,111,30,36,31,45,52,48,56,65,60,41,50,44,2,11,6,8,16,11,19,26,21,10,19,14,193,330570,B,Cambisol,Good,F33,F33,F2,Mixed oak-ash forests,71,363,43.359787,-1.268876,F11-146,0.710292,0.000022,0.710638,0.000017,Grass,0.000346,Paragneiss,Pyrenees,Pyrenees [Paragneiss],Ah,Paragneiss_Ah,18,"gabbros, tonalites, diorites",,T,Paleozoic,Carboniferous,"Namurian, Westphalian, Stephanian",335-295 Ma,335,295,plutonic,"calc-alkaline, subalkaline",continental collision,nulle ou faible,not applicable,not applicable,not applicable,not applicable,Zone axiale,Socle anté-Permian,Massifs varisques,Plutons varisques,1341,1344,"plutonisme basique - gabbros, diorites, tonalites - T"
France_T2.122,122,POINT (-1.049808999785455 43.34482999970476),122,1,141,142,1,121,43.34483,-1.049809,F11-147,c1,0.709409,0.000012,0.708607,0.000017,Grass,-0.000802,Impure carbonate sedimentary rock,Pyrenees,Pyrenees [Impure carbonate sedimentary rock],10163,10160,10160,199000000,110000,9,6,4,2,A,l,r,al,Alr_al,900006000402,1,84,A,Al,Alr,Alr_al,10160,Lusitanian,50-100,Calcereous rocks,Arable land,Atlantic-Lowland-Rocks-Arable land,149,149,"Mesozoic & Tertiary lowlands and scarpiands, Aquitaine Basin; Southern part; Pyrenean Piedmont (foothills)",8,208,93,1,3,116,142,126,92,104,96,66,99,79,102,144,121,30,32,30,49,50,49,58,62,60,43,46,44,5,7,6,11,12,11,21,22,21,14,15,14,36,332410,B,Cambisol,Good,F33,F33,F2,Mixed oak-ash forests,69,216,43.34483,-1.049809,F11-147,0.709409,0.000012,0.708607,0.000017,Grass,-0.000802,Impure carbonate sedimentary rock,Pyrenees,Pyrenees [Impure carbonate sedimentary rock],Al,Impure carbonate sedimentary rock_Al,c1,"marls, sandstones, limestones",,T,Mesozoic,Cretaceous,Lower Cretaceous,135-96 Ma,135,96,sedimentary,"aluminous, carbonatic",continental shelf,plissement isopaque,stratification,pyrénéen,not applicable,not applicable,Zone Nord-Pyrénéenne,sediments post-Carboniferouss,Chaînes alpines,sediments et volcanics,701,701,T
France_T2.123,123,POINT (-0.8324900001133528 43.223154000356885),123,1,142,143,1,122,43.223154,-0.83249,F11-148,c2,0.710111,0.000014,0,0,Grass,0,Schist,Pyrenees,Pyrenees [Schist],10316,10125,10125,2556000000,830000,9,7,11,4,A,h,r,pa,Ahr_pa,900007001104,1,111,A,Ah,Ahr,Ahr_pa,10125,Lusitanian,100-200,Detrital formations,Pastures,Atlantic-Hills-Rocks-Pastures,151,151,"Alpine fold mountain belt, Pyrenees Mountains",0,1442,226,5,9,51,164,114,54,158,97,19,119,71,58,171,111,30,36,31,45,52,48,56,65,60,41,50,44,2,11,6,8,16,11,19,26,21,10,19,14,193,330570,B,Cambisol,Good,F33,F33,F2,Mixed oak-ash forests,71,500,43.223154,-0.83249,F11-148,0.710111,0.000014,0,0,Grass,0,Schist,Pyrenees,Pyrenees [Schist],Ah,Schist_Ah,c2,"calcschists, marls, shales, conglomerates",,T,Mesozoic,Cretaceous,Upper Cretaceous,96-65 Ma,96,65,sedimentary,"siliceous, aluminous, carbonatic",flysch basin,plissement isopaque,stratification,pyrénéen,not applicable,not applicable,Zone Nord-Pyrénéenne,sediments post-Carboniferouss,Chaînes alpines,sediments et volcanics,621,624,flyschs varisques et alpins - T
France_T2.124,124,POINT (-0.2217400002007821 43.10526100009514),124,1,143,144,1,123,43.105261,-0.22174,F11-149,c2,0.711021,0.000023,0.711041,0.000009,Grass,0.00002,Clay,Pyrenees,Pyrenees [Clay],10407,10300,10300,454000000,360000,12,9,1,4,M,h,s,pa,Mhs_pa,1200009000100,1,231,M,Mh,Mhs,Mhs_pa,10300,Mediterranean North,300-500,River alluvium,Pastures,Mediterranean-Hills-Sediments-Pastures,151,151,"Alpine fold mountain belt, Pyrenees Mountains",121,1422,345,4,7,90,137,118,79,120,102,51,128,75,78,139,105,32,40,34,50,54,52,62,65,63,47,51,49,-1,6,3,4,11,9,14,21,19,7,14,12,162,332306,B,Cambisol,Good,U8,U8,U1,Flood-plain vegetation and moist lowland forests,118,26,43.105261,-0.22174,F11-149,0.711021,0.000023,0.711041,0.000009,Grass,0.00002,Clay,Pyrenees,Pyrenees [Clay],Mh,Clay_Mh,c2,"calcschists, marls, shales, conglomerates",,T,Mesozoic,Cretaceous,Upper Cretaceous,96-65 Ma,96,65,sedimentary,"siliceous, aluminous, carbonatic",flysch basin,plissement isopaque,stratification,pyrénéen,not applicable,not applicable,Zone Nord-Pyrénéenne,sediments post-Carboniferouss,Chaînes alpines,sediments et volcanics,621,624,flyschs varisques et alpins - T
France_T2.125,125,POINT (-0.2610140000959973 43.06886900000438),125,1,144,145,1,124,43.068869,-0.261014,F11-150,q2,0.709127,0.000013,0.708877,0.000009,Grass,-0.00025,Impure carbonate sedimentary rock,Pyrenees,Pyrenees [Impure carbonate sedimentary rock],10353,10392,10392,646000000,334000,11,13,4,6,M,m,r,fo,Mmr_fo,1100013000410,1,241,M,Mm,Mmr,Mmr_fo,10392,Mediterranean Mountains,1100-1500,Calcereous rocks,Forest,Mediterranean-Mountains-Rocks-Forest,151,151,"Alpine fold mountain belt, Pyrenees Mountains",204,2101,894,13,26,59,133,89,60,120,84,35,107,62,62,135,88,33,38,35,51,54,51,63,66,64,48,51,49,0,5,2,5,11,8,16,22,18,8,13,10,400,330387,I,Lithosol,Poor,F138,F138,F5b,"Montane to altimontane types, partly with fir and spruce",30,217,43.068869,-0.261014,F11-150,0.709127,0.000013,0.708877,0.000009,Grass,-0.00025,Impure carbonate sedimentary rock,Pyrenees,Pyrenees [Impure carbonate sedimentary rock],Mm,Impure carbonate sedimentary rock_Mm,q2,"clays, sands, gravels, pebbles",,T,Cenozoic,Quaternary,Middle-Upper Pleistocene,"0,75-0,01 Ma",0.75,0.01,sedimentary,"siliceous, aluminous",continental,nulle ou faible,stratification,not applicable,not applicable,not applicable,Indifférencié,Indifférencié,Formations superficielles,Formations superficielles,21,21,T
France_T2.126,126,POINT (0.6553790004405755 43.038144999592134),126,1,145,146,1,125,43.038145,0.655379,F11-151,c1,0.707782,0.000014,0.70798,0.000011,Grass,0.000198,Impure carbonate sedimentary rock,Pyrenees,Pyrenees [Impure carbonate sedimentary rock],10644,10577,10577,1095000064,582000,11,9,4,6,M,h,r,fo,Mhr_fo,1100009000410,1,224,M,Mh,Mhr,Mhr_fo,10577,Mediterranean Mountains,300-500,Calcereous rocks,Forest,Mediterranean-Hills-Rocks-Forest,151,151,"Alpine fold mountain belt, Pyrenees Mountains",295,1775,601,7,14,68,103,90,74,100,84,71,98,81,78,106,93,35,40,36,51,53,52,59,64,60,49,51,49,3,6,4,9,12,10,19,21,20,12,14,13,234,330468,E,Rendzina,Marginal,F137,F137,F5b,"Montane to altimontane types, partly with fir and spruce",79,218,43.038145,0.655379,F11-151,0.707782,0.000014,0.70798,0.000011,Grass,0.000198,Impure carbonate sedimentary rock,Pyrenees,Pyrenees [Impure carbonate sedimentary rock],Mh,Impure carbonate sedimentary rock_Mh,c1,"marls, sandstones, limestones",,T,Mesozoic,Cretaceous,Lower Cretaceous,135-96 Ma,135,96,sedimentary,"aluminous, carbonatic",continental shelf,plissement isopaque,stratification,pyrénéen,not applicable,not applicable,Zone Nord-Pyrénéenne,sediments post-Carboniferouss,Chaînes alpines,sediments et volcanics,701,701,T
France_T2.127,127,POINT (0.78810000011498 42.98146199997137),127,1,146,147,1,126,42.981462,0.7881,F11-152,bo,0.711377,0.000021,0,0,Grass,0,Paragneiss,Pyrenees,Pyrenees [Paragneiss],10644,10577,10577,1095000064,582000,11,9,4,6,M,h,r,fo,Mhr_fo,1100009000410,1,224,M,Mh,Mhr,Mhr_fo,10577,Mediterranean Mountains,300-500,Calcereous rocks,Forest,Mediterranean-Hills-Rocks-Forest,151,151,"Alpine fold mountain belt, Pyrenees Mountains",295,1775,601,7,14,68,103,90,74,100,84,71,98,81,78,106,93,35,40,36,51,53,52,59,64,60,49,51,49,3,6,4,9,12,10,19,21,20,12,14,13,234,330468,E,Rendzina,Marginal,F137,F137,F5b,"Montane to altimontane types, partly with fir and spruce",79,364,42.981462,0.7881,F11-152,0.711377,0.000021,0,0,Grass,0,Paragneiss,Pyrenees,Pyrenees [Paragneiss],Mh,Paragneiss_Mh,bo,"paragneisses, cipolins, amphibolites, leptynites",,T,"Proterozoic, Paleozoic","Neoproterozoic, Ordovician","Brioverian, Cambrian, Ordovician",670-435 Ma,670,435,metamorphic,"aluminous, carbonatic, magnesium",indeterminate,"plissement, cisaillement",foliation,varisque,néovarisque,amphibolite,Zone Nord-Pyrénéenne,Socle anté-Permian,Massifs varisques,Roches metamorphics,2221,2221,T
France_T2.128,128,POINT (1.0118640002234542 43.05563100017059),128,1,147,148,1,127,43.055631,1.011864,F11-153,c2,0.710212,0.000009,0.710938,0.000009,Grass,0.000726,Schist,Pyrenees,Pyrenees [Schist],10502,10605,10605,144000000,106000,11,9,12,5,M,h,r,ha,Mhr_ha,1100009001210,1,223,M,Mh,Mhr,Mhr_ha,10605,Mediterranean Mountains,300-500,Crystalline rocks and migmatites,Heterogeneous agric. areas,Mediterranean-Hills-Rocks-Heterogeneous agric. areas,151,151,"Alpine fold mountain belt, Pyrenees Mountains",312,661,462,3,6,87,103,95,74,87,79,71,84,77,91,101,98,35,37,36,52,53,52,59,61,60,49,50,49,4,6,4,10,12,10,20,21,20,12,14,13,76,332319,B,Cambisol,Good,F137,F137,F5b,"Montane to altimontane types, partly with fir and spruce",71,501,43.055631,1.011864,F11-153,0.710212,0.000009,0.710938,0.000009,Grass,0.000726,Schist,Pyrenees,Pyrenees [Schist],Mh,Schist_Mh,c2,"calcschists, marls, shales, conglomerates",,T,Mesozoic,Cretaceous,Upper Cretaceous,96-65 Ma,96,65,sedimentary,"siliceous, aluminous, carbonatic",flysch basin,plissement isopaque,stratification,pyrénéen,not applicable,not applicable,Zone Nord-Pyrénéenne,sediments post-Carboniferouss,Chaînes alpines,sediments et volcanics,621,624,flyschs varisques et alpins - T
France_T2.129,129,POINT (0.9999999999001261 43.13788299990057),129,1,148,149,1,128,43.137883,1,F11-154,e2,0.708489,0.000012,0.708254,0.000012,Grass,-0.000235,Impure carbonate sedimentary rock,Aquitaine Basin,Aquitaine Basin [Impure carbonate sedimentary rock],10460,10556,10556,94000000,102000,12,9,1,5,M,h,s,ha,Mhs_ha,1200009000110,1,232,M,Mh,Mhs,Mhs_ha,10556,Mediterranean North,300-500,River alluvium,Heterogeneous agric. areas,Mediterranean-Hills-Sediments-Heterogeneous agric. areas,151,151,"Alpine fold mountain belt, Pyrenees Mountains",276,502,369,2,4,95,103,99,74,80,76,75,81,78,93,101,97,35,36,35,53,53,53,60,61,60,48,49,48,5,6,5,11,12,11,21,21,21,14,14,14,52,332591,D,Podzoluvisol,Intermediate,F137,F137,F5b,"Montane to altimontane types, partly with fir and spruce",93,168,43.137883,1,F11-154,0.708489,0.000012,0.708254,0.000012,Grass,-0.000235,Impure carbonate sedimentary rock,Aquitaine Basin,Aquitaine Basin [Impure carbonate sedimentary rock],Mh,Impure carbonate sedimentary rock_Mh,e2,"marls, clays, limestones, sandstones, conglomerates",,T,Cenozoic,Paleogene,Upper-Middle Eocene,"46,0-33,7 Ma",46,33.7,sedimentary,"siliceous, aluminous, carbonatic","continental, platform",nulle ou faible,stratification,not applicable,not applicable,not applicable,Indifférencié,Indifférencié,basins et Fossés,sediments et volcanics,401,401,T
France_T2.130,130,POINT (2.0442729998990785 42.92126500017969),130,1,149,150,1,129,42.921265,2.044273,F11-155,c2,0.708054,0.000013,0.707938,0.00001,Grass,-0.000116,Limestone,Aquitaine Basin,Aquitaine Basin [Limestone],10749,10701,10701,1694000000,610000,12,9,4,6,M,h,r,fo,Mhr_fo,1200009000410,1,224,M,Mh,Mhr,Mhr_fo,10701,Mediterranean North,300-500,Calcereous rocks,Forest,Mediterranean-Hills-Rocks-Forest,151,151,"Alpine fold mountain belt, Pyrenees Mountains",0,1789,431,6,11,36,95,65,41,91,68,31,99,56,64,94,77,37,47,41,50,55,52,58,63,60,48,51,49,4,9,6,9,14,11,19,24,21,11,17,14,320,332420,B,Cambisol,Good,J14,J14,J2a,Meso-Mediterranean types,79,248,42.921265,2.044273,F11-155,0.708054,0.000013,0.707938,0.00001,Grass,-0.000116,Limestone,Aquitaine Basin,Aquitaine Basin [Limestone],Mh,Limestone_Mh,c2,"limestones, marls, clays, sands",,T,Mesozoic,Cretaceous,Upper Cretaceous,96-65 Ma,96,65,sedimentary,"siliceous, aluminous, carbonatic","platform, basin",nulle ou faible,stratification,not applicable,not applicable,not applicable,Indifférencié,Indifférencié,basins et Fossés,sediments et volcanics,621,621,T
France_T2.131,131,POINT (2.203155000003278 42.845777000308374),131,1,150,151,1,130,42.845777,2.203155,F11-156,c1,0.708581,0.000012,0.707858,0.000011,Grass,-0.000723,Impure carbonate sedimentary rock,Pyrenees,Pyrenees [Impure carbonate sedimentary rock],10749,10701,10701,1694000000,610000,12,9,4,6,M,h,r,fo,Mhr_fo,1200009000410,1,224,M,Mh,Mhr,Mhr_fo,10701,Mediterranean North,300-500,Calcereous rocks,Forest,Mediterranean-Hills-Rocks-Forest,151,151,"Alpine fold mountain belt, Pyrenees Mountains",0,1789,431,6,11,36,95,65,41,91,68,31,99,56,64,94,77,37,47,41,50,55,52,58,63,60,48,51,49,4,9,6,9,14,11,19,24,21,11,17,14,320,332420,B,Cambisol,Good,J14,J14,J2a,Meso-Mediterranean types,79,219,42.845777,2.203155,F11-156,0.708581,0.000012,0.707858,0.000011,Grass,-0.000723,Impure carbonate sedimentary rock,Pyrenees,Pyrenees [Impure carbonate sedimentary rock],Mh,Impure carbonate sedimentary rock_Mh,c1,"marls, sandstones, limestones",,T,Mesozoic,Cretaceous,Lower Cretaceous,135-96 Ma,135,96,sedimentary,"aluminous, carbonatic",continental shelf,plissement isopaque,stratification,pyrénéen,not applicable,not applicable,Zone Nord-Pyrénéenne,sediments post-Carboniferouss,Chaînes alpines,sediments et volcanics,701,701,T
France_T2.132,132,POINT (2.202868000258036 42.844017000084534),132,1,151,152,1,131,42.844017,2.202868,F11-157,c1,0.708243,0.000011,0.707772,0.00001,Grass,-0.000471,Impure carbonate sedimentary rock,Pyrenees,Pyrenees [Impure carbonate sedimentary rock],10749,10701,10701,1694000000,610000,12,9,4,6,M,h,r,fo,Mhr_fo,1200009000410,1,224,M,Mh,Mhr,Mhr_fo,10701,Mediterranean North,300-500,Calcereous rocks,Forest,Mediterranean-Hills-Rocks-Forest,151,151,"Alpine fold mountain belt, Pyrenees Mountains",0,1789,431,6,11,36,95,65,41,91,68,31,99,56,64,94,77,37,47,41,50,55,52,58,63,60,48,51,49,4,9,6,9,14,11,19,24,21,11,17,14,320,332420,B,Cambisol,Good,J14,J14,J2a,Meso-Mediterranean types,79,220,42.844017,2.202868,F11-157,0.708243,0.000011,0.707772,0.00001,Grass,-0.000471,Impure carbonate sedimentary rock,Pyrenees,Pyrenees [Impure carbonate sedimentary rock],Mh,Impure carbonate sedimentary rock_Mh,c1,"marls, sandstones, limestones",,T,Mesozoic,Cretaceous,Lower Cretaceous,135-96 Ma,135,96,sedimentary,"aluminous, carbonatic",continental shelf,plissement isopaque,stratification,pyrénéen,not applicable,not applicable,Zone Nord-Pyrénéenne,sediments post-Carboniferouss,Chaînes alpines,sediments et volcanics,701,701,T
France_T2.133,133,POINT (3.034092999692234 42.8556349998554),133,0,153,154,1,132,42.855635,3.034093,F11-159,q3,0.719151,0.000011,0.719033,0.000012,Grass,-0.000118,Mica schist,Pyrenees,Pyrenees [Mica schist],0,0,0,0,0,0,0,0,0,,,,,,0,0,0,,,,,0,,,,,,0,0,,0,0,0,0,0,0,0,0,0,0,0,0,0,0,0,0,0,0,0,0,0,0,0,0,0,0,0,0,0,0,0,0,0,0,0,0,0,0,0,0,0,0,0,,,,,,,,0,305,42.855635,3.034093,F11-159,0.719151,0.000011,0.719033,0.000012,Grass,-0.000118,Mica schist,Pyrenees,Pyrenees [Mica schist],<Null>,Mica schist_<Null>,q3,"sands, silts",,T,Cenozoic,Quaternary,Holocene,"0,01-0,00 Ma",0.01,0,sedimentary,"siliceous, aluminous",coastline,nulle ou faible,stratification,not applicable,not applicable,not applicable,Indifférencié,Indifférencié,Formations superficielles,Formations superficielles,1,2,dunes et cordons littoraux - T
France_T2.134,134,POINT (3.036709999866673 42.8518550000083),134,0,154,155,1,133,42.851855,3.03671,F11-160,q3,0.709102,0.000013,0.709175,0.000013,Tree root,0.000073,Sand,Pyrenees,Pyrenees [Sand],0,0,0,0,0,0,0,0,0,,,,,,0,0,0,,,,,0,,,,,,0,0,,0,0,0,0,0,0,0,0,0,0,0,0,0,0,0,0,0,0,0,0,0,0,0,0,0,0,0,0,0,0,0,0,0,0,0,0,0,0,0,0,0,0,0,,,,,,,,0,426,42.851855,3.03671,F11-160,0.709102,0.000013,0.709175,0.000013,Tree root,0.000073,Sand,Pyrenees,Pyrenees [Sand],<Null>,Sand_<Null>,q3,"sands, silts",,T,Cenozoic,Quaternary,Holocene,"0,01-0,00 Ma",0.01,0,sedimentary,"siliceous, aluminous",coastline,nulle ou faible,stratification,not applicable,not applicable,not applicable,Indifférencié,Indifférencié,Formations superficielles,Formations superficielles,1,2,dunes et cordons littoraux - T
France_T2.135,135,POINT (3.0202909999297276 42.903033000272785),135,1,155,156,1,134,42.903033,3.020291,F11-161,j,0.708638,0.000014,0.709126,0.000009,Shrub,0.000488,Limestone,Pyrenees,Pyrenees [Limestone],10715,10783,10783,98000000,94000,12,2,1,3,M,l,s,pc,Mls_pc,1200002000100,1,210,M,Ml,Mls,Mls_pc,10783,Mediterranean North,0-5,River alluvium,Permanent crops,Mediterranean-Lowland-Sediments-Permanent crops,99,99,"Mesozoic & Tertiary lowlands and scarplands, Rh“ne rift valley",0,233,36,1,3,32,48,40,38,50,43,29,38,33,67,77,72,44,46,45,54,55,54,62,63,62,50,51,50,7,8,7,13,14,13,23,23,23,15,16,15,54,330538,Z,Solonchak,Salinization,P26,P26,P2,Coastal and inland halophytic vegetation,294,288,42.903033,3.020291,F11-161,0.708638,0.000014,0.709126,0.000009,Shrub,0.000488,Limestone,Pyrenees,Pyrenees [Limestone],<Null>,Limestone_<Null>,j,"limestones, marls, dolomites",,T,Mesozoic,Jurassic,Jurassic,203-135 Ma,203,135,sedimentary,carbonatic,continental shelf,plissement isopaque,stratification,pyrénéen,not applicable,not applicable,basin Roussillon-Cerdagne,Indifférencié,Chaînes alpines,sediments et volcanics,921,921,T
France_T2.136,136,POINT (2.9378719996930727 42.878326000344714),136,1,156,157,1,135,42.878326,2.937872,F11-162,j,0.709268,0.000011,0.70938,0.000012,Grass,0.000112,Limestone,Pyrenees,Pyrenees [Limestone],10715,10783,10783,98000000,94000,12,2,1,3,M,l,s,pc,Mls_pc,1200002000100,1,210,M,Ml,Mls,Mls_pc,10783,Mediterranean North,0-5,River alluvium,Permanent crops,Mediterranean-Lowland-Sediments-Permanent crops,99,99,"Mesozoic & Tertiary lowlands and scarplands, Rh“ne rift valley",0,233,36,1,3,32,48,40,38,50,43,29,38,33,67,77,72,44,46,45,54,55,54,62,63,62,50,51,50,7,8,7,13,14,13,23,23,23,15,16,15,54,330538,Z,Solonchak,Salinization,P26,P26,P2,Coastal and inland halophytic vegetation,294,289,42.878326,2.937872,F11-162,0.709268,0.000011,0.70938,0.000012,Grass,0.000112,Limestone,Pyrenees,Pyrenees [Limestone],Ml,Limestone_Ml,j,"limestones, marls, dolomites",,T,Mesozoic,Jurassic,Jurassic,203-135 Ma,203,135,sedimentary,carbonatic,continental shelf,plissement isopaque,stratification,pyrénéen,not applicable,not applicable,Zone Nord-Pyrénéenne,sediments post-Carboniferouss,Chaînes alpines,sediments et volcanics,921,921,T
France_T2.137,137,POINT (2.8604529998061707 42.86631699962987),137,1,157,158,1,136,42.866317,2.860453,F11-163,c1,0.708602,0.000013,0.70828,0.000011,Shrub,-0.000322,Impure carbonate sedimentary rock,Pyrenees,Pyrenees [Impure carbonate sedimentary rock],10749,10701,10701,1694000000,610000,12,9,4,6,M,h,r,fo,Mhr_fo,1200009000410,1,224,M,Mh,Mhr,Mhr_fo,10701,Mediterranean North,300-500,Calcereous rocks,Forest,Mediterranean-Hills-Rocks-Forest,151,151,"Alpine fold mountain belt, Pyrenees Mountains",0,1789,431,6,11,36,95,65,41,91,68,31,99,56,64,94,77,37,47,41,50,55,52,58,63,60,48,51,49,4,9,6,9,14,11,19,24,21,11,17,14,320,332420,B,Cambisol,Good,J14,J14,J2a,Meso-Mediterranean types,79,221,42.866317,2.860453,F11-163,0.708602,0.000013,0.70828,0.000011,Shrub,-0.000322,Impure carbonate sedimentary rock,Pyrenees,Pyrenees [Impure carbonate sedimentary rock],Ml,Impure carbonate sedimentary rock_Ml,c1,"marls, sandstones, limestones",,T,Mesozoic,Cretaceous,Lower Cretaceous,135-96 Ma,135,96,sedimentary,"aluminous, carbonatic",continental shelf,plissement isopaque,stratification,pyrénéen,not applicable,not applicable,Zone Nord-Pyrénéenne,sediments post-Carboniferouss - Zone Interne metamorphic,Chaînes alpines,sediments et volcanics,701,701,T
France_T2.138,138,POINT (2.8748419996585994 42.940442999644745),138,1,158,159,1,137,42.940443,2.874842,F11-164,j,0.708368,0.00001,0.708856,0.000017,Grass,0.000488,Limestone,Pyrenees,Pyrenees [Limestone],10693,10740,10740,565000000,252000,12,9,12,7,M,h,r,sh,Mhr_sh,1200009001210,1,225,M,Mh,Mhr,Mhr_sh,10740,Mediterranean North,300-500,Crystalline rocks and migmatites,Shrubs & herbaceous vegetation,Mediterranean-Hills-Rocks-Shrubs & herbaceous vegetation,151,151,"Alpine fold mountain belt, Pyrenees Mountains",118,1028,484,6,10,48,91,75,50,84,72,38,67,56,73,86,79,39,45,41,52,54,52,59,62,59,49,50,49,5,7,5,11,13,11,20,23,21,13,15,13,167,332319,B,Cambisol,Good,G41,G41,G3,"Sub-Mediterranean and meso-supra-Mediterranean downy oak forests, as well as mixe",54,290,42.940443,2.874842,F11-164,0.708368,0.00001,0.708856,0.000017,Grass,0.000488,Limestone,Pyrenees,Pyrenees [Limestone],Mh,Limestone_Mh,j,"limestones, marls, dolomites",,T,Mesozoic,Jurassic,Jurassic,203-135 Ma,203,135,sedimentary,carbonatic,continental shelf,plissement isopaque,stratification,pyrénéen,not applicable,not applicable,Zone Nord-Pyrénéenne,sediments post-Carboniferouss,Chaînes alpines,sediments et volcanics,921,921,T
France_T2.139,139,POINT (2.815438999610194 43.05935800027157),139,1,159,160,1,138,43.059358,2.815439,F11-165,c2,0.71372,0.000014,0.713834,0.000007,Shrub (Rosemary),0.000114,Sandstone,Aquitaine Basin,Aquitaine Basin [Sandstone],10749,10701,10701,1694000000,610000,12,9,4,6,M,h,r,fo,Mhr_fo,1200009000410,1,224,M,Mh,Mhr,Mhr_fo,10701,Mediterranean North,300-500,Calcereous rocks,Forest,Mediterranean-Hills-Rocks-Forest,151,151,"Alpine fold mountain belt, Pyrenees Mountains",0,1789,431,6,11,36,95,65,41,91,68,31,99,56,64,94,77,37,47,41,50,55,52,58,63,60,48,51,49,4,9,6,9,14,11,19,24,21,11,17,14,320,332420,B,Cambisol,Good,J14,J14,J2a,Meso-Mediterranean types,79,431,43.059358,2.815439,F11-165,0.71372,0.000014,0.713834,0.000007,Shrub (Rosemary),0.000114,Sandstone,Aquitaine Basin,Aquitaine Basin [Sandstone],Mh,Sandstone_Mh,c2,"limestones, marls, clays, sands",,T,Mesozoic,Cretaceous,Upper Cretaceous,96-65 Ma,96,65,sedimentary,"siliceous, aluminous, carbonatic","platform, basin",nulle ou faible,stratification,not applicable,not applicable,not applicable,Indifférencié,Indifférencié,basins et Fossés,sediments et volcanics,621,621,T
France_T2.140,140,POINT (2.834108999930436 43.01546999984066),140,1,160,161,1,139,43.01547,2.834109,F11-166,t2-3,0.70819,0.000014,0.708424,0.000027,Grass,0.000234,Dolomite,Pyrenees,Pyrenees [Dolomite],10749,10701,10701,1694000000,610000,12,9,4,6,M,h,r,fo,Mhr_fo,1200009000410,1,224,M,Mh,Mhr,Mhr_fo,10701,Mediterranean North,300-500,Calcereous rocks,Forest,Mediterranean-Hills-Rocks-Forest,151,151,"Alpine fold mountain belt, Pyrenees Mountains",0,1789,431,6,11,36,95,65,41,91,68,31,99,56,64,94,77,37,47,41,50,55,52,58,63,60,48,51,49,4,9,6,9,14,11,19,24,21,11,17,14,320,332420,B,Cambisol,Good,J14,J14,J2a,Meso-Mediterranean types,79,48,43.01547,2.834109,F11-166,0.70819,0.000014,0.708424,0.000027,Grass,0.000234,Dolomite,Pyrenees,Pyrenees [Dolomite],Mh,Dolomite_Mh,t2-3,"dolomites, cargneules, evaporites, shales",,T,Mesozoic,Triassic,Upper-Middle Triassic,240-203 Ma,240,203,sedimentary,"aluminous, carbonatic, saliferous",continental shelf,plissement isopaque,stratification,pyrénéen,not applicable,not applicable,Zone Nord-Pyrénéenne,sediments post-Carboniferouss,Chaînes alpines,sediments et volcanics,1001,1001,T
France_T2.141,141,POINT (2.7797139997013574 43.050460000029034),141,1,161,162,1,140,43.05046,2.779714,F11-167,j,0.708978,0.000014,0.709355,0.00002,Grass,0.000377,Limestone,Pyrenees,Pyrenees [Limestone],10645,10673,10673,485000000,232000,12,9,1,7,M,h,s,sh,Mhs_sh,1200009000110,1,234,M,Mh,Mhs,Mhs_sh,10673,Mediterranean North,300-500,River alluvium,Shrubs & herbaceous vegetation,Mediterranean-Hills-Sediments-Shrubs & herbaceous vegetation,99,99,"Mesozoic & Tertiary lowlands and scarplands, Rh“ne rift valley",83,743,323,4,8,51,92,83,54,84,78,38,67,57,66,86,80,37,44,39,51,54,52,58,62,59,48,50,48,4,7,5,10,13,11,20,23,20,13,15,13,113,332486,L,Luvisol,Good,J15,J15,J2b,Supra-Mediterranean and relict types,50,291,43.05046,2.779714,F11-167,0.708978,0.000014,0.709355,0.00002,Grass,0.000377,Limestone,Pyrenees,Pyrenees [Limestone],Mh,Limestone_Mh,j,"limestones, marls, dolomites",,T,Mesozoic,Jurassic,Jurassic,203-135 Ma,203,135,sedimentary,carbonatic,continental shelf,plissement isopaque,stratification,pyrénéen,not applicable,not applicable,Zone Nord-Pyrénéenne,sediments post-Carboniferouss,Chaînes alpines,sediments et volcanics,921,921,T
France_T2.142,142,POINT (2.4000090002152206 43.12587199999285),142,1,164,165,1,141,43.125872,2.400009,F11-170,e2,0.709864,0.00001,0.710663,0.000014,Grass,0.000799,Impure carbonate sedimentary rock,Aquitaine Basin,Aquitaine Basin [Impure carbonate sedimentary rock],10645,10673,10673,485000000,232000,12,9,1,7,M,h,s,sh,Mhs_sh,1200009000110,1,234,M,Mh,Mhs,Mhs_sh,10673,Mediterranean North,300-500,River alluvium,Shrubs & herbaceous vegetation,Mediterranean-Hills-Sediments-Shrubs & herbaceous vegetation,99,99,"Mesozoic & Tertiary lowlands and scarplands, Rh“ne rift valley",83,743,323,4,8,51,92,83,54,84,78,38,67,57,66,86,80,37,44,39,51,54,52,58,62,59,48,50,48,4,7,5,10,13,11,20,23,20,13,15,13,113,332486,L,Luvisol,Good,J15,J15,J2b,Supra-Mediterranean and relict types,50,169,43.125872,2.400009,F11-170,0.709864,0.00001,0.710663,0.000014,Grass,0.000799,Impure carbonate sedimentary rock,Aquitaine Basin,Aquitaine Basin [Impure carbonate sedimentary rock],Mh,Impure carbonate sedimentary rock_Mh,e2,"marls, clays, limestones, sandstones, conglomerates",,T,Cenozoic,Paleogene,Upper-Middle Eocene,"46,0-33,7 Ma",46,33.7,sedimentary,"siliceous, aluminous, carbonatic","continental, platform",nulle ou faible,stratification,not applicable,not applicable,not applicable,Indifférencié,Indifférencié,basins et Fossés,sediments et volcanics,401,401,T
France_T2.143,143,POINT (2.405493000401691 43.01268700010502),143,1,165,166,1,142,43.012687,2.405493,F11-171,d,0.709188,0.000011,0.709048,0.000014,Moss,-0.00014,Limestone,Aquitaine Basin,Aquitaine Basin [Limestone],10693,10740,10740,565000000,252000,12,9,12,7,M,h,r,sh,Mhr_sh,1200009001210,1,225,M,Mh,Mhr,Mhr_sh,10740,Mediterranean North,300-500,Crystalline rocks and migmatites,Shrubs & herbaceous vegetation,Mediterranean-Hills-Rocks-Shrubs & herbaceous vegetation,151,151,"Alpine fold mountain belt, Pyrenees Mountains",118,1028,484,6,10,48,91,75,50,84,72,38,67,56,73,86,79,39,45,41,52,54,52,59,62,59,49,50,49,5,7,5,11,13,11,20,23,21,13,15,13,167,332319,B,Cambisol,Good,G41,G41,G3,"Sub-Mediterranean and meso-supra-Mediterranean downy oak forests, as well as mixe",54,249,43.012687,2.405493,F11-171,0.709188,0.000011,0.709048,0.000014,Moss,-0.00014,Limestone,Aquitaine Basin,Aquitaine Basin [Limestone],Mh,Limestone_Mh,d,"shales, sandstones, limestones, wackes",,T,Paleozoic,Devonian,Devonian,410-355 Ma,410,355,sedimentary,"siliceous, aluminous, carbonatic",continental shelf,plissement isopaque,stratification,varisque,not applicable,not applicable,Indifférencié,Indifférencié,Massifs varisques,sediments et volcanics,1581,1581,T
France_T2.144,144,POINT (2.4360670001919402 43.12343299993307),144,1,166,167,1,143,43.123433,2.436067,F11-172,e2,0.708674,0.000012,0.708103,0.000007,Moss,-0.000571,Impure carbonate sedimentary rock,Aquitaine Basin,Aquitaine Basin [Impure carbonate sedimentary rock],10645,10673,10673,485000000,232000,12,9,1,7,M,h,s,sh,Mhs_sh,1200009000110,1,234,M,Mh,Mhs,Mhs_sh,10673,Mediterranean North,300-500,River alluvium,Shrubs & herbaceous vegetation,Mediterranean-Hills-Sediments-Shrubs & herbaceous vegetation,99,99,"Mesozoic & Tertiary lowlands and scarplands, Rh“ne rift valley",83,743,323,4,8,51,92,83,54,84,78,38,67,57,66,86,80,37,44,39,51,54,52,58,62,59,48,50,48,4,7,5,10,13,11,20,23,20,13,15,13,113,332486,L,Luvisol,Good,J15,J15,J2b,Supra-Mediterranean and relict types,50,170,43.123433,2.436067,F11-172,0.708674,0.000012,0.708103,0.000007,Moss,-0.000571,Impure carbonate sedimentary rock,Aquitaine Basin,Aquitaine Basin [Impure carbonate sedimentary rock],Mh,Impure carbonate sedimentary rock_Mh,e2,"marls, clays, limestones, sandstones, conglomerates",,T,Cenozoic,Paleogene,Upper-Middle Eocene,"46,0-33,7 Ma",46,33.7,sedimentary,"siliceous, aluminous, carbonatic","continental, platform",nulle ou faible,stratification,not applicable,not applicable,not applicable,Indifférencié,Indifférencié,basins et Fossés,sediments et volcanics,401,401,T
France_T2.145,145,POINT (2.89226700012199 42.60074100039691),145,1,167,168,1,144,42.600741,2.892267,F11-173,q3,0.715935,0.000012,0,0,Grass,0,Sand,Pyrenees,Pyrenees [Sand],10882,10863,10863,667000000,276000,12,6,1,3,M,l,s,pc,Mls_pc,1200006000100,1,210,M,Ml,Mls,Mls_pc,10863,Mediterranean North,50-100,River alluvium,Permanent crops,Mediterranean-Lowland-Sediments-Permanent crops,99,99,"Mesozoic & Tertiary lowlands and scarplands, Rh“ne rift valley",0,1026,78,1,3,32,68,37,38,61,42,31,47,37,69,85,78,44,48,46,53,55,54,61,64,62,50,51,50,7,10,9,13,15,14,23,25,24,15,17,16,114,332538,L,Luvisol,Good,J14,J14,J2a,Meso-Mediterranean types,294,427,42.600741,2.892267,F11-173,0.715935,0.000012,0,0,Grass,0,Sand,Pyrenees,Pyrenees [Sand],Ml,Sand_Ml,q3,"sands, clays, gravels, pebbles",,T,Cenozoic,Quaternary,Holocene,"0,01-0,00 Ma",0.01,0,sedimentary,"siliceous, aluminous",continental,nulle ou faible,stratification,not applicable,not applicable,not applicable,Indifférencié,Indifférencié,Formations superficielles,Formations superficielles,1,1,T
France_T2.146,146,POINT (3.008121999930381 42.6155139999712),146,1,168,169,1,145,42.615514,3.008122,F11-174,q3,0.715468,0.000014,0.71526,0.000013,Grass,-0.000208,Sand,Pyrenees,Pyrenees [Sand],10882,10863,10863,667000000,276000,12,6,1,3,M,l,s,pc,Mls_pc,1200006000100,1,210,M,Ml,Mls,Mls_pc,10863,Mediterranean North,50-100,River alluvium,Permanent crops,Mediterranean-Lowland-Sediments-Permanent crops,99,99,"Mesozoic & Tertiary lowlands and scarplands, Rh“ne rift valley",0,1026,78,1,3,32,68,37,38,61,42,31,47,37,69,85,78,44,48,46,53,55,54,61,64,62,50,51,50,7,10,9,13,15,14,23,25,24,15,17,16,114,332538,L,Luvisol,Good,J14,J14,J2a,Meso-Mediterranean types,294,428,42.615514,3.008122,F11-174,0.715468,0.000014,0.71526,0.000013,Grass,-0.000208,Sand,Pyrenees,Pyrenees [Sand],Ml,Sand_Ml,q3,"sands, clays, gravels, pebbles",,T,Cenozoic,Quaternary,Holocene,"0,01-0,00 Ma",0.01,0,sedimentary,"siliceous, aluminous",continental,nulle ou faible,stratification,not applicable,not applicable,not applicable,Indifférencié,Indifférencié,Formations superficielles,Formations superficielles,1,1,T
France_T2.147,147,POINT (2.337065999696165 42.57263600025124),147,1,169,170,1,146,42.572636,2.337066,F11-175,d,0.713366,0.000013,0.714901,0.000014,Grass,0.001535,Schist,Pyrenees,Pyrenees [Schist],10980,10891,10891,1115000064,446000,11,9,4,6,M,h,r,fo,Mhr_fo,1100009000410,1,224,M,Mh,Mhr,Mhr_fo,10891,Mediterranean Mountains,300-500,Calcereous rocks,Forest,Mediterranean-Hills-Rocks-Forest,151,151,"Alpine fold mountain belt, Pyrenees Mountains",108,2262,717,10,19,44,108,66,44,92,67,31,100,58,70,102,84,42,48,44,48,54,52,60,63,61,49,51,50,0,9,6,5,15,12,16,25,22,8,18,15,411,330378,I,Lithosol,Poor,J15,J15,J2b,Supra-Mediterranean and relict types,79,502,42.572636,2.337066,F11-175,0.713366,0.000013,0.714901,0.000014,Grass,0.001535,Schist,Pyrenees,Pyrenees [Schist],Mh,Schist_Mh,d,"shales, sandstones, limestones, wackes",,T,Paleozoic,Devonian,Devonian,410-355 Ma,410,355,sedimentary,"siliceous, aluminous, carbonatic",continental shelf,plissement isopaque,stratification,varisque,not applicable,not applicable,Zone axiale,Socle anté-Permian,Massifs varisques,sediments et volcanics,1581,1581,T
France_T2.148,148,POINT (2.337205999857076 42.57265700032036),148,1,170,171,1,147,42.572657,2.337206,F11-176,d,0.714059,0.000011,0.715429,0.00001,Grass,0.00137,Schist,Pyrenees,Pyrenees [Schist],10980,10891,10891,1115000064,446000,11,9,4,6,M,h,r,fo,Mhr_fo,1100009000410,1,224,M,Mh,Mhr,Mhr_fo,10891,Mediterranean Mountains,300-500,Calcereous rocks,Forest,Mediterranean-Hills-Rocks-Forest,151,151,"Alpine fold mountain belt, Pyrenees Mountains",108,2262,717,10,19,44,108,66,44,92,67,31,100,58,70,102,84,42,48,44,48,54,52,60,63,61,49,51,50,0,9,6,5,15,12,16,25,22,8,18,15,411,330378,I,Lithosol,Poor,J15,J15,J2b,Supra-Mediterranean and relict types,79,503,42.572657,2.337206,F11-176,0.714059,0.000011,0.715429,0.00001,Grass,0.00137,Schist,Pyrenees,Pyrenees [Schist],Mh,Schist_Mh,d,"shales, sandstones, limestones, wackes",,T,Paleozoic,Devonian,Devonian,410-355 Ma,410,355,sedimentary,"siliceous, aluminous, carbonatic",continental shelf,plissement isopaque,stratification,varisque,not applicable,not applicable,Zone axiale,Socle anté-Permian,Massifs varisques,sediments et volcanics,1581,1581,T
France_T2.149,149,POINT (2.287896000300236 42.56129199962612),149,1,171,172,1,148,42.561292,2.287896,F11-178,bo,0.720405,0.00001,0.720005,0.000007,Flower,-0.0004,Schist,Pyrenees,Pyrenees [Schist],10980,10891,10891,1115000064,446000,11,9,4,6,M,h,r,fo,Mhr_fo,1100009000410,1,224,M,Mh,Mhr,Mhr_fo,10891,Mediterranean Mountains,300-500,Calcereous rocks,Forest,Mediterranean-Hills-Rocks-Forest,151,151,"Alpine fold mountain belt, Pyrenees Mountains",108,2262,717,10,19,44,108,66,44,92,67,31,100,58,70,102,84,42,48,44,48,54,52,60,63,61,49,51,50,0,9,6,5,15,12,16,25,22,8,18,15,411,330378,I,Lithosol,Poor,J15,J15,J2b,Supra-Mediterranean and relict types,79,504,42.561292,2.287896,F11-178,0.720405,0.00001,0.720005,0.000007,Flower,-0.0004,Schist,Pyrenees,Pyrenees [Schist],Mh,Schist_Mh,bo,"shales, limestones, wackes, tuffites, quartzites",,T,"Proterozoic, Paleozoic","Neoproterozoic, Ordovician","Brioverian, Cambrian, Ordovician",670-435 Ma,670,435,sedimentary,"siliceous, aluminous, carbonatic",continental shelf,plissement isopaque,stratification,varisque,not applicable,not applicable,Zone axiale,Socle anté-Permian,Massifs varisques,sediments et volcanics,2221,2221,T
France_T2.150,150,POINT (2.1680259997001485 42.507204000064576),150,1,173,174,1,149,42.507204,2.168026,F11-180,18,0.723054,0.000014,0.724007,0.000007,Grass,0.000953,Granite,Pyrenees,Pyrenees [Granite],10909,10604,10604,6446000128,2132000,5,13,12,6,Z,m,r,fo,Zmr_fo,500013001206,1,175,Z,Zm,Zmr,Zmr_fo,10604,Alpine South,1100-1500,Crystalline rocks and migmatites,Forest,Alpine-Mountains-Rocks-Forest,151,151,"Alpine fold mountain belt, Pyrenees Mountains",193,2709,1396,14,27,44,103,73,47,111,86,31,114,87,69,127,93,36,46,41,48,54,50,58,65,61,48,52,50,-2,8,3,2,14,8,13,24,18,6,16,11,458,342193,B,Cambisol,Good,F138,F138,F5b,"Montane to altimontane types, partly with fir and spruce",18,125,42.507204,2.168026,F11-180,0.723054,0.000014,0.724007,0.000007,Grass,0.000953,Granite,Pyrenees,Pyrenees [Granite],Zm,Granite_Zm,18,"monzogranites, granodiorites",,T,Paleozoic,Carboniferous,"Namurian, Westphalian, Stephanian",335-295 Ma,335,295,plutonic,calc-alkaline,continental collision,nulle ou faible,not applicable,not applicable,not applicable,not applicable,Zone axiale,Socle anté-Permian,Massifs varisques,Plutons varisques,1341,1348,granitoides calc-alkalines - T
France_T2.151,151,POINT (2.1377750004159566 42.50872900024319),151,1,174,175,1,150,42.508729,2.137775,F11-181,18,0.722415,0.000013,0.721581,0.000007,Grass,-0.000834,Granite,Pyrenees,Pyrenees [Granite],10909,10604,10604,6446000128,2132000,5,13,12,6,Z,m,r,fo,Zmr_fo,500013001206,1,175,Z,Zm,Zmr,Zmr_fo,10604,Alpine South,1100-1500,Crystalline rocks and migmatites,Forest,Alpine-Mountains-Rocks-Forest,151,151,"Alpine fold mountain belt, Pyrenees Mountains",193,2709,1396,14,27,44,103,73,47,111,86,31,114,87,69,127,93,36,46,41,48,54,50,58,65,61,48,52,50,-2,8,3,2,14,8,13,24,18,6,16,11,458,342193,B,Cambisol,Good,F138,F138,F5b,"Montane to altimontane types, partly with fir and spruce",18,126,42.508729,2.137775,F11-181,0.722415,0.000013,0.721581,0.000007,Grass,-0.000834,Granite,Pyrenees,Pyrenees [Granite],Zm,Granite_Zm,18,"monzogranites, granodiorites",,T,Paleozoic,Carboniferous,"Namurian, Westphalian, Stephanian",335-295 Ma,335,295,plutonic,calc-alkaline,continental collision,nulle ou faible,not applicable,not applicable,not applicable,not applicable,Zone axiale,Socle anté-Permian,Massifs varisques,Plutons varisques,1341,1348,granitoides calc-alkalines - T
France_T2.152,152,POINT (1.9008759998275764 42.46270000000504),152,1,175,176,1,151,42.4627,1.900876,F11-182,bo,0.725277,0.000015,0.724532,0.000006,Grass,-0.000745,Conglomerate,Pyrenees,Pyrenees [Conglomerate],10859,10911,10911,141000000,122000,5,13,1,4,Z,m,s,pa,Zms_pa,500013000104,1,180,Z,Zm,Zms,Zms_pa,10911,Alpine South,1100-1500,River alluvium,Pastures,Alpine-Mountains-Sediments-Pastures,151,151,"Alpine fold mountain belt, Pyrenees Mountains",1006,2388,1262,8,16,44,63,50,74,87,78,75,94,86,75,94,83,43,44,43,49,51,50,61,62,61,50,51,50,2,6,4,7,12,10,17,22,20,10,14,12,194,340653,J,Fluvisol,Hydromorphic,K5,K5,K1,"Nemoral, sub- and oro-Mediterranean pine forests",36,44,42.4627,1.900876,F11-182,0.725277,0.000015,0.724532,0.000006,Grass,-0.000745,Conglomerate,Pyrenees,Pyrenees [Conglomerate],Zm,Conglomerate_Zm,bo,"shales, limestones, wackes, tuffites, quartzites",,T,"Proterozoic, Paleozoic","Neoproterozoic, Ordovician","Brioverian, Cambrian, Ordovician",670-435 Ma,670,435,sedimentary,"siliceous, aluminous, carbonatic",continental shelf,plissement isopaque,stratification,varisque,not applicable,not applicable,Zone axiale,Socle anté-Permian,Massifs varisques,sediments et volcanics,2221,2221,T
France_T2.153,153,POINT (1.8362829996607388 42.502630999620976),153,1,176,177,1,152,42.502631,1.836283,F11-183,18,0.714069,0.000009,0.714607,0.000012,Grass,0.000538,Granite,Pyrenees,Pyrenees [Granite],10859,10911,10911,141000000,122000,5,13,1,4,Z,m,s,pa,Zms_pa,500013000104,1,180,Z,Zm,Zms,Zms_pa,10911,Alpine South,1100-1500,River alluvium,Pastures,Alpine-Mountains-Sediments-Pastures,151,151,"Alpine fold mountain belt, Pyrenees Mountains",1006,2388,1262,8,16,44,63,50,74,87,78,75,94,86,75,94,83,43,44,43,49,51,50,61,62,61,50,51,50,2,6,4,7,12,10,17,22,20,10,14,12,194,340653,J,Fluvisol,Hydromorphic,K5,K5,K1,"Nemoral, sub- and oro-Mediterranean pine forests",36,127,42.502631,1.836283,F11-183,0.714069,0.000009,0.714607,0.000012,Grass,0.000538,Granite,Pyrenees,Pyrenees [Granite],Zm,Granite_Zm,18,"monzogranites, granodiorites",,T,Paleozoic,Carboniferous,"Namurian, Westphalian, Stephanian",335-295 Ma,335,295,plutonic,calc-alkaline,continental collision,nulle ou faible,not applicable,not applicable,not applicable,not applicable,Zone axiale,Socle anté-Permian,Massifs varisques,Plutons varisques,1341,1348,granitoides calc-alkalines - T
France_T2.154,154,POINT (1.8337390001547647 42.71820099957654),154,1,179,180,1,153,42.718201,1.833739,F11-186,bo,0.723437,0.000015,0.724739,0.000012,Grass,0.001302,Schist,Pyrenees,Pyrenees [Schist],10909,10604,10604,6446000128,2132000,5,13,12,6,Z,m,r,fo,Zmr_fo,500013001206,1,175,Z,Zm,Zmr,Zmr_fo,10604,Alpine South,1100-1500,Crystalline rocks and migmatites,Forest,Alpine-Mountains-Rocks-Forest,151,151,"Alpine fold mountain belt, Pyrenees Mountains",193,2709,1396,14,27,44,103,73,47,111,86,31,114,87,69,127,93,36,46,41,48,54,50,58,65,61,48,52,50,-2,8,3,2,14,8,13,24,18,6,16,11,458,342193,B,Cambisol,Good,F138,F138,F5b,"Montane to altimontane types, partly with fir and spruce",18,505,42.718201,1.833739,F11-186,0.723437,0.000015,0.724739,0.000012,Grass,0.001302,Schist,Pyrenees,Pyrenees [Schist],Zm,Schist_Zm,bo,"shales, limestones, wackes, tuffites, quartzites",,T,"Proterozoic, Paleozoic","Neoproterozoic, Ordovician","Brioverian, Cambrian, Ordovician",670-435 Ma,670,435,sedimentary,"siliceous, aluminous, carbonatic",continental shelf,plissement isopaque,stratification,varisque,not applicable,not applicable,Zone axiale,Socle anté-Permian,Massifs varisques,sediments et volcanics,2221,2221,T
France_T2.155,155,POINT (1.633324000302423 42.87438100008313),155,1,180,181,1,154,42.874381,1.633324,F11-187,b,0.716194,0.000014,0.715755,0.000011,Grass,-0.000439,Migmatite,Pyrenees,Pyrenees [Migmatite],10644,10577,10577,1095000064,582000,11,9,4,6,M,h,r,fo,Mhr_fo,1100009000410,1,224,M,Mh,Mhr,Mhr_fo,10577,Mediterranean Mountains,300-500,Calcereous rocks,Forest,Mediterranean-Hills-Rocks-Forest,151,151,"Alpine fold mountain belt, Pyrenees Mountains",295,1775,601,7,14,68,103,90,74,100,84,71,98,81,78,106,93,35,40,36,51,53,52,59,64,60,49,51,49,3,6,4,9,12,10,19,21,20,12,14,13,234,330468,E,Rendzina,Marginal,F137,F137,F5b,"Montane to altimontane types, partly with fir and spruce",79,321,42.874381,1.633324,F11-187,0.716194,0.000014,0.715755,0.000011,Grass,-0.000439,Migmatite,Pyrenees,Pyrenees [Migmatite],Mh,Migmatite_Mh,b,para-migmatites,,T,Proterozoic,Neoproterozoic,Brioverian,670-540 Ma,670,540,metamorphic,"siliceous, aluminous",indeterminate,"cisaillement, écoulement",foliation,varisque,néovarisque,anatexie,Zone Nord-Pyrénéenne,Socle anté-Permian,Massifs varisques,Roches metamorphics,2141,2141,T
France_T2.156,156,POINT (-0.8152629997875351 45.167406000286746),156,1,181,182,1,155,45.167406,-0.815263,F11-188,g,0.710284,0.000015,0.710713,0.000009,Tree root,0.000429,Impure carbonate sedimentary rock,Aquitaine Basin,Aquitaine Basin [Impure carbonate sedimentary rock],9401,8916,8916,3912000000,2220000,9,5,1,2,A,l,s,al,Als_al,900005000102,1,93,A,Al,Als,Als_al,8916,Lusitanian,20-50,River alluvium,Arable land,Atlantic-Lowland-Sediments-Arable land,147,147,"Mesozoic & Tertiary lowlands and scarplands, Aquitaine Basin; Northern part",0,193,29,0,1,67,88,79,45,63,49,49,71,59,65,92,78,26,28,27,48,50,49,52,55,53,42,44,42,4,6,5,11,12,11,19,20,19,12,14,13,30,330363,G,Gleysol,Hydromorphic,U8,U8,U1,Flood-plain vegetation and moist lowland forests,142,171,45.167406,-0.815263,F11-188,0.710284,0.000015,0.710713,0.000009,Tree root,0.000429,Impure carbonate sedimentary rock,Aquitaine Basin,Aquitaine Basin [Impure carbonate sedimentary rock],Mh,Impure carbonate sedimentary rock_Mh,g,"marls, clays, limestones, conglomerates",,T,Cenozoic,Paleogene,Oligocene,"33,7-23,5 Ma",33.7,23.5,sedimentary,"siliceous, aluminous, carbonatic","continental, platform",nulle ou faible,stratification,not applicable,not applicable,not applicable,Indifférencié,Indifférencié,basins et Fossés,sediments et volcanics,301,301,T
France_T2.157,157,POINT (-0.7501679998532609 45.18151699990966),157,1,182,183,1,156,45.181517,-0.750168,F11-189,e2,0.709069,0.000007,0,0,Tree root,0,Impure carbonate sedimentary rock,Aquitaine Basin,Aquitaine Basin [Impure carbonate sedimentary rock],9171,9200,9200,44000000,70000,9,2,1,10,A,l,s,wa,Als_wa,900002000110,1,101,A,Al,Als,Als_wa,9200,Lusitanian,0-5,River alluvium,Waterbodies,Atlantic-Lowland-Sediments-Waterbodies,147,147,"Mesozoic & Tertiary lowlands and scarplands, Aquitaine Basin; Northern part",0,21,5,0,0,81,85,82,47,50,48,58,63,59,84,85,84,27,28,27,49,50,49,53,54,53,43,43,43,6,6,6,12,12,12,20,20,20,13,14,13,4,330363,G,Gleysol,Hydromorphic,U8,U8,U1,Flood-plain vegetation and moist lowland forests,51,172,45.181517,-0.750168,F11-189,0.709069,0.000007,0,0,Tree root,0,Impure carbonate sedimentary rock,Aquitaine Basin,Aquitaine Basin [Impure carbonate sedimentary rock],Mh,Impure carbonate sedimentary rock_Mh,e2,"marls, clays, limestones, sandstones, conglomerates",,T,Cenozoic,Paleogene,Upper-Middle Eocene,"46,0-33,7 Ma",46,33.7,sedimentary,"siliceous, aluminous, carbonatic","continental, platform",nulle ou faible,stratification,not applicable,not applicable,not applicable,Indifférencié,Indifférencié,basins et Fossés,sediments et volcanics,401,401,T
France_T2.158,158,POINT (-0.6848660002656288 45.08126300008746),158,1,183,184,1,157,45.081263,-0.684866,F11-190,q3,0.709322,0.000013,0.709774,0.000009,Grass,0.000452,Clay,Aquitaine Basin,Aquitaine Basin [Clay],9401,8916,8916,3912000000,2220000,9,5,1,2,A,l,s,al,Als_al,900005000102,1,93,A,Al,Als,Als_al,8916,Lusitanian,20-50,River alluvium,Arable land,Atlantic-Lowland-Sediments-Arable land,147,147,"Mesozoic & Tertiary lowlands and scarplands, Aquitaine Basin; Northern part",0,193,29,0,1,67,88,79,45,63,49,49,71,59,65,92,78,26,28,27,48,50,49,52,55,53,42,44,42,4,6,5,11,12,11,19,20,19,12,14,13,30,330363,G,Gleysol,Hydromorphic,U8,U8,U1,Flood-plain vegetation and moist lowland forests,142,10,45.081263,-0.684866,F11-190,0.709322,0.000013,0.709774,0.000009,Grass,0.000452,Clay,Aquitaine Basin,Aquitaine Basin [Clay],Al,Clay_Al,q3,"sands, clays, gravels, pebbles",,T,Cenozoic,Quaternary,Holocene,"0,01-0,00 Ma",0.01,0,sedimentary,"siliceous, aluminous",continental,nulle ou faible,stratification,not applicable,not applicable,not applicable,Indifférencié,Indifférencié,Formations superficielles,Formations superficielles,1,1,T
France_T2.159,159,POINT (-0.7573510001485033 45.082088000360955),159,1,184,185,1,158,45.082088,-0.757351,F11-191,q1,0.709685,0.000016,0.710672,0.00001,Grass,0.000987,Sand,Aquitaine Basin,Aquitaine Basin [Sand],9401,8916,8916,3912000000,2220000,9,5,1,2,A,l,s,al,Als_al,900005000102,1,93,A,Al,Als,Als_al,8916,Lusitanian,20-50,River alluvium,Arable land,Atlantic-Lowland-Sediments-Arable land,147,147,"Mesozoic & Tertiary lowlands and scarplands, Aquitaine Basin; Northern part",0,193,29,0,1,67,88,79,45,63,49,49,71,59,65,92,78,26,28,27,48,50,49,52,55,53,42,44,42,4,6,5,11,12,11,19,20,19,12,14,13,30,330363,G,Gleysol,Hydromorphic,U8,U8,U1,Flood-plain vegetation and moist lowland forests,142,398,45.082088,-0.757351,F11-191,0.709685,0.000016,0.710672,0.00001,Grass,0.000987,Sand,Aquitaine Basin,Aquitaine Basin [Sand],Al,Sand_Al,q1,"sands, cobbles, pebbles, clays",,T,Cenozoic,Quaternary,Lower Pleistocene,"1,75-0,75 Ma",1.75,0.75,sedimentary,"siliceous, aluminous",continental,nulle ou faible,stratification,not applicable,not applicable,not applicable,Indifférencié,Indifférencié,Formations superficielles,Formations superficielles,101,101,T
France_T2.160,160,POINT (-0.914833999589348 45.281956000169316),160,1,185,186,1,159,45.281956,-0.914834,F11-192,pq1,0.710713,0.000015,0.710411,0.000011,Moss,-0.000302,Sand,Aquitaine Basin,Aquitaine Basin [Sand],9442,9090,9090,2350000128,542000,9,5,7,6,A,l,s,fo,Als_fo,900005000706,1,97,A,Al,Als,Als_fo,9090,Lusitanian,20-50,Sands,Forest,Atlantic-Lowland-Sediments-Forest,148,148,"Mesozoic & Tertiary lowlands and scarplands, Aquitaine Basin; Western part; The Landes sand plain",0,55,24,0,0,76,99,89,47,53,49,54,69,63,82,108,94,27,28,27,49,50,49,52,55,53,41,43,42,6,7,6,12,12,12,20,21,20,13,15,13,11,332619,P,Podzol,Marginal,F7,F7,F1a,Lowland to submontane types (Acidophilous oak and mixed oak forests),63,399,45.281956,-0.914834,F11-192,0.710713,0.000015,0.710411,0.000011,Moss,-0.000302,Sand,Aquitaine Basin,Aquitaine Basin [Sand],Al,Sand_Al,pq1,"sands, cobbles, clays",,T,Cenozoic,Quaternary,"Pliocene, Lower Pleistocene","5,30-0,75 Ma",5.3,0.75,sedimentary,"siliceous, aluminous",continental,nulle ou faible,stratification,not applicable,not applicable,not applicable,Indifférencié,Indifférencié,Formations superficielles,Formations superficielles,161,161,T
France_T2.161,161,POINT (-0.9195640000784806 45.31134099998724),161,1,186,187,1,160,45.311341,-0.919564,F11-193,g,0.708743,0.000007,0.709533,0.000008,Moss,0.00079,Impure carbonate sedimentary rock,Aquitaine Basin,Aquitaine Basin [Impure carbonate sedimentary rock],9442,9090,9090,2350000128,542000,9,5,7,6,A,l,s,fo,Als_fo,900005000706,1,97,A,Al,Als,Als_fo,9090,Lusitanian,20-50,Sands,Forest,Atlantic-Lowland-Sediments-Forest,148,148,"Mesozoic & Tertiary lowlands and scarplands, Aquitaine Basin; Western part; The Landes sand plain",0,55,24,0,0,76,99,89,47,53,49,54,69,63,82,108,94,27,28,27,49,50,49,52,55,53,41,43,42,6,7,6,12,12,12,20,21,20,13,15,13,11,332619,P,Podzol,Marginal,F7,F7,F1a,Lowland to submontane types (Acidophilous oak and mixed oak forests),63,173,45.311341,-0.919564,F11-193,0.708743,0.000007,0.709533,0.000008,Moss,0.00079,Impure carbonate sedimentary rock,Aquitaine Basin,Aquitaine Basin [Impure carbonate sedimentary rock],Al,Impure carbonate sedimentary rock_Al,g,"marls, clays, limestones, conglomerates",,T,Cenozoic,Paleogene,Oligocene,"33,7-23,5 Ma",33.7,23.5,sedimentary,"siliceous, aluminous, carbonatic","continental, platform",nulle ou faible,stratification,not applicable,not applicable,not applicable,Indifférencié,Indifférencié,basins et Fossés,sediments et volcanics,301,301,T
France_T2.162,162,POINT (-0.8544959995906538 45.31841599979862),162,1,187,188,1,161,45.318416,-0.854496,F11-194,e2,0.708895,0.000009,0.7091,0.000011,Grass,0.000205,Impure carbonate sedimentary rock,Aquitaine Basin,Aquitaine Basin [Impure carbonate sedimentary rock],9401,8916,8916,3912000000,2220000,9,5,1,2,A,l,s,al,Als_al,900005000102,1,93,A,Al,Als,Als_al,8916,Lusitanian,20-50,River alluvium,Arable land,Atlantic-Lowland-Sediments-Arable land,147,147,"Mesozoic & Tertiary lowlands and scarplands, Aquitaine Basin; Northern part",0,193,29,0,1,67,88,79,45,63,49,49,71,59,65,92,78,26,28,27,48,50,49,52,55,53,42,44,42,4,6,5,11,12,11,19,20,19,12,14,13,30,330363,G,Gleysol,Hydromorphic,U8,U8,U1,Flood-plain vegetation and moist lowland forests,142,174,45.318416,-0.854496,F11-194,0.708895,0.000009,0.7091,0.000011,Grass,0.000205,Impure carbonate sedimentary rock,Aquitaine Basin,Aquitaine Basin [Impure carbonate sedimentary rock],Al,Impure carbonate sedimentary rock_Al,e2,"marls, clays, limestones, sandstones, conglomerates",,T,Cenozoic,Paleogene,Upper-Middle Eocene,"46,0-33,7 Ma",46,33.7,sedimentary,"siliceous, aluminous, carbonatic","continental, platform",nulle ou faible,stratification,not applicable,not applicable,not applicable,Indifférencié,Indifférencié,basins et Fossés,sediments et volcanics,401,401,T
France_T2.163,163,POINT (-0.8411799997571165 45.37228400000663),163,1,188,189,1,162,45.372284,-0.84118,F11-195,q3,0.709221,0.000012,0.709695,0.000012,Tree root,0.000474,Clay,Aquitaine Basin,Aquitaine Basin [Clay],9401,8916,8916,3912000000,2220000,9,5,1,2,A,l,s,al,Als_al,900005000102,1,93,A,Al,Als,Als_al,8916,Lusitanian,20-50,River alluvium,Arable land,Atlantic-Lowland-Sediments-Arable land,147,147,"Mesozoic & Tertiary lowlands and scarplands, Aquitaine Basin; Northern part",0,193,29,0,1,67,88,79,45,63,49,49,71,59,65,92,78,26,28,27,48,50,49,52,55,53,42,44,42,4,6,5,11,12,11,19,20,19,12,14,13,30,330363,G,Gleysol,Hydromorphic,U8,U8,U1,Flood-plain vegetation and moist lowland forests,142,11,45.372284,-0.84118,F11-195,0.709221,0.000012,0.709695,0.000012,Tree root,0.000474,Clay,Aquitaine Basin,Aquitaine Basin [Clay],Al,Clay_Al,q3,"sands, clays, gravels, pebbles",,T,Cenozoic,Quaternary,Holocene,"0,01-0,00 Ma",0.01,0,sedimentary,"siliceous, aluminous",continental,nulle ou faible,stratification,not applicable,not applicable,not applicable,Indifférencié,Indifférencié,Formations superficielles,Formations superficielles,1,1,T
France_T2.164,164,POINT (-1.0125340003438055 45.26652900011334),164,1,189,190,1,163,45.266529,-1.012534,F11-196,pq1,0.710477,0.000014,0.711477,0.000021,Shrub,0.001,Sand,Aquitaine Basin,Aquitaine Basin [Sand],9442,9090,9090,2350000128,542000,9,5,7,6,A,l,s,fo,Als_fo,900005000706,1,97,A,Al,Als,Als_fo,9090,Lusitanian,20-50,Sands,Forest,Atlantic-Lowland-Sediments-Forest,148,148,"Mesozoic & Tertiary lowlands and scarplands, Aquitaine Basin; Western part; The Landes sand plain",0,55,24,0,0,76,99,89,47,53,49,54,69,63,82,108,94,27,28,27,49,50,49,52,55,53,41,43,42,6,7,6,12,12,12,20,21,20,13,15,13,11,332619,P,Podzol,Marginal,F7,F7,F1a,Lowland to submontane types (Acidophilous oak and mixed oak forests),63,400,45.266529,-1.012534,F11-196,0.710477,0.000014,0.711477,0.000021,Shrub,0.001,Sand,Aquitaine Basin,Aquitaine Basin [Sand],Al,Sand_Al,pq1,"sands, cobbles, clays",,T,Cenozoic,Quaternary,"Pliocene, Lower Pleistocene","5,30-0,75 Ma",5.3,0.75,sedimentary,"siliceous, aluminous",continental,nulle ou faible,stratification,not applicable,not applicable,not applicable,Indifférencié,Indifférencié,Formations superficielles,Formations superficielles,161,161,T
France_T2.165,165,POINT (-1.0128000000199222 45.003057999926796),165,1,190,191,1,164,45.003058,-1.0128,F11-197,pq1,0.711136,0.000018,0.712351,0.000011,Tree root,0.001215,Sand,Aquitaine Basin,Aquitaine Basin [Sand],9442,9090,9090,2350000128,542000,9,5,7,6,A,l,s,fo,Als_fo,900005000706,1,97,A,Al,Als,Als_fo,9090,Lusitanian,20-50,Sands,Forest,Atlantic-Lowland-Sediments-Forest,148,148,"Mesozoic & Tertiary lowlands and scarplands, Aquitaine Basin; Western part; The Landes sand plain",0,55,24,0,0,76,99,89,47,53,49,54,69,63,82,108,94,27,28,27,49,50,49,52,55,53,41,43,42,6,7,6,12,12,12,20,21,20,13,15,13,11,332619,P,Podzol,Marginal,F7,F7,F1a,Lowland to submontane types (Acidophilous oak and mixed oak forests),63,401,45.003058,-1.0128,F11-197,0.711136,0.000018,0.712351,0.000011,Tree root,0.001215,Sand,Aquitaine Basin,Aquitaine Basin [Sand],Al,Sand_Al,pq1,"sands, cobbles, clays",sands des Landes,T,Cenozoic,Quaternary,"Pliocene, Lower Pleistocene","5,30-0,75 Ma",5.3,0.75,sedimentary,"siliceous, aluminous",continental,nulle ou faible,stratification,not applicable,not applicable,not applicable,Indifférencié,Indifférencié,Formations superficielles,Formations superficielles,161,162,sands des Landes - T
France_T2.166,166,POINT (-1.172078000399324 45.013761999816495),166,1,191,192,1,165,45.013762,-1.172078,F11-198,q3,0.710946,0.00005,0.710452,0.000014,Moss,-0.000494,Sand,Aquitaine Basin,Aquitaine Basin [Sand],9442,9090,9090,2350000128,542000,9,5,7,6,A,l,s,fo,Als_fo,900005000706,1,97,A,Al,Als,Als_fo,9090,Lusitanian,20-50,Sands,Forest,Atlantic-Lowland-Sediments-Forest,148,148,"Mesozoic & Tertiary lowlands and scarplands, Aquitaine Basin; Western part; The Landes sand plain",0,55,24,0,0,76,99,89,47,53,49,54,69,63,82,108,94,27,28,27,49,50,49,52,55,53,41,43,42,6,7,6,12,12,12,20,21,20,13,15,13,11,332619,P,Podzol,Marginal,F7,F7,F1a,Lowland to submontane types (Acidophilous oak and mixed oak forests),63,402,45.013762,-1.172078,F11-198,0.710946,0.00005,0.710452,0.000014,Moss,-0.000494,Sand,Aquitaine Basin,Aquitaine Basin [Sand],Al,Sand_Al,q3,"sands, silts",,T,Cenozoic,Quaternary,Holocene,"0,01-0,00 Ma",0.01,0,sedimentary,"siliceous, aluminous",coastline,nulle ou faible,stratification,not applicable,not applicable,not applicable,Indifférencié,Indifférencié,Formations superficielles,Formations superficielles,1,2,dunes et cordons littoraux - T
France_T2.167,167,POINT (2.185411000117597 45.94851399982127),167,1,192,193,1,166,45.948514,2.185411,F12-001,ko,0.7194,0.00001,0.719653,0.000012,Grass,0.000253,Migmatite,Massif Central,Massif Central [Migmatite],9149,9043,9043,2185999872,676000,7,10,12,4,A,m,r,pa,Amr_pa,700010001204,1,131,A,Am,Amr,Amr_pa,9043,Atlantic Central,500-700,Crystalline rocks and migmatites,Pastures,Atlantic-Mountains-Rocks-Pastures,100,100,"Hercynian, Massif Central",356,801,595,2,4,46,127,83,53,94,72,74,101,87,60,115,86,26,27,26,45,46,45,52,54,53,41,42,41,0,3,1,6,9,7,15,18,16,8,11,9,72,332326,B,Cambisol,Good,F82,F82,F5a,Lowland to submontane types,20,308,45.948514,2.185411,F12-001,0.7194,0.00001,0.719653,0.000012,Grass,0.000253,Migmatite,Massif Central,Massif Central [Migmatite],Am,Migmatite_Am,ko,para-migmatites,,T,Paleozoic,"Cambrian, Ordovician","Cambrian, Ordovician",540-435 Ma,540,435,metamorphic,"siliceous, aluminous",indeterminate,"cisaillement, écoulement",foliation,varisque,mésovarisque,anatexie,Domaine interne,Indifférencié,Massifs varisques,Roches metamorphics,1861,1861,T
France_T2.168,168,POINT (2.2143560003291896 45.98251600031324),168,1,193,194,1,167,45.982516,2.214356,F12-002,14,0.718393,0.00003,0.718334,0.000012,Grass,-0.000059,Granite,Massif Central,Massif Central [Granite],9047,9134,9134,202000000,72000,5,10,8,4,Z,m,r,pa,Zmr_pa,500010000804,1,174,Z,Zm,Zmr,Zmr_pa,9134,Alpine South,500-700,Sandstone,Pastures,Alpine-Mountains-Rocks-Pastures,100,100,"Hercynian, Massif Central",416,667,555,2,3,97,123,113,76,92,85,83,91,87,96,112,105,26,27,26,45,46,45,52,53,52,42,42,42,2,3,2,8,9,8,16,17,16,10,11,10,50,332301,B,Cambisol,Good,F82,F82,F5a,Lowland to submontane types,20,74,45.982516,2.214356,F12-002,0.718393,0.00003,0.718334,0.000012,Grass,-0.000059,Granite,Massif Central,Massif Central [Granite],Zm,Granite_Zm,14,"monzogranites, granodiorites",,T,Paleozoic,Devonian,Middle-Upper Devonian,390-355 Ma,390,355,plutonic,peraluminous,continental collision,nulle ou faible,not applicable,not applicable,not applicable,not applicable,Domaine interne,Indifférencié,Massifs varisques,Plutons varisques,1521,1527,granitoides peraluminous - granites et granodiorites - T
France_T2.169,169,POINT (2.2549570002653923 46.03694899959669),169,1,194,195,1,168,46.036949,2.254957,F12-003,14,0.718086,0.000008,0.717994,0.000011,Grass,-0.000092,Granite,Massif Central,Massif Central [Granite],9149,9043,9043,2185999872,676000,7,10,12,4,A,m,r,pa,Amr_pa,700010001204,1,131,A,Am,Amr,Amr_pa,9043,Atlantic Central,500-700,Crystalline rocks and migmatites,Pastures,Atlantic-Mountains-Rocks-Pastures,100,100,"Hercynian, Massif Central",356,801,595,2,4,46,127,83,53,94,72,74,101,87,60,115,86,26,27,26,45,46,45,52,54,53,41,42,41,0,3,1,6,9,7,15,18,16,8,11,9,72,332326,B,Cambisol,Good,F82,F82,F5a,Lowland to submontane types,20,75,46.036949,2.254957,F12-003,0.718086,0.000008,0.717994,0.000011,Grass,-0.000092,Granite,Massif Central,Massif Central [Granite],Am,Granite_Am,14,"monzogranites, granodiorites",,T,Paleozoic,Devonian,Middle-Upper Devonian,390-355 Ma,390,355,plutonic,peraluminous,continental collision,nulle ou faible,not applicable,not applicable,not applicable,not applicable,Domaine interne,Indifférencié,Massifs varisques,Plutons varisques,1521,1527,granitoides peraluminous - granites et granodiorites - T
France_T2.170,170,POINT (2.4405019996676174 46.10978300028529),170,1,195,196,1,169,46.109783,2.440502,F12-004,19,0.71303,0.000011,0.712803,0.000011,Grass,-0.000227,Granite,Massif Central,Massif Central [Granite],9149,9043,9043,2185999872,676000,7,10,12,4,A,m,r,pa,Amr_pa,700010001204,1,131,A,Am,Amr,Amr_pa,9043,Atlantic Central,500-700,Crystalline rocks and migmatites,Pastures,Atlantic-Mountains-Rocks-Pastures,100,100,"Hercynian, Massif Central",356,801,595,2,4,46,127,83,53,94,72,74,101,87,60,115,86,26,27,26,45,46,45,52,54,53,41,42,41,0,3,1,6,9,7,15,18,16,8,11,9,72,332326,B,Cambisol,Good,F82,F82,F5a,Lowland to submontane types,20,76,46.109783,2.440502,F12-004,0.71303,0.000011,0.712803,0.000011,Grass,-0.000227,Granite,Massif Central,Massif Central [Granite],Am,Granite_Am,19,"microgranites, granophyres",,T,Paleozoic,Carboniferous,Stephanian,305-295 Ma,305,295,plutonic,"calc-alkaline, subalkaline",continental collision,nulle ou faible,not applicable,not applicable,not applicable,not applicable,Domaine interne,Indifférencié,Massifs varisques,Plutons varisques,1301,1304,plutonisme acide - microgranites undifferentiated - T
France_T2.171,171,POINT (2.4416100004012264 46.188715999843566),171,1,197,198,1,170,46.188716,2.44161,F12-006,14,0.719299,0.00001,0,0,Grass,0,Granite,Massif Central,Massif Central [Granite],9037,8902,8902,3984999936,868000,7,9,12,4,A,h,r,pa,Ahr_pa,700009001204,1,111,A,Ah,Ahr,Ahr_pa,8902,Atlantic Central,300-500,Crystalline rocks and migmatites,Pastures,Atlantic-Hills-Rocks-Pastures,100,100,"Hercynian, Massif Central",246,603,399,1,3,47,110,73,48,84,61,67,90,76,60,104,78,26,27,26,45,48,46,51,55,52,41,42,41,2,4,3,8,10,9,16,19,17,10,12,11,55,332309,B,Cambisol,Good,F82,F82,F5a,Lowland to submontane types,71,77,46.188716,2.44161,F12-006,0.719299,0.00001,0,0,Grass,0,Granite,Massif Central,Massif Central [Granite],Ah,Granite_Ah,14,"monzogranites, granodiorites",,T,Paleozoic,Devonian,Middle-Upper Devonian,390-355 Ma,390,355,plutonic,peraluminous,continental collision,"aplatissement, cisaillement",structure planaire,varisque,not applicable,not applicable,Domaine interne,Indifférencié,Massifs varisques,Plutons varisques,1521,1521,T
France_T2.172,172,POINT (2.4186110000975987 46.18969399997815),172,1,198,199,1,171,46.189694,2.418611,F12-007,h2,0.712847,0.000011,0.713602,0.000008,Grass,0.000755,Rhyolitoid,Massif Central,Massif Central [Rhyolitoid],9037,8902,8902,3984999936,868000,7,9,12,4,A,h,r,pa,Ahr_pa,700009001204,1,111,A,Ah,Ahr,Ahr_pa,8902,Atlantic Central,300-500,Crystalline rocks and migmatites,Pastures,Atlantic-Hills-Rocks-Pastures,100,100,"Hercynian, Massif Central",246,603,399,1,3,47,110,73,48,84,61,67,90,76,60,104,78,26,27,26,45,48,46,51,55,52,41,42,41,2,4,3,8,10,9,16,19,17,10,12,11,55,332309,B,Cambisol,Good,F82,F82,F5a,Lowland to submontane types,71,368,46.189694,2.418611,F12-007,0.712847,0.000011,0.713602,0.000008,Grass,0.000755,Rhyolitoid,Massif Central,Massif Central [Rhyolitoid],Ah,Rhyolitoid_Ah,h2,"rhyodacites, acid tuffs, ignimbrites",,T,Paleozoic,Carboniferous,"Upper Viséan, Namurian",335-305 Ma,335,305,volcanic,"calc-alkaline, subalkaline",continental collision,plissement isopaque,stratification,varisque,not applicable,not applicable,Domaine interne,Indifférencié,Massifs varisques,sediments et volcanics,1241,1242,volcanisme acide - calc-alkaline à alcalin - T
France_T2.173,173,POINT (2.3442890000373495 46.192607000312876),173,1,199,200,1,172,46.192607,2.344289,F12-008,h3,0.713777,0.00001,0.713321,0.000014,Grass,-0.000456,Rhyolitoid,Massif Central,Massif Central [Rhyolitoid],9037,8902,8902,3984999936,868000,7,9,12,4,A,h,r,pa,Ahr_pa,700009001204,1,111,A,Ah,Ahr,Ahr_pa,8902,Atlantic Central,300-500,Crystalline rocks and migmatites,Pastures,Atlantic-Hills-Rocks-Pastures,100,100,"Hercynian, Massif Central",246,603,399,1,3,47,110,73,48,84,61,67,90,76,60,104,78,26,27,26,45,48,46,51,55,52,41,42,41,2,4,3,8,10,9,16,19,17,10,12,11,55,332309,B,Cambisol,Good,F82,F82,F5a,Lowland to submontane types,71,369,46.192607,2.344289,F12-008,0.713777,0.00001,0.713321,0.000014,Grass,-0.000456,Rhyolitoid,Massif Central,Massif Central [Rhyolitoid],Ah,Rhyolitoid_Ah,h3,"rhyodacites, acid tuffs, ignimbrites",,T,Paleozoic,Carboniferous,Stephanian,305-295 Ma,305,295,volcanic,"calc-alkaline, subalkaline",continental collision,"fracturation, basculement",stratification,varisque,not applicable,not applicable,Domaine interne,Indifférencié,Massifs varisques,sediments et volcanics,1181,1183,volcanisme acide - calc-alkaline à alcalin - T
France_T2.174,174,POINT (2.253770000385259 46.31700900036515),174,1,201,202,1,173,46.317009,2.25377,F12-010,19,0.722963,0.000009,0.723502,0.000012,Grass,0.000539,Granite,Massif Central,Massif Central [Granite],9037,8902,8902,3984999936,868000,7,9,12,4,A,h,r,pa,Ahr_pa,700009001204,1,111,A,Ah,Ahr,Ahr_pa,8902,Atlantic Central,300-500,Crystalline rocks and migmatites,Pastures,Atlantic-Hills-Rocks-Pastures,100,100,"Hercynian, Massif Central",246,603,399,1,3,47,110,73,48,84,61,67,90,76,60,104,78,26,27,26,45,48,46,51,55,52,41,42,41,2,4,3,8,10,9,16,19,17,10,12,11,55,332309,B,Cambisol,Good,F82,F82,F5a,Lowland to submontane types,71,78,46.317009,2.25377,F12-010,0.722963,0.000009,0.723502,0.000012,Grass,0.000539,Granite,Massif Central,Massif Central [Granite],Ah,Granite_Ah,19,peraluminous leucogranites,,T,Paleozoic,Carboniferous,Stephanian,305-295 Ma,305,295,plutonic,peraluminous,continental collision,nulle ou faible,not applicable,not applicable,not applicable,not applicable,Domaine interne,Indifférencié,Massifs varisques,Plutons varisques,1301,1305,granitoides peraluminous - leucogranites - T
France_T2.175,175,POINT (2.1384039997448667 46.446963000142375),175,1,202,203,1,174,46.446963,2.138404,F12-011,bk,0.721025,0.000012,0,0,Grass,0,Orthogneiss,Massif Central,Massif Central [Orthogneiss],9037,8902,8902,3984999936,868000,7,9,12,4,A,h,r,pa,Ahr_pa,700009001204,1,111,A,Ah,Ahr,Ahr_pa,8902,Atlantic Central,300-500,Crystalline rocks and migmatites,Pastures,Atlantic-Hills-Rocks-Pastures,100,100,"Hercynian, Massif Central",246,603,399,1,3,47,110,73,48,84,61,67,90,76,60,104,78,26,27,26,45,48,46,51,55,52,41,42,41,2,4,3,8,10,9,16,19,17,10,12,11,55,332309,B,Cambisol,Good,F82,F82,F5a,Lowland to submontane types,71,330,46.446963,2.138404,F12-011,0.721025,0.000012,0,0,Grass,0,Orthogneiss,Massif Central,Massif Central [Orthogneiss],Ah,Orthogneiss_Ah,bk,"paragneisses, leptynites, amphibolites",,T,"Proterozoic, Paleozoic","Neoproterozoic, Cambrian","Brioverian, Cambrian",670-500 Ma,670,500,metamorphic,"siliceous, aluminous, magnesium",indeterminate,"plissement, cisaillement",foliation,varisque,mésovarisque,amphibolite,Domaine interne,Indifférencié,Massifs varisques,Roches metamorphics,2201,2201,T
France_T2.176,176,POINT (2.074189999968553 46.480147999830365),176,1,203,204,1,175,46.480148,2.07419,F12-012,bk,0.718241,0.000019,0.718106,0.000011,Grass,-0.000135,Orthogneiss,Massif Central,Massif Central [Orthogneiss],9037,8902,8902,3984999936,868000,7,9,12,4,A,h,r,pa,Ahr_pa,700009001204,1,111,A,Ah,Ahr,Ahr_pa,8902,Atlantic Central,300-500,Crystalline rocks and migmatites,Pastures,Atlantic-Hills-Rocks-Pastures,100,100,"Hercynian, Massif Central",246,603,399,1,3,47,110,73,48,84,61,67,90,76,60,104,78,26,27,26,45,48,46,51,55,52,41,42,41,2,4,3,8,10,9,16,19,17,10,12,11,55,332309,B,Cambisol,Good,F82,F82,F5a,Lowland to submontane types,71,331,46.480148,2.07419,F12-012,0.718241,0.000019,0.718106,0.000011,Grass,-0.000135,Orthogneiss,Massif Central,Massif Central [Orthogneiss],Ah,Orthogneiss_Ah,bk,"paragneisses, leptynites, amphibolites",,T,"Proterozoic, Paleozoic","Neoproterozoic, Cambrian","Brioverian, Cambrian",670-500 Ma,670,500,metamorphic,"siliceous, aluminous, magnesium",indeterminate,"plissement, cisaillement",foliation,varisque,mésovarisque,amphibolite,Domaine interne,Indifférencié,Massifs varisques,Roches metamorphics,2201,2201,T
France_T2.177,177,POINT (2.053559000047869 46.48881400016603),177,1,204,205,1,176,46.488814,2.053559,F12-013,bk,0.720008,0.000009,0.721257,0.00001,Grass,0.001249,Orthogneiss,Massif Central,Massif Central [Orthogneiss],9037,8902,8902,3984999936,868000,7,9,12,4,A,h,r,pa,Ahr_pa,700009001204,1,111,A,Ah,Ahr,Ahr_pa,8902,Atlantic Central,300-500,Crystalline rocks and migmatites,Pastures,Atlantic-Hills-Rocks-Pastures,100,100,"Hercynian, Massif Central",246,603,399,1,3,47,110,73,48,84,61,67,90,76,60,104,78,26,27,26,45,48,46,51,55,52,41,42,41,2,4,3,8,10,9,16,19,17,10,12,11,55,332309,B,Cambisol,Good,F82,F82,F5a,Lowland to submontane types,71,332,46.488814,2.053559,F12-013,0.720008,0.000009,0.721257,0.00001,Grass,0.001249,Orthogneiss,Massif Central,Massif Central [Orthogneiss],Ah,Orthogneiss_Ah,bk,"paragneisses, leptynites, amphibolites",,T,"Proterozoic, Paleozoic","Neoproterozoic, Cambrian","Brioverian, Cambrian",670-500 Ma,670,500,metamorphic,"siliceous, aluminous, magnesium",indeterminate,"plissement, cisaillement",foliation,varisque,mésovarisque,amphibolite,Domaine interne,Indifférencié,Massifs varisques,Roches metamorphics,2201,2201,T
France_T2.178,178,POINT (1.8733830000254557 46.44751500041701),178,1,206,207,1,177,46.447515,1.873383,F12-015,bo,0.723355,0.000021,0,0,Moss,0,Granite,Massif Central,Massif Central [Granite],9037,8902,8902,3984999936,868000,7,9,12,4,A,h,r,pa,Ahr_pa,700009001204,1,111,A,Ah,Ahr,Ahr_pa,8902,Atlantic Central,300-500,Crystalline rocks and migmatites,Pastures,Atlantic-Hills-Rocks-Pastures,100,100,"Hercynian, Massif Central",246,603,399,1,3,47,110,73,48,84,61,67,90,76,60,104,78,26,27,26,45,48,46,51,55,52,41,42,41,2,4,3,8,10,9,16,19,17,10,12,11,55,332309,B,Cambisol,Good,F82,F82,F5a,Lowland to submontane types,71,79,46.447515,1.873383,F12-015,0.723355,0.000021,0,0,Moss,0,Granite,Massif Central,Massif Central [Granite],Ah,Granite_Ah,bo,"micaschists, paragneisses",,T,"Proterozoic, Paleozoic","Neoproterozoic, Ordovician","Brioverian, Cambrian, Ordovician",670-435 Ma,670,435,metamorphic,"siliceous, aluminous",indeterminate,"plissement, cisaillement",foliation,varisque,mésovarisque,amphibolite,Domaine externe,Indifférencié,Massifs varisques,Roches metamorphics,2221,2221,T
France_T2.179,179,POINT (2.1055659998710325 46.079648000055215),179,1,207,208,1,178,46.079648,2.105566,F12-016,14,0.717992,0.000012,0.717619,0.000011,Grass,-0.000373,Granite,Massif Central,Massif Central [Granite],9037,8902,8902,3984999936,868000,7,9,12,4,A,h,r,pa,Ahr_pa,700009001204,1,111,A,Ah,Ahr,Ahr_pa,8902,Atlantic Central,300-500,Crystalline rocks and migmatites,Pastures,Atlantic-Hills-Rocks-Pastures,100,100,"Hercynian, Massif Central",246,603,399,1,3,47,110,73,48,84,61,67,90,76,60,104,78,26,27,26,45,48,46,51,55,52,41,42,41,2,4,3,8,10,9,16,19,17,10,12,11,55,332309,B,Cambisol,Good,F82,F82,F5a,Lowland to submontane types,71,80,46.079648,2.105566,F12-016,0.717992,0.000012,0.717619,0.000011,Grass,-0.000373,Granite,Massif Central,Massif Central [Granite],Ah,Granite_Ah,14,"monzogranites, granodiorites",,T,Paleozoic,Devonian,Middle-Upper Devonian,390-355 Ma,390,355,plutonic,peraluminous,continental collision,nulle ou faible,not applicable,not applicable,not applicable,not applicable,Domaine interne,Indifférencié,Massifs varisques,Plutons varisques,1521,1527,granitoides peraluminous - granites et granodiorites - T
France_T2.180,180,POINT (2.074590000428202 46.07923399984929),180,1,208,209,1,179,46.079234,2.07459,F12-017,h3,0.718201,0.000011,0.717884,0.000012,Grass,-0.000317,Conglomerate,Massif Central,Massif Central [Conglomerate],9037,8902,8902,3984999936,868000,7,9,12,4,A,h,r,pa,Ahr_pa,700009001204,1,111,A,Ah,Ahr,Ahr_pa,8902,Atlantic Central,300-500,Crystalline rocks and migmatites,Pastures,Atlantic-Hills-Rocks-Pastures,100,100,"Hercynian, Massif Central",246,603,399,1,3,47,110,73,48,84,61,67,90,76,60,104,78,26,27,26,45,48,46,51,55,52,41,42,41,2,4,3,8,10,9,16,19,17,10,12,11,55,332309,B,Cambisol,Good,F82,F82,F5a,Lowland to submontane types,71,37,46.079234,2.07459,F12-017,0.718201,0.000011,0.717884,0.000012,Grass,-0.000317,Conglomerate,Massif Central,Massif Central [Conglomerate],Ah,Conglomerate_Ah,h3,"sandstones, conglomerates, coals, shales",,T,Paleozoic,Carboniferous,Stephanian,305-295 Ma,305,295,sedimentary,"siliceous, aluminous, carbonaceous",continental,"fracturation, basculement",stratification,varisque,not applicable,not applicable,Domaine interne,Indifférencié,Massifs varisques,sediments et volcanics,1181,1181,T
France_T2.181,181,POINT (1.745842000008338 46.12675399959744),181,1,209,210,1,180,46.126754,1.745842,F12-018,ko,0.719061,0.000013,0.720285,0.000011,Grass,0.001224,Migmatite,Massif Central,Massif Central [Migmatite],9458,8923,8923,5384999936,1572000,7,9,12,4,A,h,r,pa,Ahr_pa,700009001204,1,111,A,Ah,Ahr,Ahr_pa,8923,Atlantic Central,300-500,Crystalline rocks and migmatites,Pastures,Atlantic-Hills-Rocks-Pastures,100,100,"Hercynian, Massif Central",146,738,394,2,4,74,144,93,54,106,71,65,121,83,74,127,87,26,28,26,46,48,46,51,54,51,41,44,42,2,5,3,8,11,9,16,20,17,10,13,11,69,332309,B,Cambisol,Good,F82,F82,F5a,Lowland to submontane types,71,309,46.126754,1.745842,F12-018,0.719061,0.000013,0.720285,0.000011,Grass,0.001224,Migmatite,Massif Central,Massif Central [Migmatite],Ah,Migmatite_Ah,ko,para-migmatites,,T,Paleozoic,"Cambrian, Ordovician","Cambrian, Ordovician",540-435 Ma,540,435,metamorphic,"siliceous, aluminous",indeterminate,"cisaillement, écoulement",foliation,varisque,mésovarisque,anatexie,Domaine interne,Indifférencié,Massifs varisques,Roches metamorphics,1861,1861,T
France_T2.182,182,POINT (1.6325070003978226 46.04129000013347),182,1,210,211,1,181,46.04129,1.632507,F12-019,bo,0.713226,0.000016,0,0,Grass,0,Mica schist,Massif Central,Massif Central [Mica schist],9458,8923,8923,5384999936,1572000,7,9,12,4,A,h,r,pa,Ahr_pa,700009001204,1,111,A,Ah,Ahr,Ahr_pa,8923,Atlantic Central,300-500,Crystalline rocks and migmatites,Pastures,Atlantic-Hills-Rocks-Pastures,100,100,"Hercynian, Massif Central",146,738,394,2,4,74,144,93,54,106,71,65,121,83,74,127,87,26,28,26,46,48,46,51,54,51,41,44,42,2,5,3,8,11,9,16,20,17,10,13,11,69,332309,B,Cambisol,Good,F82,F82,F5a,Lowland to submontane types,71,298,46.04129,1.632507,F12-019,0.713226,0.000016,0,0,Grass,0,Mica schist,Massif Central,Massif Central [Mica schist],Ah,Mica schist_Ah,bo,"micaschists, paragneisses",,T,"Proterozoic, Paleozoic","Neoproterozoic, Ordovician","Brioverian, Cambrian, Ordovician",670-435 Ma,670,435,metamorphic,"siliceous, aluminous",indeterminate,"plissement, cisaillement",foliation,varisque,mésovarisque,amphibolite,Domaine externe,Indifférencié,Massifs varisques,Roches metamorphics,2221,2221,T
France_T2.183,183,POINT (1.576890999619991 45.95878799966653),183,1,211,212,1,182,45.958788,1.576891,F12-020,bo,0.718829,0.000012,0.719727,0.000011,Grass,0.000898,Mica schist,Massif Central,Massif Central [Mica schist],9458,8923,8923,5384999936,1572000,7,9,12,4,A,h,r,pa,Ahr_pa,700009001204,1,111,A,Ah,Ahr,Ahr_pa,8923,Atlantic Central,300-500,Crystalline rocks and migmatites,Pastures,Atlantic-Hills-Rocks-Pastures,100,100,"Hercynian, Massif Central",146,738,394,2,4,74,144,93,54,106,71,65,121,83,74,127,87,26,28,26,46,48,46,51,54,51,41,44,42,2,5,3,8,11,9,16,20,17,10,13,11,69,332309,B,Cambisol,Good,F82,F82,F5a,Lowland to submontane types,71,299,45.958788,1.576891,F12-020,0.718829,0.000012,0.719727,0.000011,Grass,0.000898,Mica schist,Massif Central,Massif Central [Mica schist],Ah,Mica schist_Ah,bo,"micaschists, paragneisses",,T,"Proterozoic, Paleozoic","Neoproterozoic, Ordovician","Brioverian, Cambrian, Ordovician",670-435 Ma,670,435,metamorphic,"siliceous, aluminous",indeterminate,"plissement, cisaillement",foliation,varisque,mésovarisque,amphibolite,Domaine externe,Indifférencié,Massifs varisques,Roches metamorphics,2221,2221,T
France_T2.184,184,POINT (1.532895999650691 45.928875999827596),184,1,212,213,1,183,45.928876,1.532896,F12-021,6,0.730783,0.000028,0.732135,0.000016,Moss,0.001352,Orthogneiss,Massif Central,Massif Central [Orthogneiss],9458,8923,8923,5384999936,1572000,7,9,12,4,A,h,r,pa,Ahr_pa,700009001204,1,111,A,Ah,Ahr,Ahr_pa,8923,Atlantic Central,300-500,Crystalline rocks and migmatites,Pastures,Atlantic-Hills-Rocks-Pastures,100,100,"Hercynian, Massif Central",146,738,394,2,4,74,144,93,54,106,71,65,121,83,74,127,87,26,28,26,46,48,46,51,54,51,41,44,42,2,5,3,8,11,9,16,20,17,10,13,11,69,332309,B,Cambisol,Good,F82,F82,F5a,Lowland to submontane types,71,333,45.928876,1.532896,F12-021,0.730783,0.000028,0.732135,0.000016,Moss,0.001352,Orthogneiss,Massif Central,Massif Central [Orthogneiss],Ah,Orthogneiss_Ah,6,granitic orthogneisses,,T,"Proterozoic, Paleozoic","Neoproterozoic, Cambrian","Upper Brioverian, Cambrian",580-500 Ma,580,500,metamorphic,"siliceous, aluminous",indeterminate,"aplatissement, cisaillement",foliation,varisque,mésovarisque,amphibolite,Domaine interne,Indifférencié,Massifs varisques,Roches orthogneissesiques,2081,2081,T
France_T2.185,185,POINT (1.3462190002067587 45.97884400005063),185,1,213,214,1,184,45.978844,1.346219,F12-022,17,0.724451,0.000016,0,0,Grass,0,Granite,Massif Central,Massif Central [Granite],9458,8923,8923,5384999936,1572000,7,9,12,4,A,h,r,pa,Ahr_pa,700009001204,1,111,A,Ah,Ahr,Ahr_pa,8923,Atlantic Central,300-500,Crystalline rocks and migmatites,Pastures,Atlantic-Hills-Rocks-Pastures,100,100,"Hercynian, Massif Central",146,738,394,2,4,74,144,93,54,106,71,65,121,83,74,127,87,26,28,26,46,48,46,51,54,51,41,44,42,2,5,3,8,11,9,16,20,17,10,13,11,69,332309,B,Cambisol,Good,F82,F82,F5a,Lowland to submontane types,71,81,45.978844,1.346219,F12-022,0.724451,0.000016,0,0,Grass,0,Granite,Massif Central,Massif Central [Granite],Ah,Granite_Ah,17,peraluminous leucogranites,,T,Paleozoic,Carboniferous,"Upper Viséan, Namurian",335-305 Ma,335,305,plutonic,peraluminous,continental collision,nulle ou faible,not applicable,not applicable,not applicable,not applicable,Domaine interne,Indifférencié,Massifs varisques,Plutons varisques,1321,1325,granitoides peraluminous - leucogranites - T
France_T2.186,186,POINT (1.1161180001456614 46.00845999972927),186,1,214,215,1,185,46.00846,1.116118,F12-023,15,0.715581,0.000027,0.716517,0.00001,Moss,0.000936,Granite,Massif Central,Massif Central [Granite],8957,8718,8718,2086000000,544000,9,7,9,2,A,h,s,al,Ahs_al,900007000902,1,118,A,Ah,Ahs,Ahs_al,8718,Lusitanian,100-200,Soft loam,Arable land,Atlantic-Hills-Sediments-Arable land,140,140,"Mesozoic & Tertiary lowlands and scarplands, Paris Basin; Poitou, Anjou, Touraine & Berry",61,394,144,0,1,65,90,78,48,63,53,51,72,59,62,79,71,26,26,26,47,49,48,50,51,50,42,43,42,4,4,4,9,10,9,18,19,18,11,12,11,40,332491,L,Luvisol,Good,G37,G37,G3,"Sub-Mediterranean and meso-supra-Mediterranean downy oak forests, as well as mixe",102,82,46.00846,1.116118,F12-023,0.715581,0.000027,0.716517,0.00001,Moss,0.000936,Granite,Massif Central,Massif Central [Granite],Ah,Granite_Ah,15,"monzogranites, granodiorites",,T,Paleozoic,Carboniferous,"Tournaisian, Lower Viséan",355-335 Ma,355,335,plutonic,peraluminous,continental collision,nulle ou faible,not applicable,not applicable,not applicable,not applicable,Domaine interne,Indifférencié,Massifs varisques,Plutons varisques,1421,1426,granitoides peraluminous - granites et granodiorites - T
France_T2.187,187,POINT (1.0766939996284464 46.09989800039244),187,1,215,216,1,186,46.099898,1.076694,F12-024,k,0.715351,0.000021,0.716208,0.000011,Grass,0.000857,Schist,Massif Central,Massif Central [Schist],8932,8870,8870,1566000000,604000,7,8,12,4,A,h,r,pa,Ahr_pa,700008001204,1,111,A,Ah,Ahr,Ahr_pa,8870,Atlantic Central,200-300,Crystalline rocks and migmatites,Pastures,Atlantic-Hills-Rocks-Pastures,100,100,"Hercynian, Massif Central",102,352,238,1,2,67,87,78,50,65,56,58,76,65,70,84,75,25,26,25,46,48,47,51,52,51,41,42,41,3,4,3,9,10,9,18,19,18,11,12,11,39,332317,B,Cambisol,Good,F16,F16,F1a,Lowland to submontane types (Acidophilous oak and mixed oak forests),71,479,46.099898,1.076694,F12-024,0.715351,0.000021,0.716208,0.000011,Grass,0.000857,Schist,Massif Central,Massif Central [Schist],Ah,Schist_Ah,k,"metabasites, andesitic-basalts, greenschists",,T,Paleozoic,Cambrian,Cambrian,540-500 Ma,540,500,metamorphic,"tholeiitic, peralkaline",continental extension,indeterminate,indeterminate,indeterminate,indeterminate,indeterminate,Domaine allochtone supérieur,Indifférencié,Massifs varisques,sediments et volcanics,1841,1844,volcanisme basique - tholeiitic à peralcalin - T
France_T2.188,188,POINT (0.8190350003650337 46.28880800028901),188,1,217,218,1,187,46.288808,0.819035,F12-026,pq1,0.713801,0.000012,0.712968,0.000011,Grass,-0.000833,Clay,Paris Basin,Paris Basin [Clay],8932,8870,8870,1566000000,604000,7,8,12,4,A,h,r,pa,Ahr_pa,700008001204,1,111,A,Ah,Ahr,Ahr_pa,8870,Atlantic Central,200-300,Crystalline rocks and migmatites,Pastures,Atlantic-Hills-Rocks-Pastures,100,100,"Hercynian, Massif Central",102,352,238,1,2,67,87,78,50,65,56,58,76,65,70,84,75,25,26,25,46,48,47,51,52,51,41,42,41,3,4,3,9,10,9,18,19,18,11,12,11,39,332317,B,Cambisol,Good,F16,F16,F1a,Lowland to submontane types (Acidophilous oak and mixed oak forests),71,20,46.288808,0.819035,F12-026,0.713801,0.000012,0.712968,0.000011,Grass,-0.000833,Clay,Paris Basin,Paris Basin [Clay],Ah,Clay_Ah,pq1,"clays, cobbles, sands",,T,Cenozoic,Quaternary,"Pliocene, Lower Pleistocene","5,30-0,75 Ma",5.3,0.75,sedimentary,"siliceous, aluminous",continental,nulle ou faible,stratification,not applicable,not applicable,not applicable,Indifférencié,Indifférencié,Formations superficielles,Formations superficielles,161,161,T
France_T2.189,189,POINT (2.7078240002774123 45.844940999827315),189,1,218,219,1,188,45.844941,2.707824,F12-027,bk,0.704096,0.00001,0.704317,0.000014,Grass,0.000221,"Volcanics (Basanites, Tephrites, Pyroclastica)",Massif Central,"Massif Central [Volcanics (Basanites, Tephrites, Pyroclastica)]",9373,9164,9164,2700999936,736000,5,11,12,6,Z,m,r,fo,Zmr_fo,500011001206,1,175,Z,Zm,Zmr,Zmr_fo,9164,Alpine South,700-900,Crystalline rocks and migmatites,Forest,Alpine-Mountains-Rocks-Forest,100,100,"Hercynian, Massif Central",528,1002,776,2,4,89,137,116,80,102,91,89,117,104,90,123,109,26,29,27,44,46,45,52,54,52,42,43,42,-2,3,1,4,9,7,13,17,15,7,11,9,62,332644,P,Podzol,Marginal,F91,F91,F5b,"Montane to altimontane types, partly with fir and spruce",18,509,45.844941,2.707824,F12-027,0.704096,0.00001,0.704317,0.000014,Grass,0.000221,"Volcanics (Basanites, Tephrites, Pyroclastica, Trachytes)",Massif Central,"Massif Central [Volcanics (Basanites, Tephrites, Pyroclastica, Trachytes)]",Ah,"Volcanics (Basanites, Tephrites, Pyroclastica, Trachytes)_Ah",bk,"paragneisses, leptynites, amphibolites",,T,"Proterozoic, Paleozoic","Neoproterozoic, Cambrian","Brioverian, Cambrian",670-500 Ma,670,500,metamorphic,"siliceous, aluminous, magnesium",indeterminate,"plissement, cisaillement",foliation,varisque,mésovarisque,amphibolite,Domaine interne,Indifférencié,Massifs varisques,Roches metamorphics,2201,2201,T
France_T2.190,190,POINT (2.7512479999952575 45.84377800015466),190,1,219,220,1,189,45.843778,2.751248,F12-028,bk,0.716887,0.000012,0.716337,0.000013,Grass,-0.00055,Orthogneiss,Massif Central,Massif Central [Orthogneiss],9373,9164,9164,2700999936,736000,5,11,12,6,Z,m,r,fo,Zmr_fo,500011001206,1,175,Z,Zm,Zmr,Zmr_fo,9164,Alpine South,700-900,Crystalline rocks and migmatites,Forest,Alpine-Mountains-Rocks-Forest,100,100,"Hercynian, Massif Central",528,1002,776,2,4,89,137,116,80,102,91,89,117,104,90,123,109,26,29,27,44,46,45,52,54,52,42,43,42,-2,3,1,4,9,7,13,17,15,7,11,9,62,332644,P,Podzol,Marginal,F91,F91,F5b,"Montane to altimontane types, partly with fir and spruce",18,334,45.843778,2.751248,F12-028,0.716887,0.000012,0.716337,0.000013,Grass,-0.00055,Orthogneiss,Massif Central,Massif Central [Orthogneiss],Ah,Orthogneiss_Ah,bk,"paragneisses, leptynites, amphibolites",,T,"Proterozoic, Paleozoic","Neoproterozoic, Cambrian","Brioverian, Cambrian",670-500 Ma,670,500,metamorphic,"siliceous, aluminous, magnesium",indeterminate,"plissement, cisaillement",foliation,varisque,mésovarisque,amphibolite,Domaine interne,Indifférencié,Massifs varisques,Roches metamorphics,2201,2201,T
France_T2.191,191,POINT (2.90800600017684 45.76577300022382),191,1,220,221,1,190,45.765773,2.908006,F12-029,q2-3 (b-h-t),0.704842,0.000012,0.704818,0.000015,Grass,-0.000024,"Volcanics (Basanites, Tephrites, Pyroclastica)",Massif Central,"Massif Central [Volcanics (Basanites, Tephrites, Pyroclastica)]",9261,9201,9201,525000000,172000,5,11,13,6,Z,m,r,fo,Zmr_fo,500011001306,1,175,Z,Zm,Zmr,Zmr_fo,9201,Alpine South,700-900,Volcanic rocks,Forest,Alpine-Mountains-Rocks-Forest,100,100,"Hercynian, Massif Central",415,1345,823,3,7,48,104,81,57,95,78,79,110,95,63,106,86,27,29,27,44,46,45,52,55,53,41,42,41,-2,2,-1,4,9,6,13,18,15,7,10,8,119,330588,B,Cambisol,Good,F140,F140,F5b,"Montane to altimontane types, partly with fir and spruce",18,510,45.765773,2.908006,F12-029,0.704842,0.000012,0.704818,0.000015,Grass,-0.000024,"Volcanics (Basanites, Tephrites, Pyroclastica, Trachytes)",Massif Central,"Massif Central [Volcanics (Basanites, Tephrites, Pyroclastica, Trachytes)]",Ah,"Volcanics (Basanites, Tephrites, Pyroclastica, Trachytes)_Ah",q2-3 (b-h-t),"basanites, hawaiites, benmoreites, tephrites",,T,Cenozoic,Quaternary,"Upper Pleistocene, Holocene","0,75-0,00 Ma",0.75,0,volcanic,"tholeiitic, peralkaline",continental extension,nulle ou faible,not applicable,not applicable,not applicable,not applicable,Volcanisme péri-alpin,Indifférencié,Volcanisme péri-alpin,volcanics Cenozoics,61,61,T
France_T2.192,192,POINT (2.9279020003770597 45.796728999643676),192,1,221,222,1,191,45.796729,2.927902,F12-030,q2-3 (b-h-t),0.705164,0.000013,0.705251,0.00001,Grass,0.000087,"Volcanics (Basanites, Tephrites, Pyroclastica)",Massif Central,"Massif Central [Volcanics (Basanites, Tephrites, Pyroclastica)]",9261,9201,9201,525000000,172000,5,11,13,6,Z,m,r,fo,Zmr_fo,500011001306,1,175,Z,Zm,Zmr,Zmr_fo,9201,Alpine South,700-900,Volcanic rocks,Forest,Alpine-Mountains-Rocks-Forest,100,100,"Hercynian, Massif Central",415,1345,823,3,7,48,104,81,57,95,78,79,110,95,63,106,86,27,29,27,44,46,45,52,55,53,41,42,41,-2,2,-1,4,9,6,13,18,15,7,10,8,119,330588,B,Cambisol,Good,F140,F140,F5b,"Montane to altimontane types, partly with fir and spruce",18,511,45.796729,2.927902,F12-030,0.705164,0.000013,0.705251,0.00001,Grass,0.000087,"Volcanics (Basanites, Tephrites, Pyroclastica, Trachytes)",Massif Central,"Massif Central [Volcanics (Basanites, Tephrites, Pyroclastica, Trachytes)]",Ah,"Volcanics (Basanites, Tephrites, Pyroclastica, Trachytes)_Ah",q2-3 (b-h-t),"basanites, hawaiites, benmoreites, tephrites",,T,Cenozoic,Quaternary,"Upper Pleistocene, Holocene","0,75-0,00 Ma",0.75,0,volcanic,"tholeiitic, peralkaline",continental extension,nulle ou faible,not applicable,not applicable,not applicable,not applicable,Volcanisme péri-alpin,Indifférencié,Volcanisme péri-alpin,volcanics Cenozoics,61,61,T
France_T2.193,193,POINT (3.068919000411597 45.822922999796674),193,1,222,223,1,192,45.822923,3.068919,F12-031,g,0.711343,0.000012,0.711783,0.000013,Grass,0.00044,Sand,Massif Central,Massif Central [Sand],9149,9043,9043,2185999872,676000,7,10,12,4,A,m,r,pa,Amr_pa,700010001204,1,131,A,Am,Amr,Amr_pa,9043,Atlantic Central,500-700,Crystalline rocks and migmatites,Pastures,Atlantic-Mountains-Rocks-Pastures,100,100,"Hercynian, Massif Central",356,801,595,2,4,46,127,83,53,94,72,74,101,87,60,115,86,26,27,26,45,46,45,52,54,53,41,42,41,0,3,1,6,9,7,15,18,16,8,11,9,72,332326,B,Cambisol,Good,F82,F82,F5a,Lowland to submontane types,20,407,45.822923,3.068919,F12-031,0.711343,0.000012,0.711783,0.000013,Grass,0.00044,Sand,Massif Central,Massif Central [Sand],Ah,Sand_Ah,g,"sands, marls, clays, conglomerates",,T,Cenozoic,Paleogene,Oligocene,"33,7-23,5 Ma",33.7,23.5,sedimentary,"siliceous, aluminous, carbonatic","platform, basin","fracturation, basculement",stratification,alpin,not applicable,not applicable,Limagnes,Indifférencié,basins et Fossés,sediments et volcanics,301,301,T
France_T2.194,194,POINT (3.2828729995893013 45.850396999621864),194,1,223,224,1,193,45.850397,3.282873,F12-032,q2,0.711777,0.000013,0.712016,0.000009,Grass,0.000239,Sand,Massif Central,Massif Central [Sand],9162,8378,8378,1926000000,1570000,7,8,1,4,A,h,s,pa,Ahs_pa,700008000104,1,120,A,Ah,Ahs,Ahs_pa,8378,Atlantic Central,200-300,River alluvium,Pastures,Atlantic-Hills-Sediments-Pastures,100,100,"Hercynian, Massif Central",115,447,217,1,1,32,80,57,46,61,50,63,90,72,54,75,63,24,27,25,46,49,47,50,57,54,39,42,41,2,3,2,9,11,9,18,19,18,11,12,11,55,330350,J,Fluvisol,Hydromorphic,U8,U8,U1,Flood-plain vegetation and moist lowland forests,105,408,45.850397,3.282873,F12-032,0.711777,0.000013,0.712016,0.000009,Grass,0.000239,Sand,Massif Central,Massif Central [Sand],Ah,Sand_Ah,q2,"clays, sands, gravels, pebbles",,T,Cenozoic,Quaternary,Middle-Upper Pleistocene,"0,75-0,01 Ma",0.75,0.01,sedimentary,"siliceous, aluminous",continental,nulle ou faible,stratification,not applicable,not applicable,not applicable,Indifférencié,Indifférencié,Formations superficielles,Formations superficielles,21,21,T
France_T2.195,195,POINT (1.8548850004424366 45.977297999802886),195,1,224,225,1,194,45.977298,1.854885,F12-034,17,0.72196,0.000019,0.721899,0.000013,Moss,-0.000061,Granite,Massif Central,Massif Central [Granite],9427,9055,9055,3000999936,930000,5,10,12,6,Z,m,r,fo,Zmr_fo,500010001206,1,175,Z,Zm,Zmr,Zmr_fo,9055,Alpine South,500-700,Crystalline rocks and migmatites,Forest,Alpine-Mountains-Rocks-Forest,100,100,"Hercynian, Massif Central",287,858,585,3,5,88,144,123,67,106,94,78,121,106,87,127,113,26,28,27,45,47,46,51,54,52,42,44,42,0,4,2,7,10,8,15,18,16,9,11,10,68,332326,B,Cambisol,Good,F82,F82,F5a,Lowland to submontane types,18,83,45.863506,3.308167,F12-034,0.72196,0.000019,0.721899,0.000013,Moss,-0.000061,Granite,Massif Central,Massif Central [Granite],Zm,Granite_Zm,17,peraluminous leucogranites,,T,Paleozoic,Carboniferous,"Upper Viséan, Namurian",335-305 Ma,335,305,plutonic,peraluminous,continental collision,nulle ou faible,not applicable,not applicable,not applicable,not applicable,Domaine externe,Indifférencié,Massifs varisques,Plutons varisques,1321,1325,granitoides peraluminous - leucogranites - T
France_T2.196,196,POINT (1.7246290002282194 45.95228300006045),196,1,225,226,1,195,45.952283,1.724629,F12-035,bo,0.716868,0.000013,0,0,Moss,0,Mica schist,Massif Central,Massif Central [Mica schist],9458,8923,8923,5384999936,1572000,7,9,12,4,A,h,r,pa,Ahr_pa,700009001204,1,111,A,Ah,Ahr,Ahr_pa,8923,Atlantic Central,300-500,Crystalline rocks and migmatites,Pastures,Atlantic-Hills-Rocks-Pastures,100,100,"Hercynian, Massif Central",146,738,394,2,4,74,144,93,54,106,71,65,121,83,74,127,87,26,28,26,46,48,46,51,54,51,41,44,42,2,5,3,8,11,9,16,20,17,10,13,11,69,332309,B,Cambisol,Good,F82,F82,F5a,Lowland to submontane types,71,300,45.977298,1.854885,F12-035,0.716868,0.000013,0,0,Moss,0,Mica schist,Massif Central,Massif Central [Mica schist],Ah,Mica schist_Ah,bo,"micaschists, paragneisses",,T,"Proterozoic, Paleozoic","Neoproterozoic, Ordovician","Brioverian, Cambrian, Ordovician",670-435 Ma,670,435,metamorphic,"siliceous, aluminous",indeterminate,"plissement, cisaillement",foliation,varisque,mésovarisque,amphibolite,Domaine externe,Indifférencié,Massifs varisques,Roches metamorphics,2221,2221,T
France_T2.197,197,POINT (1.4936310001705806 45.84789300016189),197,1,227,228,1,196,45.847893,1.493631,F12-037,bk,0.719203,0.000025,0,0,Grass,0,Migmatite,Massif Central,Massif Central [Migmatite],9071,9137,9137,96000000,102000,7,9,8,4,A,h,r,pa,Ahr_pa,700009000804,1,111,A,Ah,Ahr,Ahr_pa,9137,Atlantic Central,300-500,Sandstone,Pastures,Atlantic-Hills-Rocks-Pastures,100,100,"Hercynian, Massif Central",239,403,310,2,4,87,91,89,64,69,66,73,83,78,79,86,82,26,26,26,46,47,46,51,52,51,42,43,42,3,4,3,9,10,9,17,18,17,11,11,11,36,332301,B,Cambisol,Good,F82,F82,F5a,Lowland to submontane types,71,310,45.902485,1.59069,F12-037,0.719203,0.000025,0,0,Grass,0,Migmatite,Massif Central,Massif Central [Migmatite],Ah,Migmatite_Ah,bk,para-migmatites,,T,"Proterozoic, Paleozoic","Neoproterozoic, Cambrian","Brioverian, Cambrian",670-500 Ma,670,500,metamorphic,"siliceous, aluminous",indeterminate,"cisaillement, écoulement",foliation,varisque,mésovarisque,anatexie,Domaine interne,Indifférencié,Massifs varisques,Roches metamorphics,2201,2201,T
France_T2.198,198,POINT (1.4662829998605957 45.83226900001438),198,1,228,229,1,197,45.832269,1.466283,F12-038,15,0.718403,0.000012,0.718494,0.00001,Grass,0.000091,Granite,Massif Central,Massif Central [Granite],9071,9137,9137,96000000,102000,7,9,8,4,A,h,r,pa,Ahr_pa,700009000804,1,111,A,Ah,Ahr,Ahr_pa,9137,Atlantic Central,300-500,Sandstone,Pastures,Atlantic-Hills-Rocks-Pastures,100,100,"Hercynian, Massif Central",239,403,310,2,4,87,91,89,64,69,66,73,83,78,79,86,82,26,26,26,46,47,46,51,52,51,42,43,42,3,4,3,9,10,9,17,18,17,11,11,11,36,332301,B,Cambisol,Good,F82,F82,F5a,Lowland to submontane types,71,84,45.847893,1.493631,F12-038,0.718403,0.000012,0.718494,0.00001,Grass,0.000091,Granite,Massif Central,Massif Central [Granite],Ah,Granite_Ah,15,"monzogranites, granodiorites",,T,Paleozoic,Carboniferous,"Tournaisian, Lower Viséan",355-335 Ma,355,335,plutonic,peraluminous,continental collision,nulle ou faible,not applicable,not applicable,not applicable,not applicable,Domaine interne,Indifférencié,Massifs varisques,Plutons varisques,1421,1426,granitoides peraluminous - granites et granodiorites - T
France_T2.199,199,POINT (1.2870100001114793 45.745204999611076),199,1,229,230,1,198,45.745205,1.28701,F12-039,gla (f-p),0.712157,0.000013,0.712625,0.000011,Grass,0.000468,Paragneiss,Massif Central,Massif Central [Paragneiss],9253,8949,8949,3390000128,1128000,9,8,12,5,A,h,r,ha,Ahr_ha,900008001205,1,112,A,Ah,Ahr,Ahr_ha,8949,Lusitanian,200-300,Crystalline rocks and migmatites,Heterogeneous agric. areas,Atlantic-Hills-Rocks-Heterogeneous agric. areas,100,100,"Hercynian, Massif Central",66,514,255,1,3,74,89,83,55,68,62,61,81,70,70,84,75,26,27,26,47,49,47,51,53,51,42,44,42,3,5,4,9,11,10,18,20,18,11,13,11,68,332317,B,Cambisol,Good,F16,F16,F1a,Lowland to submontane types (Acidophilous oak and mixed oak forests),114,351,45.832269,1.466283,F12-039,0.712157,0.000013,0.712625,0.000011,Grass,0.000468,Paragneiss,Massif Central,Massif Central [Paragneiss],Ah,Paragneiss_Ah,gla (f-p),"leptynites, amphibolites, eclogites",,T,Paleozoic,Paleozoic,"Cambrian, Ordovician",540-435 Ma,540,435,metamorphic,"siliceous, aluminous, magnesium",continental extension,"aplatissement, cisaillement",foliation,varisque,mésovarisque,amphibolite,Domaine interne,Indifférencié,Massifs varisques,Roches orthogneissesiques,1901,1901,T
France_T2.200,200,POINT (1.2543910004443433 45.698302000437025),200,1,230,231,1,199,45.698302,1.254391,F12-040,ko,0.711857,0.000012,0.711866,0.00002,Grass,0.000009,Paragneiss,Massif Central,Massif Central [Paragneiss],9116,9130,9130,424000000,334000,7,9,12,2,A,h,r,al,Ahr_al,700009001202,1,109,A,Ah,Ahr,Ahr_al,9130,Atlantic Central,300-500,Crystalline rocks and migmatites,Arable land,Atlantic-Hills-Rocks-Arable land,100,100,"Hercynian, Massif Central",224,509,343,1,3,83,89,85,63,68,65,71,81,75,74,83,78,26,26,26,47,48,47,51,52,51,43,43,43,3,4,3,9,11,9,18,19,18,11,12,11,45,332317,B,Cambisol,Good,F82,F82,F5a,Lowland to submontane types,61,352,45.745205,1.28701,F12-040,0.711857,0.000012,0.711866,0.00002,Grass,0.000009,Paragneiss,Massif Central,Massif Central [Paragneiss],Ah,Paragneiss_Ah,ko,plagioclase paragneisses,,T,Paleozoic,"Cambrian, Ordovician","Cambrian, Ordovician",540-435 Ma,540,435,metamorphic,"siliceous, aluminous",indeterminate,"plissement, cisaillement",foliation,varisque,mésovarisque,amphibolite,Domaine interne,Indifférencié,Massifs varisques,Roches metamorphics,1861,1861,T
France_T2.201,201,POINT (1.2213910002944885 45.593050000357266),201,1,231,232,1,200,45.59305,1.221391,F12-041,7,0.710964,0.000012,0.711119,0.000014,Grass,0.000155,Paragneiss,Massif Central,Massif Central [Paragneiss],9116,9130,9130,424000000,334000,7,9,12,2,A,h,r,al,Ahr_al,700009001202,1,109,A,Ah,Ahr,Ahr_al,9130,Atlantic Central,300-500,Crystalline rocks and migmatites,Arable land,Atlantic-Hills-Rocks-Arable land,100,100,"Hercynian, Massif Central",224,509,343,1,3,83,89,85,63,68,65,71,81,75,74,83,78,26,26,26,47,48,47,51,52,51,43,43,43,3,4,3,9,11,9,18,19,18,11,12,11,45,332317,B,Cambisol,Good,F82,F82,F5a,Lowland to submontane types,61,353,45.698302,1.254391,F12-041,0.710964,0.000012,0.711119,0.000014,Grass,0.000155,Paragneiss,Massif Central,Massif Central [Paragneiss],Ah,Paragneiss_Ah,7,granitic orthogneisses,,T,Paleozoic,"Cambrian, Ordovician","Cambrian, Lower-Middle Ordovician",520-455 Ma,520,455,metamorphic,"siliceous, aluminous",indeterminate,"aplatissement, cisaillement",foliation,varisque,mésovarisque,amphibolite,Domaine interne,Indifférencié,Massifs varisques,Roches orthogneissesiques,1981,1981,T
France_T2.202,202,POINT (1.1503779999447943 45.54173400002412),202,1,232,233,1,201,45.541734,1.150378,F12-042,15,0.715674,0.000047,0.715647,0.000017,Grass,-0.000027,Granite,Massif Central,Massif Central [Granite],9253,8949,8949,3390000128,1128000,9,8,12,5,A,h,r,ha,Ahr_ha,900008001205,1,112,A,Ah,Ahr,Ahr_ha,8949,Lusitanian,200-300,Crystalline rocks and migmatites,Heterogeneous agric. areas,Atlantic-Hills-Rocks-Heterogeneous agric. areas,100,100,"Hercynian, Massif Central",66,514,255,1,3,74,89,83,55,68,62,61,81,70,70,84,75,26,27,26,47,49,47,51,53,51,42,44,42,3,5,4,9,11,10,18,20,18,11,13,11,68,332317,B,Cambisol,Good,F16,F16,F1a,Lowland to submontane types (Acidophilous oak and mixed oak forests),114,85,45.59305,1.221391,F12-042,0.715674,0.000047,0.715647,0.000017,Grass,-0.000027,Granite,Massif Central,Massif Central [Granite],Ah,Granite_Ah,15,"monzogranites, granodiorites",,T,Paleozoic,Carboniferous,"Tournaisian, Lower Viséan",355-335 Ma,355,335,plutonic,peraluminous,continental collision,nulle ou faible,not applicable,not applicable,not applicable,not applicable,Domaine interne,Indifférencié,Massifs varisques,Plutons varisques,1421,1426,granitoides peraluminous - granites et granodiorites - T
France_T2.203,203,POINT (0.9719270003308225 45.57117100044138),203,1,233,234,1,202,45.571171,0.971927,F12-044,6,0.720125,0.000044,0.720516,0.000018,Grass,0.000391,Orthogneiss,Massif Central,Massif Central [Orthogneiss],9116,9130,9130,424000000,334000,7,9,12,2,A,h,r,al,Ahr_al,700009001202,1,109,A,Ah,Ahr,Ahr_al,9130,Atlantic Central,300-500,Crystalline rocks and migmatites,Arable land,Atlantic-Hills-Rocks-Arable land,100,100,"Hercynian, Massif Central",224,509,343,1,3,83,89,85,63,68,65,71,81,75,74,83,78,26,26,26,47,48,47,51,52,51,43,43,43,3,4,3,9,11,9,18,19,18,11,12,11,45,332317,B,Cambisol,Good,F82,F82,F5a,Lowland to submontane types,61,335,45.541734,1.150378,F12-044,0.720125,0.000044,0.720516,0.000018,Grass,0.000391,Orthogneiss,Massif Central,Massif Central [Orthogneiss],Ah,Orthogneiss_Ah,6,granitic orthogneisses,,T,"Proterozoic, Paleozoic","Neoproterozoic, Cambrian","Upper Brioverian, Cambrian",580-500 Ma,580,500,metamorphic,"siliceous, aluminous",indeterminate,"aplatissement, cisaillement",foliation,varisque,mésovarisque,amphibolite,Domaine interne,Indifférencié,Massifs varisques,Roches orthogneissesiques,2081,2081,T
France_T2.204,204,POINT (0.8174799997023001 45.547106999588436),204,1,234,235,1,203,45.547107,0.81748,F12-045,17,0.719334,0.000059,0.719944,0.000009,Grass,0.00061,Granite,Massif Central,Massif Central [Granite],9253,8949,8949,3390000128,1128000,9,8,12,5,A,h,r,ha,Ahr_ha,900008001205,1,112,A,Ah,Ahr,Ahr_ha,8949,Lusitanian,200-300,Crystalline rocks and migmatites,Heterogeneous agric. areas,Atlantic-Hills-Rocks-Heterogeneous agric. areas,100,100,"Hercynian, Massif Central",66,514,255,1,3,74,89,83,55,68,62,61,81,70,70,84,75,26,27,26,47,49,47,51,53,51,42,44,42,3,5,4,9,11,10,18,20,18,11,13,11,68,332317,B,Cambisol,Good,F16,F16,F1a,Lowland to submontane types (Acidophilous oak and mixed oak forests),114,86,45.571171,0.971927,F12-045,0.719334,0.000059,0.719944,0.000009,Grass,0.00061,Granite,Massif Central,Massif Central [Granite],Ah,Granite_Ah,17,peraluminous leucogranites,,T,Paleozoic,Carboniferous,"Upper Viséan, Namurian",335-305 Ma,335,305,plutonic,peraluminous,continental collision,nulle ou faible,not applicable,not applicable,not applicable,not applicable,Domaine externe,Indifférencié,Massifs varisques,Plutons varisques,1321,1325,granitoides peraluminous - leucogranites - T
France_T2.205,205,POINT (2.267624999893883 45.6728060000969),205,1,235,236,1,204,45.672806,2.267625,F12-048,7,0.719784,0.000012,0.720971,0.00002,Grass,0.001187,Orthogneiss,Massif Central,Massif Central [Orthogneiss],9373,9164,9164,2700999936,736000,5,11,12,6,Z,m,r,fo,Zmr_fo,500011001206,1,175,Z,Zm,Zmr,Zmr_fo,9164,Alpine South,700-900,Crystalline rocks and migmatites,Forest,Alpine-Mountains-Rocks-Forest,100,100,"Hercynian, Massif Central",528,1002,776,2,4,89,137,116,80,102,91,89,117,104,90,123,109,26,29,27,44,46,45,52,54,52,42,43,42,-2,3,1,4,9,7,13,17,15,7,11,9,62,332644,P,Podzol,Marginal,F91,F91,F5b,"Montane to altimontane types, partly with fir and spruce",18,336,45.817927,0.821619,F12-048,0.719784,0.000012,0.720971,0.00002,Grass,0.001187,Orthogneiss,Massif Central,Massif Central [Orthogneiss],Ah,Orthogneiss_Ah,7,anatectic orthogneisses,,T,Paleozoic,"Cambrian, Ordovician","Cambrian, Lower-Middle Ordovician",520-455 Ma,520,455,metamorphic,"siliceous, aluminous",indeterminate,"aplatissement, cisaillement",foliation,varisque,mésovarisque,anatexie,Domaine interne,Indifférencié,Massifs varisques,Roches orthogneissesiques,1981,1981,T
France_T2.206,206,POINT (2.2837750000163055 45.62472399961297),206,1,236,237,1,205,45.624724,2.283775,F12-049,bk,0.718386,0.000012,0,0,Grass,0,Migmatite,Massif Central,Massif Central [Migmatite],9373,9164,9164,2700999936,736000,5,11,12,6,Z,m,r,fo,Zmr_fo,500011001206,1,175,Z,Zm,Zmr,Zmr_fo,9164,Alpine South,700-900,Crystalline rocks and migmatites,Forest,Alpine-Mountains-Rocks-Forest,100,100,"Hercynian, Massif Central",528,1002,776,2,4,89,137,116,80,102,91,89,117,104,90,123,109,26,29,27,44,46,45,52,54,52,42,43,42,-2,3,1,4,9,7,13,17,15,7,11,9,62,332644,P,Podzol,Marginal,F91,F91,F5b,"Montane to altimontane types, partly with fir and spruce",18,311,45.672806,2.267625,F12-049,0.718386,0.000012,0,0,Grass,0,Migmatite,Massif Central,Massif Central [Migmatite],Ah,Migmatite_Ah,bk,para-migmatites,,T,"Proterozoic, Paleozoic","Neoproterozoic, Cambrian","Brioverian, Cambrian",670-500 Ma,670,500,metamorphic,"siliceous, aluminous",indeterminate,"cisaillement, écoulement",foliation,varisque,mésovarisque,anatexie,Domaine interne,Indifférencié,Massifs varisques,Roches metamorphics,2201,2201,T
France_T2.207,207,POINT (2.1466020000822823 45.46876400025843),207,1,237,238,1,206,45.468764,2.146602,F12-050,18,0.725212,0.000036,0,0,Grass,0,Granite,Massif Central,Massif Central [Granite],9427,9055,9055,3000999936,930000,5,10,12,6,Z,m,r,fo,Zmr_fo,500010001206,1,175,Z,Zm,Zmr,Zmr_fo,9055,Alpine South,500-700,Crystalline rocks and migmatites,Forest,Alpine-Mountains-Rocks-Forest,100,100,"Hercynian, Massif Central",287,858,585,3,5,88,144,123,67,106,94,78,121,106,87,127,113,26,28,27,45,47,46,51,54,52,42,44,42,0,4,2,7,10,8,15,18,16,9,11,10,68,332326,B,Cambisol,Good,F82,F82,F5a,Lowland to submontane types,18,87,45.624724,2.283775,F12-050,0.725212,0.000036,0,0,Grass,0,Granite,Massif Central,Massif Central [Granite],Ah,Granite_Ah,18,peraluminous leucogranites,,T,Paleozoic,Carboniferous,"Namurian, Westphalian, Stephanian",335-295 Ma,335,295,plutonic,peraluminous,continental collision,nulle ou faible,not applicable,not applicable,not applicable,not applicable,Domaine interne,Indifférencié,Massifs varisques,Plutons varisques,1341,1345,granitoides peraluminous - leucogranites - T
France_T2.208,208,POINT (1.992551999775003 45.36596199984649),208,1,238,239,1,207,45.365962,1.992552,F12-051,14,0.717985,0.000022,0,0,Moss,0,Granite,Massif Central,Massif Central [Granite],9427,9055,9055,3000999936,930000,5,10,12,6,Z,m,r,fo,Zmr_fo,500010001206,1,175,Z,Zm,Zmr,Zmr_fo,9055,Alpine South,500-700,Crystalline rocks and migmatites,Forest,Alpine-Mountains-Rocks-Forest,100,100,"Hercynian, Massif Central",287,858,585,3,5,88,144,123,67,106,94,78,121,106,87,127,113,26,28,27,45,47,46,51,54,52,42,44,42,0,4,2,7,10,8,15,18,16,9,11,10,68,332326,B,Cambisol,Good,F82,F82,F5a,Lowland to submontane types,18,88,45.468764,2.146602,F12-051,0.717985,0.000022,0,0,Moss,0,Granite,Massif Central,Massif Central [Granite],Zm,Granite_Zm,14,"monzogranites, granodiorites",,T,Paleozoic,Devonian,Middle-Upper Devonian,390-355 Ma,390,355,plutonic,peraluminous,continental collision,"aplatissement, cisaillement",structure planaire,varisque,not applicable,not applicable,Domaine externe,Indifférencié,Massifs varisques,Plutons varisques,1521,1521,T
France_T2.209,209,POINT (1.8546529996362437 45.32366900012431),209,1,239,240,1,208,45.323669,1.854653,F12-052,17,0.71917,0.000035,0,0,Grass,0,Granite,Massif Central,Massif Central [Granite],9427,9055,9055,3000999936,930000,5,10,12,6,Z,m,r,fo,Zmr_fo,500010001206,1,175,Z,Zm,Zmr,Zmr_fo,9055,Alpine South,500-700,Crystalline rocks and migmatites,Forest,Alpine-Mountains-Rocks-Forest,100,100,"Hercynian, Massif Central",287,858,585,3,5,88,144,123,67,106,94,78,121,106,87,127,113,26,28,27,45,47,46,51,54,52,42,44,42,0,4,2,7,10,8,15,18,16,9,11,10,68,332326,B,Cambisol,Good,F82,F82,F5a,Lowland to submontane types,18,89,45.365962,1.992552,F12-052,0.71917,0.000035,0,0,Grass,0,Granite,Massif Central,Massif Central [Granite],Zm,Granite_Zm,17,peraluminous leucogranites,,T,Paleozoic,Carboniferous,"Upper Viséan, Namurian",335-305 Ma,335,305,plutonic,peraluminous,continental collision,nulle ou faible,not applicable,not applicable,not applicable,not applicable,Domaine externe,Indifférencié,Massifs varisques,Plutons varisques,1321,1325,granitoides peraluminous - leucogranites - T
France_T2.210,210,POINT (1.4055840003014168 45.124195999645735),210,1,240,241,1,209,45.124196,1.405584,F12-053,q2,0.71471,0.000014,0,0,Moss,0,Sand,Massif Central,Massif Central [Sand],9694,9323,9323,2486000128,1190000,9,7,4,5,A,h,r,ha,Ahr_ha,900007000405,1,112,A,Ah,Ahr,Ahr_ha,9323,Lusitanian,100-200,Calcereous rocks,Heterogeneous agric. areas,Atlantic-Hills-Rocks-Heterogeneous agric. areas,147,147,"Mesozoic & Tertiary lowlands and scarplands, Aquitaine Basin; Northern part",21,522,198,2,3,69,96,79,52,79,62,63,90,74,62,86,73,26,29,26,47,50,48,53,55,53,43,45,43,3,5,4,9,12,10,18,20,19,11,13,12,77,332674,B,Cambisol,Good,G37,G37,G3,"Sub-Mediterranean and meso-supra-Mediterranean downy oak forests, as well as mixe",114,409,45.323669,1.854653,F12-053,0.71471,0.000014,0,0,Moss,0,Sand,Massif Central,Massif Central [Sand],Ah,Sand_Ah,q2,"clays, sands, gravels, pebbles",,T,Cenozoic,Quaternary,Middle-Upper Pleistocene,"0,75-0,01 Ma",0.75,0.01,sedimentary,"siliceous, aluminous",continental,nulle ou faible,stratification,not applicable,not applicable,not applicable,Indifférencié,Indifférencié,Formations superficielles,Formations superficielles,21,21,T
France_T2.211,211,POINT (1.4488229995818074 45.13732199971059),211,1,241,242,1,210,45.137322,1.448823,F12-054,q3,0.713476,0.000012,0,0,Grass,0,Sandstone,Massif Central,Massif Central [Sandstone],9483,9319,9319,1122000000,470000,9,8,8,4,A,h,r,pa,Ahr_pa,900008000804,1,111,A,Ah,Ahr,Ahr_pa,9319,Lusitanian,200-300,Sandstone,Pastures,Atlantic-Hills-Rocks-Pastures,100,100,"Hercynian, Massif Central",82,503,254,2,5,73,113,86,58,88,69,71,100,82,72,102,82,26,27,26,47,48,47,52,54,53,43,44,43,3,5,4,10,11,10,18,20,19,11,13,12,88,332301,B,Cambisol,Good,F16,F16,F1a,Lowland to submontane types (Acidophilous oak and mixed oak forests),71,439,45.124196,1.405584,F12-054,0.713476,0.000012,0,0,Grass,0,Sandstone,Massif Central,Massif Central [Sandstone],Ah,Sandstone_Ah,q3,"sands, clays, gravels, pebbles",,T,Cenozoic,Quaternary,Holocene,"0,01-0,00 Ma",0.01,0,sedimentary,"siliceous, aluminous",continental,nulle ou faible,stratification,not applicable,not applicable,not applicable,Indifférencié,Indifférencié,Formations superficielles,Formations superficielles,1,1,T
France_T2.212,212,POINT (1.3593400000410156 45.307496999886666),212,1,243,244,1,211,45.307497,1.35934,F12-056,k,0.727588,0.000011,0.727957,0.000021,Grass,0.000369,Sandstone,Massif Central,Massif Central [Sandstone],9483,9319,9319,1122000000,470000,9,8,8,4,A,h,r,pa,Ahr_pa,900008000804,1,111,A,Ah,Ahr,Ahr_pa,9319,Lusitanian,200-300,Sandstone,Pastures,Atlantic-Hills-Rocks-Pastures,100,100,"Hercynian, Massif Central",82,503,254,2,5,73,113,86,58,88,69,71,100,82,72,102,82,26,27,26,47,48,47,52,54,53,43,44,43,3,5,4,10,11,10,18,20,19,11,13,12,88,332301,B,Cambisol,Good,F16,F16,F1a,Lowland to submontane types (Acidophilous oak and mixed oak forests),71,440,45.173888,1.419821,F12-056,0.727588,0.000011,0.727957,0.000021,Grass,0.000369,Sandstone,Massif Central,Massif Central [Sandstone],Ah,Sandstone_Ah,k,"shales, sandstones, limestones",,T,Paleozoic,Cambrian,Cambrian,540-500 Ma,540,500,metamorphic,"siliceous, aluminous, carbonatic",continental shelf,plissement anisopaque,schistosité,varisque,mésovarisque,schiste vert,Domaine allochtone supérieur,Indifférencié,Massifs varisques,Roches metamorphics,1841,1841,T
France_T2.213,213,POINT (1.1437710001316077 45.34566800017814),213,1,245,246,1,212,45.345668,1.143771,F12-058,o,0.719833,0.000022,0.719085,0.000019,Grass,-0.000748,Rhyolitoid,Massif Central,Massif Central [Rhyolitoid],9253,8949,8949,3390000128,1128000,9,8,12,5,A,h,r,ha,Ahr_ha,900008001205,1,112,A,Ah,Ahr,Ahr_ha,8949,Lusitanian,200-300,Crystalline rocks and migmatites,Heterogeneous agric. areas,Atlantic-Hills-Rocks-Heterogeneous agric. areas,100,100,"Hercynian, Massif Central",66,514,255,1,3,74,89,83,55,68,62,61,81,70,70,84,75,26,27,26,47,49,47,51,53,51,42,44,42,3,5,4,9,11,10,18,20,18,11,13,11,68,332317,B,Cambisol,Good,F16,F16,F1a,Lowland to submontane types (Acidophilous oak and mixed oak forests),114,370,45.399728,1.228371,F12-058,0.719833,0.000022,0.719085,0.000019,Grass,-0.000748,Rhyolitoid,Massif Central,Massif Central [Rhyolitoid],Ah,Rhyolitoid_Ah,o,"rhyodacites, ignimbrites",,T,Paleozoic,Ordovician,Ordovician,500-435 Ma,500,435,volcanic,"tholeiitic, peralkaline",continental extension,plissement isopaque,stratification,varisque,not applicable,not applicable,Domaine allochtone supérieur,Indifférencié,Massifs varisques,sediments et volcanics,1701,1703,volcanisme acide - tholeiitic à peralcalin - T
France_T2.214,214,POINT (1.1446730003587504 45.33194400041532),214,1,246,247,1,213,45.331944,1.144673,F12-060,os,0.712595,0.000015,0.712655,0.000015,Moss,0.00006,Schist,Massif Central,Massif Central [Schist],9253,8949,8949,3390000128,1128000,9,8,12,5,A,h,r,ha,Ahr_ha,900008001205,1,112,A,Ah,Ahr,Ahr_ha,8949,Lusitanian,200-300,Crystalline rocks and migmatites,Heterogeneous agric. areas,Atlantic-Hills-Rocks-Heterogeneous agric. areas,100,100,"Hercynian, Massif Central",66,514,255,1,3,74,89,83,55,68,62,61,81,70,70,84,75,26,27,26,47,49,47,51,53,51,42,44,42,3,5,4,9,11,10,18,20,18,11,13,11,68,332317,B,Cambisol,Good,F16,F16,F1a,Lowland to submontane types (Acidophilous oak and mixed oak forests),114,480,45.345668,1.143771,F12-060,0.712595,0.000015,0.712655,0.000015,Moss,0.00006,Schist,Massif Central,Massif Central [Schist],Ah,Schist_Ah,os,"shales, sandstones, quartzites",,T,Paleozoic,"Ordovician, Silurian","Ordovician, Silurian",500-410 Ma,500,410,metamorphic,"siliceous, aluminous",continental shelf,plissement anisopaque,schistosité,varisque,mésovarisque,schiste vert,Domaine allochtone supérieur,Indifférencié,Massifs varisques,Roches metamorphics,1721,1721,T
France_T2.215,215,POINT (2.6998490003311417 45.603377999994734),215,1,247,248,1,214,45.603378,2.699849,F12-061,r,0.712138,0.000016,0.711325,0.000019,Grass,-0.000813,Granite,Massif Central,Massif Central [Granite],9646,9271,9271,4057999872,1192000,5,12,13,4,Z,m,r,pa,Zmr_pa,500012001304,1,174,Z,Zm,Zmr,Zmr_pa,9271,Alpine South,900-1100,Volcanic rocks,Pastures,Alpine-Mountains-Rocks-Pastures,100,100,"Hercynian, Massif Central",488,1589,990,4,8,46,143,93,53,108,84,68,122,99,63,126,98,27,31,28,44,47,45,52,57,54,42,44,42,-2,2,-1,4,9,6,13,17,15,6,10,8,166,330525,T,Andosol,Good,F140,F140,F5b,"Montane to altimontane types, partly with fir and spruce",20,90,45.331944,1.144673,F12-061,0.712138,0.000016,0.711325,0.000019,Grass,-0.000813,Granite,Massif Central,Massif Central [Granite],Ah,Granite_Ah,r,"sandstones, conglomerates, shales, coals",,T,Paleozoic,Permian,Permian,295-250 Ma,295,250,sedimentary,"siliceous, aluminous, carbonaceous",continental,nulle ou faible,stratification,not applicable,not applicable,not applicable,basin stéphano-Permian du Massif central,Indifférencié,Massifs varisques,sediments et volcanics,1101,1101,T
France_T2.216,216,POINT (2.7038640002234615 45.61263299961331),216,1,248,249,1,215,45.612633,2.703864,F12-062,r,0.712204,0.000017,0.711927,0.000019,Grass,-0.000277,Granite,Massif Central,Massif Central [Granite],9646,9271,9271,4057999872,1192000,5,12,13,4,Z,m,r,pa,Zmr_pa,500012001304,1,174,Z,Zm,Zmr,Zmr_pa,9271,Alpine South,900-1100,Volcanic rocks,Pastures,Alpine-Mountains-Rocks-Pastures,100,100,"Hercynian, Massif Central",488,1589,990,4,8,46,143,93,53,108,84,68,122,99,63,126,98,27,31,28,44,47,45,52,57,54,42,44,42,-2,2,-1,4,9,6,13,17,15,6,10,8,166,330525,T,Andosol,Good,F140,F140,F5b,"Montane to altimontane types, partly with fir and spruce",20,91,45.603378,2.699849,F12-062,0.712204,0.000017,0.711927,0.000019,Grass,-0.000277,Granite,Massif Central,Massif Central [Granite],Ah,Granite_Ah,r,"sandstones, conglomerates, shales, coals",,T,Paleozoic,Permian,Permian,295-250 Ma,295,250,sedimentary,"siliceous, aluminous, carbonaceous",continental,nulle ou faible,stratification,not applicable,not applicable,not applicable,basin stéphano-Permian du Massif central,Indifférencié,Massifs varisques,sediments et volcanics,1101,1101,T
France_T2.217,217,POINT (2.6664299997447642 45.56387000010045),217,1,249,250,1,216,45.56387,2.66643,F12-063,pq1 (b-h-t),0.704674,0.000013,0.704606,0.000017,Grass,-0.000068,"Volcanics (Basanites, Tephrites, Pyroclastica)",Massif Central,"Massif Central [Volcanics (Basanites, Tephrites, Pyroclastica)]",9646,9271,9271,4057999872,1192000,5,12,13,4,Z,m,r,pa,Zmr_pa,500012001304,1,174,Z,Zm,Zmr,Zmr_pa,9271,Alpine South,900-1100,Volcanic rocks,Pastures,Alpine-Mountains-Rocks-Pastures,100,100,"Hercynian, Massif Central",488,1589,990,4,8,46,143,93,53,108,84,68,122,99,63,126,98,27,31,28,44,47,45,52,57,54,42,44,42,-2,2,-1,4,9,6,13,17,15,6,10,8,166,330525,T,Andosol,Good,F140,F140,F5b,"Montane to altimontane types, partly with fir and spruce",20,512,45.612633,2.703864,F12-063,0.704674,0.000013,0.704606,0.000017,Grass,-0.000068,"Volcanics (Basanites, Tephrites, Pyroclastica, Trachytes)",Massif Central,"Massif Central [Volcanics (Basanites, Tephrites, Pyroclastica, Trachytes)]",Ah,"Volcanics (Basanites, Tephrites, Pyroclastica, Trachytes)_Ah",pq1 (b-h-t),"basanites, hawaiites, benmoreites, tephrites",,T,Cenozoic,"Neogene, Quaternary","Pliocene, Lower Pleistocene","5,30-0,75 Ma",5.3,0.75,volcanic,"tholeiitic, peralkaline",continental extension,nulle ou faible,not applicable,not applicable,not applicable,not applicable,Volcanisme péri-alpin,Indifférencié,Volcanisme péri-alpin,volcanics Cenozoics,181,181,T
France_T2.218,218,POINT (2.6892269997263156 45.532448999921485),218,1,250,251,1,217,45.532449,2.689227,F12-064,15,0,0,0,0,Moss,0,"Volcanics (Basanites, Tephrites, Pyroclastica)",Massif Central,"Massif Central [Volcanics (Basanites, Tephrites, Pyroclastica)]",9646,9271,9271,4057999872,1192000,5,12,13,4,Z,m,r,pa,Zmr_pa,500012001304,1,174,Z,Zm,Zmr,Zmr_pa,9271,Alpine South,900-1100,Volcanic rocks,Pastures,Alpine-Mountains-Rocks-Pastures,100,100,"Hercynian, Massif Central",488,1589,990,4,8,46,143,93,53,108,84,68,122,99,63,126,98,27,31,28,44,47,45,52,57,54,42,44,42,-2,2,-1,4,9,6,13,17,15,6,10,8,166,330525,T,Andosol,Good,F140,F140,F5b,"Montane to altimontane types, partly with fir and spruce",20,513,45.56387,2.66643,F12-064,0,0,0,0,Moss,0,"Volcanics (Basanites, Tephrites, Pyroclastica, Trachytes)",Massif Central,"Massif Central [Volcanics (Basanites, Tephrites, Pyroclastica, Trachytes)]",Zm,"Volcanics (Basanites, Tephrites, Pyroclastica, Trachytes)_Zm",15,"monzogranites, granodiorites",,T,Paleozoic,Carboniferous,"Tournaisian, Lower Viséan",355-335 Ma,355,335,plutonic,peraluminous,continental collision,nulle ou faible,not applicable,not applicable,not applicable,not applicable,Domaine interne,Indifférencié,Massifs varisques,Plutons varisques,1421,1426,granitoides peraluminous - granites et granodiorites - T
France_T2.219,219,POINT (2.722643000174344 45.59030399962995),219,1,251,252,1,218,45.590304,2.722643,F12-065,15,0.715602,0.000039,0.71623,0.00002,Grass,0.000628,Granite,Massif Central,Massif Central [Granite],9294,9364,9364,154000000,104000,6,13,13,6,C,m,r,fo,Cmr_fo,600013001306,1,300,C,Cm,Cmr,Cmr_fo,9364,Continental,1100-1500,Volcanic rocks,Forest,Continental-Mountains-Rocks-Forest,100,100,"Hercynian, Massif Central",837,1726,1301,8,15,85,107,105,83,98,95,101,114,112,94,113,110,27,29,28,44,45,44,53,54,53,42,43,42,-2,0,-2,4,6,4,13,15,13,6,8,6,179,330525,T,Andosol,Good,F140,F140,F5b,"Montane to altimontane types, partly with fir and spruce",41,92,45.532449,2.689227,F12-065,0.715602,0.000039,0.71623,0.00002,Grass,0.000628,Granite,Massif Central,Massif Central [Granite],Zm,Granite_Zm,15,"monzogranites, granodiorites",,T,Paleozoic,Carboniferous,"Tournaisian, Lower Viséan",355-335 Ma,355,335,plutonic,peraluminous,continental collision,nulle ou faible,not applicable,not applicable,not applicable,not applicable,Domaine interne,Indifférencié,Massifs varisques,Plutons varisques,1421,1426,granitoides peraluminous - granites et granodiorites - T
France_T2.220,220,POINT (2.7797359998165803 45.58668600005893),220,1,252,253,1,219,45.586686,2.779736,F12-066,pq1 (m-t-p),0.7046,0.000017,0.704886,0.000019,Grass,0.000286,"Volcanics (Basanites, Tephrites, Pyroclastica)",Massif Central,"Massif Central [Volcanics (Basanites, Tephrites, Pyroclastica)]",9294,9364,9364,154000000,104000,6,13,13,6,C,m,r,fo,Cmr_fo,600013001306,1,300,C,Cm,Cmr,Cmr_fo,9364,Continental,1100-1500,Volcanic rocks,Forest,Continental-Mountains-Rocks-Forest,100,100,"Hercynian, Massif Central",837,1726,1301,8,15,85,107,105,83,98,95,101,114,112,94,113,110,27,29,28,44,45,44,53,54,53,42,43,42,-2,0,-2,4,6,4,13,15,13,6,8,6,179,330525,T,Andosol,Good,F140,F140,F5b,"Montane to altimontane types, partly with fir and spruce",41,514,45.590304,2.722643,F12-066,0.7046,0.000017,0.704886,0.000019,Grass,0.000286,"Volcanics (Basanites, Tephrites, Pyroclastica, Trachytes)",Massif Central,"Massif Central [Volcanics (Basanites, Tephrites, Pyroclastica, Trachytes)]",Zm,"Volcanics (Basanites, Tephrites, Pyroclastica, Trachytes)_Zm",pq1 (m-t-p),"trachytes, mugearites, phonolites, pyroclastics",,T,Cenozoic,"Neogene, Quaternary","Pliocene, Lower Pleistocene","5,30-0,75 Ma",5.3,0.75,volcanic,"tholeiitic, peralkaline",continental extension,nulle ou faible,not applicable,not applicable,not applicable,not applicable,Volcanisme péri-alpin,Indifférencié,Volcanisme péri-alpin,volcanics Cenozoics,201,201,T
France_T2.221,221,POINT (2.8083380003984644 45.587073999965185),221,1,253,254,1,220,45.587074,2.808338,F12-067,pq1 (m-t-p),0.70428,0.00001,0.704459,0.000008,Moss,0.000179,"Volcanics (Basanites, Tephrites, Pyroclastica)",Massif Central,"Massif Central [Volcanics (Basanites, Tephrites, Pyroclastica)]",9294,9364,9364,154000000,104000,6,13,13,6,C,m,r,fo,Cmr_fo,600013001306,1,300,C,Cm,Cmr,Cmr_fo,9364,Continental,1100-1500,Volcanic rocks,Forest,Continental-Mountains-Rocks-Forest,100,100,"Hercynian, Massif Central",837,1726,1301,8,15,85,107,105,83,98,95,101,114,112,94,113,110,27,29,28,44,45,44,53,54,53,42,43,42,-2,0,-2,4,6,4,13,15,13,6,8,6,179,330525,T,Andosol,Good,F140,F140,F5b,"Montane to altimontane types, partly with fir and spruce",41,515,45.586686,2.779736,F12-067,0.70428,0.00001,0.704459,0.000008,Moss,0.000179,"Volcanics (Basanites, Tephrites, Pyroclastica, Trachytes)",Massif Central,"Massif Central [Volcanics (Basanites, Tephrites, Pyroclastica, Trachytes)]",Cm,"Volcanics (Basanites, Tephrites, Pyroclastica, Trachytes)_Cm",pq1 (m-t-p),"trachytes, mugearites, phonolites, pyroclastics",,T,Cenozoic,"Neogene, Quaternary","Pliocene, Lower Pleistocene","5,30-0,75 Ma",5.3,0.75,volcanic,"tholeiitic, peralkaline",continental extension,nulle ou faible,not applicable,not applicable,not applicable,not applicable,Volcanisme péri-alpin,Indifférencié,Volcanisme péri-alpin,volcanics Cenozoics,201,201,T
France_T2.222,222,POINT (2.8341879999762796 45.59475499984342),222,1,254,255,1,221,45.594755,2.834188,F12-068,q2-3 (b-h-t),0.705036,0.000008,0.70509,0.00002,Moss,0.000054,"Volcanics (Basanites, Tephrites, Pyroclastica)",Massif Central,"Massif Central [Volcanics (Basanites, Tephrites, Pyroclastica)]",9294,9364,9364,154000000,104000,6,13,13,6,C,m,r,fo,Cmr_fo,600013001306,1,300,C,Cm,Cmr,Cmr_fo,9364,Continental,1100-1500,Volcanic rocks,Forest,Continental-Mountains-Rocks-Forest,100,100,"Hercynian, Massif Central",837,1726,1301,8,15,85,107,105,83,98,95,101,114,112,94,113,110,27,29,28,44,45,44,53,54,53,42,43,42,-2,0,-2,4,6,4,13,15,13,6,8,6,179,330525,T,Andosol,Good,F140,F140,F5b,"Montane to altimontane types, partly with fir and spruce",41,516,45.587074,2.808338,F12-068,0.705036,0.000008,0.70509,0.00002,Moss,0.000054,"Volcanics (Basanites, Tephrites, Pyroclastica, Trachytes)",Massif Central,"Massif Central [Volcanics (Basanites, Tephrites, Pyroclastica, Trachytes)]",Cm,"Volcanics (Basanites, Tephrites, Pyroclastica, Trachytes)_Cm",q2-3 (b-h-t),"basanites, hawaiites, benmoreites, tephrites",,T,Cenozoic,Quaternary,"Upper Pleistocene, Holocene","0,75-0,00 Ma",0.75,0,volcanic,"tholeiitic, peralkaline",continental extension,nulle ou faible,not applicable,not applicable,not applicable,not applicable,Volcanisme péri-alpin,Indifférencié,Volcanisme péri-alpin,volcanics Cenozoics,61,61,T
France_T2.223,223,POINT (2.856044999776941 45.59375799973196),223,1,255,256,1,222,45.593758,2.856045,F12-069,q2-3 (m-t-p),0.704303,0.00001,0.704116,0.000018,Grass,-0.000187,"Volcanics (Basanites, Tephrites, Pyroclastica)",Massif Central,"Massif Central [Volcanics (Basanites, Tephrites, Pyroclastica)]",9294,9364,9364,154000000,104000,6,13,13,6,C,m,r,fo,Cmr_fo,600013001306,1,300,C,Cm,Cmr,Cmr_fo,9364,Continental,1100-1500,Volcanic rocks,Forest,Continental-Mountains-Rocks-Forest,100,100,"Hercynian, Massif Central",837,1726,1301,8,15,85,107,105,83,98,95,101,114,112,94,113,110,27,29,28,44,45,44,53,54,53,42,43,42,-2,0,-2,4,6,4,13,15,13,6,8,6,179,330525,T,Andosol,Good,F140,F140,F5b,"Montane to altimontane types, partly with fir and spruce",41,517,45.594755,2.834188,F12-069,0.704303,0.00001,0.704116,0.000018,Grass,-0.000187,"Volcanics (Basanites, Tephrites, Pyroclastica, Trachytes)",Massif Central,"Massif Central [Volcanics (Basanites, Tephrites, Pyroclastica, Trachytes)]",Cm,"Volcanics (Basanites, Tephrites, Pyroclastica, Trachytes)_Cm",q2-3 (m-t-p),"trachytes, mugearites, phonolites, pyroclastics",,T,Cenozoic,Quaternary,"Upper Pleistocene, Holocene","0,75-0,00 Ma",0.75,0,volcanic,"tholeiitic, peralkaline",continental extension,nulle ou faible,not applicable,not applicable,not applicable,not applicable,Volcanisme péri-alpin,Indifférencié,Volcanisme péri-alpin,volcanics Cenozoics,81,81,T
France_T2.224,224,POINT (2.978363999998635 45.58910400004959),224,1,256,257,1,223,45.589104,2.978364,F12-070,pq1 (b-h-t),0.710442,0.000009,0.710144,0.00002,Grass,-0.000298,Granite,Massif Central,Massif Central [Granite],9646,9271,9271,4057999872,1192000,5,12,13,4,Z,m,r,pa,Zmr_pa,500012001304,1,174,Z,Zm,Zmr,Zmr_pa,9271,Alpine South,900-1100,Volcanic rocks,Pastures,Alpine-Mountains-Rocks-Pastures,100,100,"Hercynian, Massif Central",488,1589,990,4,8,46,143,93,53,108,84,68,122,99,63,126,98,27,31,28,44,47,45,52,57,54,42,44,42,-2,2,-1,4,9,6,13,17,15,6,10,8,166,330525,T,Andosol,Good,F140,F140,F5b,"Montane to altimontane types, partly with fir and spruce",20,93,45.593758,2.856045,F12-070,0.710442,0.000009,0.710144,0.00002,Grass,-0.000298,Granite,Massif Central,Massif Central [Granite],Cm,Granite_Cm,pq1 (b-h-t),"basanites, hawaiites, benmoreites, tephrites",,T,Cenozoic,"Neogene, Quaternary","Pliocene, Lower Pleistocene","5,30-0,75 Ma",5.3,0.75,volcanic,"tholeiitic, peralkaline",continental extension,nulle ou faible,not applicable,not applicable,not applicable,not applicable,Volcanisme péri-alpin,Indifférencié,Volcanisme péri-alpin,volcanics Cenozoics,181,181,T
France_T2.225,225,POINT (3.1447439996359208 45.58354500000178),225,1,257,258,1,224,45.583545,3.144744,F12-071,g,0.713416,0.000009,0.71247,0.000016,Grass,-0.000946,Sand,Massif Central,Massif Central [Sand],9448,9115,9115,1748999936,522000,7,9,4,2,A,h,r,al,Ahr_al,700009000402,1,109,A,Ah,Ahr,Ahr_al,9115,Atlantic Central,300-500,Calcereous rocks,Arable land,Atlantic-Hills-Rocks-Arable land,100,100,"Hercynian, Massif Central",250,1180,418,2,4,32,85,43,47,83,53,69,101,76,54,94,60,26,29,27,45,47,46,54,57,54,41,43,41,0,3,2,5,10,9,14,19,17,8,12,10,123,332671,B,Cambisol,Good,G39,G39,G3,"Sub-Mediterranean and meso-supra-Mediterranean downy oak forests, as well as mixe",61,410,45.589104,2.978364,F12-071,0.713416,0.000009,0.71247,0.000016,Grass,-0.000946,Sand,Massif Central,Massif Central [Sand],Cm,Sand_Cm,g,"sands, marls, clays, conglomerates",,T,Cenozoic,Paleogene,Oligocene,"33,7-23,5 Ma",33.7,23.5,sedimentary,"siliceous, aluminous, carbonatic","platform, basin","fracturation, basculement",stratification,alpin,not applicable,not applicable,Limagnes,Indifférencié,basins et Fossés,sediments et volcanics,301,301,T
France_T2.226,226,POINT (3.317456999940646 45.360963000442155),226,1,258,259,1,225,45.360963,3.317457,F12-072,g,0.714996,0.000009,0.715044,0.000015,Grass,0.000048,Sand,Massif Central,Massif Central [Sand],9570,8605,8605,9827000320,3140000,7,9,12,4,A,h,r,pa,Ahr_pa,700009001204,1,111,A,Ah,Ahr,Ahr_pa,8605,Atlantic Central,300-500,Crystalline rocks and migmatites,Pastures,Atlantic-Hills-Rocks-Pastures,100,100,"Hercynian, Massif Central",173,1042,412,2,4,32,118,68,40,82,57,68,103,81,54,102,71,23,30,25,46,49,47,52,59,55,40,43,41,0,3,1,6,11,9,15,19,18,8,12,10,126,332292,B,Cambisol,Good,F82,F82,F5a,Lowland to submontane types,71,411,45.583545,3.144744,F12-072,0.714996,0.000009,0.715044,0.000015,Grass,0.000048,Sand,Massif Central,Massif Central [Sand],Cm,Sand_Cm,g,"sands, marls, clays, conglomerates",,T,Cenozoic,Paleogene,Oligocene,"33,7-23,5 Ma",33.7,23.5,sedimentary,"siliceous, aluminous, carbonatic","platform, basin","fracturation, basculement",stratification,alpin,not applicable,not applicable,Limagnes,Indifférencié,basins et Fossés,sediments et volcanics,301,301,T
France_T2.227,227,POINT (3.4534060000868863 45.28658200035909),227,1,259,260,1,226,45.286582,3.453406,F12-074,p,0.717884,0.000009,0.717656,0.000019,Moss,-0.000228,Gravel,Massif Central,Massif Central [Gravel],9570,8605,8605,9827000320,3140000,7,9,12,4,A,h,r,pa,Ahr_pa,700009001204,1,111,A,Ah,Ahr,Ahr_pa,8605,Atlantic Central,300-500,Crystalline rocks and migmatites,Pastures,Atlantic-Hills-Rocks-Pastures,100,100,"Hercynian, Massif Central",173,1042,412,2,4,32,118,68,40,82,57,68,103,81,54,102,71,23,30,25,46,49,47,52,59,55,40,43,41,0,3,1,6,11,9,15,19,18,8,12,10,126,332292,B,Cambisol,Good,F82,F82,F5a,Lowland to submontane types,71,134,45.360963,3.317457,F12-074,0.717884,0.000009,0.717656,0.000019,Moss,-0.000228,Gravel,Massif Central,Massif Central [Gravel],Ah,Gravel_Ah,p,"sands, cobbles, clays",,T,Cenozoic,Neogene,Pliocene,"5,30-1,75 Ma",5.3,1.75,sedimentary,"siliceous, aluminous",continental,nulle ou faible,stratification,not applicable,not applicable,not applicable,Limagnes,Indifférencié,basins et Fossés,sediments et volcanics,141,141,T
France_T2.228,228,POINT (3.4933660001408384 45.29882500017368),228,1,260,261,1,227,45.298825,3.493366,F12-075,ko,0.722863,0.00001,0.723433,0.000018,Grass,0.00057,Migmatite,Massif Central,Massif Central [Migmatite],9570,8605,8605,9827000320,3140000,7,9,12,4,A,h,r,pa,Ahr_pa,700009001204,1,111,A,Ah,Ahr,Ahr_pa,8605,Atlantic Central,300-500,Crystalline rocks and migmatites,Pastures,Atlantic-Hills-Rocks-Pastures,100,100,"Hercynian, Massif Central",173,1042,412,2,4,32,118,68,40,82,57,68,103,81,54,102,71,23,30,25,46,49,47,52,59,55,40,43,41,0,3,1,6,11,9,15,19,18,8,12,10,126,332292,B,Cambisol,Good,F82,F82,F5a,Lowland to submontane types,71,312,45.303183,3.407208,F12-075,0.722863,0.00001,0.723433,0.000018,Grass,0.00057,Migmatite,Massif Central,Massif Central [Migmatite],Ah,Migmatite_Ah,ko,para-migmatites,,T,Paleozoic,"Cambrian, Ordovician","Cambrian, Ordovician",540-435 Ma,540,435,metamorphic,"siliceous, aluminous",indeterminate,"cisaillement, écoulement",foliation,varisque,mésovarisque,anatexie,Domaine interne,Indifférencié,Massifs varisques,Roches metamorphics,1861,1861,T
France_T2.229,229,POINT (3.62912499961908 45.31816399986877),229,1,262,263,1,228,45.318164,3.629125,F12-077,bk,0.71613,0.000029,0,0,Moss,0,Orthogneiss,Massif Central,Massif Central [Orthogneiss],9925,9195,9195,6195999744,1514000,5,11,12,6,Z,m,r,fo,Zmr_fo,500011001206,1,175,Z,Zm,Zmr,Zmr_fo,9195,Alpine South,700-900,Crystalline rocks and migmatites,Forest,Alpine-Mountains-Rocks-Forest,100,100,"Hercynian, Massif Central",303,1579,863,5,10,35,109,60,49,120,67,65,103,79,60,174,89,26,36,30,46,54,48,55,65,58,41,48,43,-2,3,0,4,11,8,13,20,17,6,12,9,183,332292,B,Cambisol,Good,F92,F92,F5b,"Montane to altimontane types, partly with fir and spruce",18,337,45.298825,3.493366,F12-077,0.71613,0.000029,0,0,Moss,0,Orthogneiss,Massif Central,Massif Central [Orthogneiss],Zm,Orthogneiss_Zm,bk,"paragneisses, leptynites, amphibolites",,T,"Proterozoic, Paleozoic","Neoproterozoic, Cambrian","Brioverian, Cambrian",670-500 Ma,670,500,metamorphic,"siliceous, aluminous, magnesium",indeterminate,"plissement, cisaillement",foliation,varisque,mésovarisque,amphibolite,Domaine interne,Indifférencié,Massifs varisques,Roches metamorphics,2201,2201,T
France_T2.230,230,POINT (3.683603000078449 45.32855299962131),230,1,263,264,1,229,45.328553,3.683603,F12-078,16,0.714951,0.00001,0.714811,0.000015,Grass,-0.00014,Granite,Massif Central,Massif Central [Granite],9925,9195,9195,6195999744,1514000,5,11,12,6,Z,m,r,fo,Zmr_fo,500011001206,1,175,Z,Zm,Zmr,Zmr_fo,9195,Alpine South,700-900,Crystalline rocks and migmatites,Forest,Alpine-Mountains-Rocks-Forest,100,100,"Hercynian, Massif Central",303,1579,863,5,10,35,109,60,49,120,67,65,103,79,60,174,89,26,36,30,46,54,48,55,65,58,41,48,43,-2,3,0,4,11,8,13,20,17,6,12,9,183,332292,B,Cambisol,Good,F92,F92,F5b,"Montane to altimontane types, partly with fir and spruce",18,94,45.329761,3.577982,F12-078,0.714951,0.00001,0.714811,0.000015,Grass,-0.00014,Granite,Massif Central,Massif Central [Granite],Zm,Granite_Zm,16,"monzogranites, granodiorites",,T,Paleozoic,Carboniferous,"Dinantian, Namurian, Westphalian",355-305 Ma,355,305,plutonic,peraluminous,continental collision,"aplatissement, cisaillement",structure planaire,varisque,not applicable,not applicable,Domaine interne,Indifférencié,Massifs varisques,Plutons varisques,1441,1441,T
France_T2.231,231,POINT (3.7132910003793995 45.28137899964116),231,1,264,265,1,230,45.281379,3.713291,F12-079,6,0.717096,0.000015,0,0,Moss,0,Orthogneiss,Massif Central,Massif Central [Orthogneiss],9925,9195,9195,6195999744,1514000,5,11,12,6,Z,m,r,fo,Zmr_fo,500011001206,1,175,Z,Zm,Zmr,Zmr_fo,9195,Alpine South,700-900,Crystalline rocks and migmatites,Forest,Alpine-Mountains-Rocks-Forest,100,100,"Hercynian, Massif Central",303,1579,863,5,10,35,109,60,49,120,67,65,103,79,60,174,89,26,36,30,46,54,48,55,65,58,41,48,43,-2,3,0,4,11,8,13,20,17,6,12,9,183,332292,B,Cambisol,Good,F92,F92,F5b,"Montane to altimontane types, partly with fir and spruce",18,338,45.318164,3.629125,F12-079,0.717096,0.000015,0,0,Moss,0,Orthogneiss,Massif Central,Massif Central [Orthogneiss],Zm,Orthogneiss_Zm,6,anatectic orthogneisses,,T,"Proterozoic, Paleozoic","Neoproterozoic, Cambrian","Upper Brioverian, Cambrian",580-500 Ma,580,500,metamorphic,"siliceous, aluminous",indeterminate,"aplatissement, cisaillement",foliation,varisque,néovarisque,anatexie,Domaine interne,Indifférencié,Massifs varisques,Roches orthogneissesiques,2081,2081,T
France_T2.232,232,POINT (3.8117809997933705 45.09468799955158),232,1,265,266,1,231,45.094688,3.811781,F12-080,p,0.704672,0.000011,0.705072,0.000015,Grass,0.0004,"Volcanics (Basanites, Tephrites, Pyroclastica)",Massif Central,"Massif Central [Volcanics (Basanites, Tephrites, Pyroclastica)]",9921,9652,9652,4257999872,1250000,5,12,12,4,Z,m,r,pa,Zmr_pa,500012001204,1,174,Z,Zm,Zmr,Zmr_pa,9652,Alpine South,900-1100,Crystalline rocks and migmatites,Pastures,Alpine-Mountains-Rocks-Pastures,100,100,"Hercynian, Massif Central",482,1603,1016,4,7,39,101,67,50,107,71,66,94,74,60,151,93,29,35,31,46,50,47,55,60,57,43,46,44,-2,2,-1,4,9,6,13,17,15,6,10,8,169,330518,U,Ranker,Marginal,F92,F92,F5b,"Montane to altimontane types, partly with fir and spruce",20,518,45.328553,3.683603,F12-080,0.704672,0.000011,0.705072,0.000015,Grass,0.0004,"Volcanics (Basanites, Tephrites, Pyroclastica, Trachytes)",Massif Central,"Massif Central [Volcanics (Basanites, Tephrites, Pyroclastica, Trachytes)]",Zm,"Volcanics (Basanites, Tephrites, Pyroclastica, Trachytes)_Zm",p,"sands, cobbles, clays",,T,Cenozoic,Neogene,Pliocene,"5,30-1,75 Ma",5.3,1.75,sedimentary,"siliceous, aluminous",continental,nulle ou faible,stratification,not applicable,not applicable,not applicable,Limagnes,Indifférencié,basins et Fossés,sediments et volcanics,141,141,T
France_T2.233,233,POINT (3.8461039997998228 45.07189199961613),233,1,266,267,1,232,45.071892,3.846104,F12-081,pq1 (b-h-t),0.704882,0.000011,0.705354,0.000021,Grass,0.000472,"Volcanics (Basanites, Tephrites, Pyroclastica)",Massif Central,"Massif Central [Volcanics (Basanites, Tephrites, Pyroclastica)]",9921,9652,9652,4257999872,1250000,5,12,12,4,Z,m,r,pa,Zmr_pa,500012001204,1,174,Z,Zm,Zmr,Zmr_pa,9652,Alpine South,900-1100,Crystalline rocks and migmatites,Pastures,Alpine-Mountains-Rocks-Pastures,100,100,"Hercynian, Massif Central",482,1603,1016,4,7,39,101,67,50,107,71,66,94,74,60,151,93,29,35,31,46,50,47,55,60,57,43,46,44,-2,2,-1,4,9,6,13,17,15,6,10,8,169,330518,U,Ranker,Marginal,F92,F92,F5b,"Montane to altimontane types, partly with fir and spruce",20,519,45.281379,3.713291,F12-081,0.704882,0.000011,0.705354,0.000021,Grass,0.000472,"Volcanics (Basanites, Tephrites, Pyroclastica, Trachytes)",Massif Central,"Massif Central [Volcanics (Basanites, Tephrites, Pyroclastica, Trachytes)]",Zm,"Volcanics (Basanites, Tephrites, Pyroclastica, Trachytes)_Zm",pq1 (b-h-t),"basanites, hawaiites, benmoreites, tephrites",,T,Cenozoic,"Neogene, Quaternary","Pliocene, Lower Pleistocene","5,30-0,75 Ma",5.3,0.75,volcanic,"tholeiitic, peralkaline",continental extension,nulle ou faible,not applicable,not applicable,not applicable,not applicable,Volcanisme péri-alpin,Indifférencié,Volcanisme péri-alpin,volcanics Cenozoics,181,181,T
France_T2.234,234,POINT (3.8425159998135996 44.9234859996792),234,1,267,268,1,233,44.923486,3.842516,F12-084,pq1 (b-h-t),0.703909,0.000008,0.703927,0.000022,Grass,0.000018,"Volcanics (Basanites, Tephrites, Pyroclastica)",Massif Central,"Massif Central [Volcanics (Basanites, Tephrites, Pyroclastica)]",9921,9652,9652,4257999872,1250000,5,12,12,4,Z,m,r,pa,Zmr_pa,500012001204,1,174,Z,Zm,Zmr,Zmr_pa,9652,Alpine South,900-1100,Crystalline rocks and migmatites,Pastures,Alpine-Mountains-Rocks-Pastures,100,100,"Hercynian, Massif Central",482,1603,1016,4,7,39,101,67,50,107,71,66,94,74,60,151,93,29,35,31,46,50,47,55,60,57,43,46,44,-2,2,-1,4,9,6,13,17,15,6,10,8,169,330518,U,Ranker,Marginal,F92,F92,F5b,"Montane to altimontane types, partly with fir and spruce",20,520,45.071892,3.846104,F12-084,0.703909,0.000008,0.703927,0.000022,Grass,0.000018,"Volcanics (Basanites, Tephrites, Pyroclastica, Trachytes)",Massif Central,"Massif Central [Volcanics (Basanites, Tephrites, Pyroclastica, Trachytes)]",Zm,"Volcanics (Basanites, Tephrites, Pyroclastica, Trachytes)_Zm",pq1 (b-h-t),"basanites, hawaiites, benmoreites, tephrites",,T,Cenozoic,"Neogene, Quaternary","Pliocene, Lower Pleistocene","5,30-0,75 Ma",5.3,0.75,volcanic,"tholeiitic, peralkaline",continental extension,nulle ou faible,not applicable,not applicable,not applicable,not applicable,Volcanisme péri-alpin,Indifférencié,Volcanisme péri-alpin,volcanics Cenozoics,181,181,T
France_T2.235,235,POINT (3.7643369999526612 44.82013399998414),235,1,268,269,1,234,44.820134,3.764337,F12-085,16,0.71211,0.000009,0,0,Moss,0,Granite,Massif Central,Massif Central [Granite],9921,9652,9652,4257999872,1250000,5,12,12,4,Z,m,r,pa,Zmr_pa,500012001204,1,174,Z,Zm,Zmr,Zmr_pa,9652,Alpine South,900-1100,Crystalline rocks and migmatites,Pastures,Alpine-Mountains-Rocks-Pastures,100,100,"Hercynian, Massif Central",482,1603,1016,4,7,39,101,67,50,107,71,66,94,74,60,151,93,29,35,31,46,50,47,55,60,57,43,46,44,-2,2,-1,4,9,6,13,17,15,6,10,8,169,330518,U,Ranker,Marginal,F92,F92,F5b,"Montane to altimontane types, partly with fir and spruce",20,95,45.04907,3.878604,F12-085,0.71211,0.000009,0,0,Moss,0,Granite,Massif Central,Massif Central [Granite],Zm,Granite_Zm,16,"monzogranites, granodiorites",,T,Paleozoic,Carboniferous,"Dinantian, Namurian, Westphalian",355-305 Ma,355,305,plutonic,peraluminous,continental collision,nulle ou faible,not applicable,not applicable,not applicable,not applicable,Domaine interne,Indifférencié,Massifs varisques,Plutons varisques,1441,1444,granitoides peraluminous - granites et granodiorites - T
France_T2.236,236,POINT (4.071974999946349 44.68187799957008),236,1,269,270,1,235,44.681878,4.071975,F12-086,6,0.718906,0.000012,0.719317,0.000019,Grass,0.000411,Orthogneiss,Massif Central,Massif Central [Orthogneiss],9925,9195,9195,6195999744,1514000,5,11,12,6,Z,m,r,fo,Zmr_fo,500011001206,1,175,Z,Zm,Zmr,Zmr_fo,9195,Alpine South,700-900,Crystalline rocks and migmatites,Forest,Alpine-Mountains-Rocks-Forest,100,100,"Hercynian, Massif Central",303,1579,863,5,10,35,109,60,49,120,67,65,103,79,60,174,89,26,36,30,46,54,48,55,65,58,41,48,43,-2,3,0,4,11,8,13,20,17,6,12,9,183,332292,B,Cambisol,Good,F92,F92,F5b,"Montane to altimontane types, partly with fir and spruce",18,339,45.008531,3.879222,F12-086,0.718906,0.000012,0.719317,0.000019,Grass,0.000411,Orthogneiss,Massif Central,Massif Central [Orthogneiss],Zm,Orthogneiss_Zm,6,anatectic orthogneisses,,T,"Proterozoic, Paleozoic","Neoproterozoic, Cambrian","Upper Brioverian, Cambrian",580-500 Ma,580,500,metamorphic,"siliceous, aluminous",indeterminate,"aplatissement, cisaillement",foliation,varisque,néovarisque,anatexie,Domaine interne,Indifférencié,Massifs varisques,Roches orthogneissesiques,2081,2081,T
France_T2.237,237,POINT (4.041784999877905 45.67099900040358),237,1,270,271,1,236,45.670999,4.041785,F12-088,g,0.707722,0.000009,0.707484,0.000019,Moss,-0.000238,Impure carbonate sedimentary rock,Massif Central,Massif Central [Impure carbonate sedimentary rock],9570,8605,8605,9827000320,3140000,7,9,12,4,A,h,r,pa,Ahr_pa,700009001204,1,111,A,Ah,Ahr,Ahr_pa,8605,Atlantic Central,300-500,Crystalline rocks and migmatites,Pastures,Atlantic-Hills-Rocks-Pastures,100,100,"Hercynian, Massif Central",173,1042,412,2,4,32,118,68,40,82,57,68,103,81,54,102,71,23,30,25,46,49,47,52,59,55,40,43,41,0,3,1,6,11,9,15,19,18,8,12,10,126,332292,B,Cambisol,Good,F82,F82,F5a,Lowland to submontane types,71,191,44.923486,3.842516,F12-088,0.707722,0.000009,0.707484,0.000019,Moss,-0.000238,Impure carbonate sedimentary rock,Massif Central,Massif Central [Impure carbonate sedimentary rock],Ah,Impure carbonate sedimentary rock_Ah,g,"sands, marls, clays, conglomerates",,T,Cenozoic,Paleogene,Oligocene,"33,7-23,5 Ma",33.7,23.5,sedimentary,"siliceous, aluminous, carbonatic","platform, basin","fracturation, basculement",stratification,alpin,not applicable,not applicable,Limagnes,Indifférencié,basins et Fossés,sediments et volcanics,301,301,T
France_T2.238,238,POINT (3.990172000237692 45.75270199999733),238,1,271,272,1,237,45.752702,3.990172,F12-089,17,0.712861,0.00001,0.713678,0.000017,Grass,0.000817,Granite,Massif Central,Massif Central [Granite],9570,8605,8605,9827000320,3140000,7,9,12,4,A,h,r,pa,Ahr_pa,700009001204,1,111,A,Ah,Ahr,Ahr_pa,8605,Atlantic Central,300-500,Crystalline rocks and migmatites,Pastures,Atlantic-Hills-Rocks-Pastures,100,100,"Hercynian, Massif Central",173,1042,412,2,4,32,118,68,40,82,57,68,103,81,54,102,71,23,30,25,46,49,47,52,59,55,40,43,41,0,3,1,6,11,9,15,19,18,8,12,10,126,332292,B,Cambisol,Good,F82,F82,F5a,Lowland to submontane types,71,96,44.820134,3.764337,F12-089,0.712861,0.00001,0.713678,0.000017,Grass,0.000817,Granite,Massif Central,Massif Central [Granite],Ah,Granite_Ah,17,"microgranites, apligranites",,T,Paleozoic,Carboniferous,"Upper Viséan, Namurian",335-305 Ma,335,305,plutonic,"calc-alkaline, subalkaline",continental collision,nulle ou faible,not applicable,not applicable,not applicable,not applicable,Domaine interne,Indifférencié,Massifs varisques,Plutons varisques,1321,1323,plutonisme acide - microgranites undifferentiated - T
France_T2.239,239,POINT (3.8480339997693136 45.82346200037108),239,1,272,273,1,238,45.823462,3.848034,F12-090,15,0.713487,0.000006,0.713752,0.000013,Grass,0.000265,Granite,Massif Central,Massif Central [Granite],9570,8605,8605,9827000320,3140000,7,9,12,4,A,h,r,pa,Ahr_pa,700009001204,1,111,A,Ah,Ahr,Ahr_pa,8605,Atlantic Central,300-500,Crystalline rocks and migmatites,Pastures,Atlantic-Hills-Rocks-Pastures,100,100,"Hercynian, Massif Central",173,1042,412,2,4,32,118,68,40,82,57,68,103,81,54,102,71,23,30,25,46,49,47,52,59,55,40,43,41,0,3,1,6,11,9,15,19,18,8,12,10,126,332292,B,Cambisol,Good,F82,F82,F5a,Lowland to submontane types,71,97,44.681878,4.071975,F12-090,0.713487,0.000006,0.713752,0.000013,Grass,0.000265,Granite,Massif Central,Massif Central [Granite],Ah,Granite_Ah,15,"monzogranites, granodiorites",,T,Paleozoic,Carboniferous,"Tournaisian, Lower Viséan",355-335 Ma,355,335,plutonic,subalkaline,continental collision,nulle ou faible,not applicable,not applicable,not applicable,not applicable,Domaine interne,Indifférencié,Massifs varisques,Plutons varisques,1421,1427,granitoides calc-alkalines - subalcalins potassiques - T
France_T2.240,240,POINT (3.847522999586829 45.896251999929916),240,1,273,274,1,239,45.896252,3.847523,F12-091,h2,0.714375,0.000008,0.714045,0.000015,Grass,-0.00033,Rhyolitoid,Massif Central,Massif Central [Rhyolitoid],9570,8605,8605,9827000320,3140000,7,9,12,4,A,h,r,pa,Ahr_pa,700009001204,1,111,A,Ah,Ahr,Ahr_pa,8605,Atlantic Central,300-500,Crystalline rocks and migmatites,Pastures,Atlantic-Hills-Rocks-Pastures,100,100,"Hercynian, Massif Central",173,1042,412,2,4,32,118,68,40,82,57,68,103,81,54,102,71,23,30,25,46,49,47,52,59,55,40,43,41,0,3,1,6,11,9,15,19,18,8,12,10,126,332292,B,Cambisol,Good,F82,F82,F5a,Lowland to submontane types,71,371,44.620493,4.421955,F12-091,0.714375,0.000008,0.714045,0.000015,Grass,-0.00033,Rhyolitoid,Massif Central,Massif Central [Rhyolitoid],Ah,Rhyolitoid_Ah,h2,"rhyodacites, acid tuffs, ignimbrites",,T,Paleozoic,Carboniferous,"Upper Viséan, Namurian",335-305 Ma,335,305,volcanic,"calc-alkaline, subalkaline",continental collision,plissement isopaque,stratification,varisque,not applicable,not applicable,Domaine de riftogenèse Devonianne,Indifférencié,Massifs varisques,sediments et volcanics,1241,1242,volcanisme acide - calc-alkaline à alcalin - T
France_T2.241,241,POINT (3.7844330003827054 45.96802999958487),241,1,274,275,1,240,45.96803,3.784433,F12-093,17,0.71441,0.000013,0.714419,0.000017,Grass,0.000009,Granite,Massif Central,Massif Central [Granite],9925,9195,9195,6195999744,1514000,5,11,12,6,Z,m,r,fo,Zmr_fo,500011001206,1,175,Z,Zm,Zmr,Zmr_fo,9195,Alpine South,700-900,Crystalline rocks and migmatites,Forest,Alpine-Mountains-Rocks-Forest,100,100,"Hercynian, Massif Central",303,1579,863,5,10,35,109,60,49,120,67,65,103,79,60,174,89,26,36,30,46,54,48,55,65,58,41,48,43,-2,3,0,4,11,8,13,20,17,6,12,9,183,332292,B,Cambisol,Good,F92,F92,F5b,"Montane to altimontane types, partly with fir and spruce",18,98,45.752702,3.990172,F12-093,0.71441,0.000013,0.714419,0.000017,Grass,0.000009,Granite,Massif Central,Massif Central [Granite],Ah,Granite_Ah,17,"microgranites, apligranites",,T,Paleozoic,Carboniferous,"Upper Viséan, Namurian",335-305 Ma,335,305,plutonic,"calc-alkaline, subalkaline",continental collision,nulle ou faible,not applicable,not applicable,not applicable,not applicable,Domaine interne,Indifférencié,Massifs varisques,Plutons varisques,1321,1323,plutonisme acide - microgranites undifferentiated - T
France_T2.242,242,POINT (3.837337000202467 46.00024599955327),242,1,275,276,1,241,46.000246,3.837337,F12-094,q2,0.714342,0.000012,0,0,Shrub,0,Gravel,Massif Central,Massif Central [Gravel],9925,9195,9195,6195999744,1514000,5,11,12,6,Z,m,r,fo,Zmr_fo,500011001206,1,175,Z,Zm,Zmr,Zmr_fo,9195,Alpine South,700-900,Crystalline rocks and migmatites,Forest,Alpine-Mountains-Rocks-Forest,100,100,"Hercynian, Massif Central",303,1579,863,5,10,35,109,60,49,120,67,65,103,79,60,174,89,26,36,30,46,54,48,55,65,58,41,48,43,-2,3,0,4,11,8,13,20,17,6,12,9,183,332292,B,Cambisol,Good,F92,F92,F5b,"Montane to altimontane types, partly with fir and spruce",18,135,45.823462,3.848034,F12-094,0.714342,0.000012,0,0,Shrub,0,Gravel,Massif Central,Massif Central [Gravel],Ah,Gravel_Ah,q2,"clays, cobbles, boulders",,T,Cenozoic,Quaternary,Middle-Upper Pleistocene,"0,75-0,01 Ma",0.75,0.01,sedimentary,"siliceous, aluminous",continental,nulle ou faible,stratification,not applicable,not applicable,not applicable,Indifférencié,Indifférencié,Formations superficielles,Formations superficielles,21,23,"dépôts glaciaires, moraines - T"
France_T2.243,243,POINT (4.115525000078719 45.57689199986595),243,1,277,278,1,242,45.576892,4.115525,F12-098,g,0.71367,0.000007,0.713335,0.000016,Grass,-0.000335,Clay,Massif Central,Massif Central [Clay],9570,8605,8605,9827000320,3140000,7,9,12,4,A,h,r,pa,Ahr_pa,700009001204,1,111,A,Ah,Ahr,Ahr_pa,8605,Atlantic Central,300-500,Crystalline rocks and migmatites,Pastures,Atlantic-Hills-Rocks-Pastures,100,100,"Hercynian, Massif Central",173,1042,412,2,4,32,118,68,40,82,57,68,103,81,54,102,71,23,30,25,46,49,47,52,59,55,40,43,41,0,3,1,6,11,9,15,19,18,8,12,10,126,332292,B,Cambisol,Good,F82,F82,F5a,Lowland to submontane types,71,15,45.93418,3.815941,F12-098,0.71367,0.000007,0.713335,0.000016,Grass,-0.000335,Clay,Massif Central,Massif Central [Clay],Ah,Clay_Ah,g,"sands, marls, clays, conglomerates",,T,Cenozoic,Paleogene,Oligocene,"33,7-23,5 Ma",33.7,23.5,sedimentary,"siliceous, aluminous, carbonatic","platform, basin","fracturation, basculement",stratification,alpin,not applicable,not applicable,Limagnes,Indifférencié,basins et Fossés,sediments et volcanics,301,301,T
France_T2.244,244,POINT (4.426942999919561 45.50905200014972),244,1,279,280,1,243,45.509052,4.426943,F12-101,ko,0.720731,0.000008,0.720978,0.000017,Grass,0.000247,Granite,Massif Central,Massif Central [Granite],9433,9165,9165,1680000000,654000,7,10,12,4,A,m,r,pa,Amr_pa,700010001204,1,131,A,Am,Amr,Amr_pa,9165,Atlantic Central,500-700,Crystalline rocks and migmatites,Pastures,Atlantic-Mountains-Rocks-Pastures,100,100,"Hercynian, Massif Central",270,957,621,5,9,34,91,61,41,72,59,74,99,87,54,88,73,24,29,26,48,50,48,56,59,57,41,43,41,0,2,1,8,10,8,17,19,17,9,11,10,99,332313,B,Cambisol,Good,F82,F82,F5a,Lowland to submontane types,20,99,46.000246,3.837337,F12-101,0.720731,0.000008,0.720978,0.000017,Grass,0.000247,Granite,Massif Central,Massif Central [Granite],Ah,Granite_Ah,ko,plagioclase paragneisses,,T,Paleozoic,"Cambrian, Ordovician","Cambrian, Ordovician",540-435 Ma,540,435,metamorphic,"siliceous, aluminous",indeterminate,"plissement, cisaillement",foliation,varisque,mésovarisque,amphibolite,Domaine interne,Indifférencié,Massifs varisques,Roches metamorphics,1861,1861,T
France_T2.245,245,POINT (4.429865999816059 45.526397999668006),245,1,280,281,1,244,45.526398,4.429866,F12-102,gla (f-p),0.71779,0.00004,0.719193,0.000014,Grass,0.001403,Granite,Massif Central,Massif Central [Granite],9433,9165,9165,1680000000,654000,7,10,12,4,A,m,r,pa,Amr_pa,700010001204,1,131,A,Am,Amr,Amr_pa,9165,Atlantic Central,500-700,Crystalline rocks and migmatites,Pastures,Atlantic-Mountains-Rocks-Pastures,100,100,"Hercynian, Massif Central",270,957,621,5,9,34,91,61,41,72,59,74,99,87,54,88,73,24,29,26,48,50,48,56,59,57,41,43,41,0,2,1,8,10,8,17,19,17,9,11,10,99,332313,B,Cambisol,Good,F82,F82,F5a,Lowland to submontane types,20,100,46.034845,3.979778,F12-102,0.71779,0.00004,0.719193,0.000014,Grass,0.001403,Granite,Massif Central,Massif Central [Granite],Ah,Granite_Ah,gla (f-p),"leptynites, amphibolites, eclogites",,T,Paleozoic,Paleozoic,"Cambrian, Ordovician",540-435 Ma,540,435,metamorphic,"siliceous, aluminous, magnesium",continental extension,"aplatissement, cisaillement",foliation,varisque,mésovarisque,amphibolite,Domaine interne,Indifférencié,Massifs varisques,Roches orthogneissesiques,1901,1901,T
France_T2.246,246,POINT (4.539127000410815 45.67936000016391),246,1,281,282,1,245,45.67936,4.539127,F12-103,7,0.718139,0.000008,0.719511,0.000018,Grass,0.001372,Orthogneiss,Massif Central,Massif Central [Orthogneiss],9433,9165,9165,1680000000,654000,7,10,12,4,A,m,r,pa,Amr_pa,700010001204,1,131,A,Am,Amr,Amr_pa,9165,Atlantic Central,500-700,Crystalline rocks and migmatites,Pastures,Atlantic-Mountains-Rocks-Pastures,100,100,"Hercynian, Massif Central",270,957,621,5,9,34,91,61,41,72,59,74,99,87,54,88,73,24,29,26,48,50,48,56,59,57,41,43,41,0,2,1,8,10,8,17,19,17,9,11,10,99,332313,B,Cambisol,Good,F82,F82,F5a,Lowland to submontane types,20,340,45.994946,4.046094,F12-103,0.718139,0.000008,0.719511,0.000018,Grass,0.001372,Orthogneiss,Massif Central,Massif Central [Orthogneiss],Ah,Orthogneiss_Ah,7,anatectic orthogneisses,,T,Paleozoic,"Cambrian, Ordovician","Cambrian, Lower-Middle Ordovician",520-455 Ma,520,455,metamorphic,"siliceous, aluminous",indeterminate,"aplatissement, cisaillement",foliation,varisque,mésovarisque,anatexie,Domaine interne,Indifférencié,Massifs varisques,Roches orthogneissesiques,1981,1981,T
France_T2.247,247,POINT (4.484291999676088 45.700614000036126),247,1,282,283,1,246,45.700614,4.484292,F12-104,d2,0.715228,0.000008,0.715654,0.000018,Grass,0.000426,Schist,Massif Central,Massif Central [Schist],9433,9165,9165,1680000000,654000,7,10,12,4,A,m,r,pa,Amr_pa,700010001204,1,131,A,Am,Amr,Amr_pa,9165,Atlantic Central,500-700,Crystalline rocks and migmatites,Pastures,Atlantic-Mountains-Rocks-Pastures,100,100,"Hercynian, Massif Central",270,957,621,5,9,34,91,61,41,72,59,74,99,87,54,88,73,24,29,26,48,50,48,56,59,57,41,43,41,0,2,1,8,10,8,17,19,17,9,11,10,99,332313,B,Cambisol,Good,F82,F82,F5a,Lowland to submontane types,20,481,45.989163,4.052599,F12-104,0.715228,0.000008,0.715654,0.000018,Grass,0.000426,Schist,Massif Central,Massif Central [Schist],Ah,Schist_Ah,d2,"andesitic-basalts, basic tuffs, greenschists",,T,Paleozoic,Devonian,Middle-Upper Devonian,390-355 Ma,390,355,volcanic,"tholeiitic, peralkaline",continental extension,plissement isopaque,stratification,varisque,not applicable,not applicable,Domaine de riftogenèse Devonianne,Indifférencié,Massifs varisques,sediments et volcanics,1481,1484,volcanisme basique - tholeiitic à peralcalin - T
France_T2.248,248,POINT (4.559499000078858 45.76150700044775),248,1,283,284,1,247,45.761507,4.559499,F12-105,h3,0.710066,0.000012,0.71046,0.000014,Grass,0.000394,Paragneiss,Massif Central,Massif Central [Paragneiss],9606,9138,9138,1532999936,780000,7,9,12,5,A,h,r,ha,Ahr_ha,700009001205,1,112,A,Ah,Ahr,Ahr_ha,9138,Atlantic Central,300-500,Crystalline rocks and migmatites,Heterogeneous agric. areas,Atlantic-Hills-Rocks-Heterogeneous agric. areas,100,100,"Hercynian, Massif Central",134,792,363,4,7,40,91,55,49,72,56,67,99,82,65,101,74,24,32,26,48,52,49,56,63,58,41,45,41,0,3,1,8,11,9,17,21,18,9,12,11,114,332292,B,Cambisol,Good,F82,F82,F5a,Lowland to submontane types,114,354,45.576892,4.115525,F12-105,0.710066,0.000012,0.71046,0.000014,Grass,0.000394,Paragneiss,Massif Central,Massif Central [Paragneiss],Ah,Paragneiss_Ah,h3,"sandstones, conglomerates, coals, shales",,T,Paleozoic,Carboniferous,Stephanian,305-295 Ma,305,295,sedimentary,"siliceous, aluminous, carbonaceous",continental,"fracturation, basculement",stratification,varisque,not applicable,not applicable,Domaine de riftogenèse Devonianne,Indifférencié,Massifs varisques,sediments et volcanics,1181,1181,T
France_T2.249,249,POINT (4.568636999697844 45.90231900002186),249,1,284,285,1,248,45.902319,4.568637,F12-106,ko,0.71028,0.000008,0.710753,0.000015,Grass,0.000473,Paragneiss,Massif Central,Massif Central [Paragneiss],9606,9138,9138,1532999936,780000,7,9,12,5,A,h,r,ha,Ahr_ha,700009001205,1,112,A,Ah,Ahr,Ahr_ha,9138,Atlantic Central,300-500,Crystalline rocks and migmatites,Heterogeneous agric. areas,Atlantic-Hills-Rocks-Heterogeneous agric. areas,100,100,"Hercynian, Massif Central",134,792,363,4,7,40,91,55,49,72,56,67,99,82,65,101,74,24,32,26,48,52,49,56,63,58,41,45,41,0,3,1,8,11,9,17,21,18,9,12,11,114,332292,B,Cambisol,Good,F82,F82,F5a,Lowland to submontane types,114,355,45.541018,4.179634,F12-106,0.71028,0.000008,0.710753,0.000015,Grass,0.000473,Paragneiss,Massif Central,Massif Central [Paragneiss],Ah,Paragneiss_Ah,ko,plagioclase paragneisses,,T,Paleozoic,"Cambrian, Ordovician","Cambrian, Ordovician",540-435 Ma,540,435,metamorphic,"siliceous, aluminous",indeterminate,"plissement, cisaillement",foliation,varisque,mésovarisque,amphibolite,Domaine de riftogenèse Devonianne,Indifférencié,Massifs varisques,Roches metamorphics,1861,1861,T
France_T2.250,250,POINT (4.497787999716479 46.013014000195994),250,1,285,286,1,249,46.013014,4.497788,F12-108,h2,0.713979,0.000008,0.713825,0.000017,Grass,-0.000154,Rhyolitoid,Massif Central,Massif Central [Rhyolitoid],9606,9138,9138,1532999936,780000,7,9,12,5,A,h,r,ha,Ahr_ha,700009001205,1,112,A,Ah,Ahr,Ahr_ha,9138,Atlantic Central,300-500,Crystalline rocks and migmatites,Heterogeneous agric. areas,Atlantic-Hills-Rocks-Heterogeneous agric. areas,100,100,"Hercynian, Massif Central",134,792,363,4,7,40,91,55,49,72,56,67,99,82,65,101,74,24,32,26,48,52,49,56,63,58,41,45,41,0,3,1,8,11,9,17,21,18,9,12,11,114,332292,B,Cambisol,Good,F82,F82,F5a,Lowland to submontane types,114,372,45.509052,4.426943,F12-108,0.713979,0.000008,0.713825,0.000017,Grass,-0.000154,Rhyolitoid,Massif Central,Massif Central [Rhyolitoid],Ah,Rhyolitoid_Ah,h2,"rhyodacites, acid tuffs, ignimbrites",,T,Paleozoic,Carboniferous,"Upper Viséan, Namurian",335-305 Ma,335,305,volcanic,"calc-alkaline, subalkaline",continental collision,plissement isopaque,stratification,varisque,not applicable,not applicable,Domaine de riftogenèse Devonianne,Indifférencié,Massifs varisques,sediments et volcanics,1241,1242,volcanisme acide - calc-alkaline à alcalin - T
France_T2.251,251,POINT (4.490524000182518 46.07156599967118),251,1,286,287,1,250,46.071566,4.490524,F12-109,h2,0.711773,0.000016,0.712904,0.000017,Grass,0.001131,Rhyolitoid,Massif Central,Massif Central [Rhyolitoid],9606,9138,9138,1532999936,780000,7,9,12,5,A,h,r,ha,Ahr_ha,700009001205,1,112,A,Ah,Ahr,Ahr_ha,9138,Atlantic Central,300-500,Crystalline rocks and migmatites,Heterogeneous agric. areas,Atlantic-Hills-Rocks-Heterogeneous agric. areas,100,100,"Hercynian, Massif Central",134,792,363,4,7,40,91,55,49,72,56,67,99,82,65,101,74,24,32,26,48,52,49,56,63,58,41,45,41,0,3,1,8,11,9,17,21,18,9,12,11,114,332292,B,Cambisol,Good,F82,F82,F5a,Lowland to submontane types,114,373,45.526398,4.429866,F12-109,0.711773,0.000016,0.712904,0.000017,Grass,0.001131,Rhyolitoid,Massif Central,Massif Central [Rhyolitoid],Ah,Rhyolitoid_Ah,h2,"rhyodacites, acid tuffs, ignimbrites",,T,Paleozoic,Carboniferous,"Upper Viséan, Namurian",335-305 Ma,335,305,volcanic,"calc-alkaline, subalkaline",continental collision,plissement isopaque,stratification,varisque,not applicable,not applicable,Domaine de riftogenèse Devonianne,Indifférencié,Massifs varisques,sediments et volcanics,1241,1242,volcanisme acide - calc-alkaline à alcalin - T
France_T2.252,252,POINT (4.364117000299359 46.19284699968932),252,1,287,288,1,251,46.192847,4.364117,F12-110,17,0.713126,0.000006,0.713584,0.000019,Moss,0.000458,Granite,Massif Central,Massif Central [Granite],9433,9165,9165,1680000000,654000,7,10,12,4,A,m,r,pa,Amr_pa,700010001204,1,131,A,Am,Amr,Amr_pa,9165,Atlantic Central,500-700,Crystalline rocks and migmatites,Pastures,Atlantic-Mountains-Rocks-Pastures,100,100,"Hercynian, Massif Central",270,957,621,5,9,34,91,61,41,72,59,74,99,87,54,88,73,24,29,26,48,50,48,56,59,57,41,43,41,0,2,1,8,10,8,17,19,17,9,11,10,99,332313,B,Cambisol,Good,F82,F82,F5a,Lowland to submontane types,20,101,45.67936,4.539127,F12-110,0.713126,0.000006,0.713584,0.000019,Moss,0.000458,Granite,Massif Central,Massif Central [Granite],Am,Granite_Am,17,"microgranites, apligranites",,T,Paleozoic,Carboniferous,"Upper Viséan, Namurian",335-305 Ma,335,305,plutonic,"calc-alkaline, subalkaline",continental collision,nulle ou faible,not applicable,not applicable,not applicable,not applicable,Domaine interne,Indifférencié,Massifs varisques,Plutons varisques,1321,1323,plutonisme acide - microgranites undifferentiated - T
France_T2.253,253,POINT (4.191119000341644 46.14642600025974),253,1,288,289,1,252,46.146426,4.191119,F12-111,g,0.71463,0.000011,0,0,Grass,0,Sand,Massif Central,Massif Central [Sand],9150,9067,9067,728000000,316000,7,9,4,4,A,h,r,pa,Ahr_pa,700009000404,1,111,A,Ah,Ahr,Ahr_pa,9067,Atlantic Central,300-500,Calcereous rocks,Pastures,Atlantic-Hills-Rocks-Pastures,100,100,"Hercynian, Massif Central",235,536,339,2,3,48,80,64,49,64,56,77,88,83,60,75,66,24,27,25,48,49,48,56,57,56,41,42,41,1,3,2,9,10,9,18,19,18,10,12,11,56,332377,B,Cambisol,Good,F82,F82,F5a,Lowland to submontane types,71,412,45.700614,4.484292,F12-111,0.71463,0.000011,0,0,Grass,0,Sand,Massif Central,Massif Central [Sand],Am,Sand_Am,g,"sands, marls, clays, conglomerates",,T,Cenozoic,Paleogene,Oligocene,"33,7-23,5 Ma",33.7,23.5,sedimentary,"siliceous, aluminous, carbonatic","platform, basin","fracturation, basculement",stratification,alpin,not applicable,not applicable,Limagnes,Indifférencié,basins et Fossés,sediments et volcanics,301,301,T
France_T2.254,254,POINT (4.045819999793196 45.575395000079254),254,1,289,290,1,253,45.575395,4.04582,F12-113,bk,0.714139,0.000008,0.713769,0.000018,Grass,-0.00037,Migmatite,Massif Central,Massif Central [Migmatite],9570,8605,8605,9827000320,3140000,7,9,12,4,A,h,r,pa,Ahr_pa,700009001204,1,111,A,Ah,Ahr,Ahr_pa,8605,Atlantic Central,300-500,Crystalline rocks and migmatites,Pastures,Atlantic-Hills-Rocks-Pastures,100,100,"Hercynian, Massif Central",173,1042,412,2,4,32,118,68,40,82,57,68,103,81,54,102,71,23,30,25,46,49,47,52,59,55,40,43,41,0,3,1,6,11,9,15,19,18,8,12,10,126,332292,B,Cambisol,Good,F82,F82,F5a,Lowland to submontane types,71,313,45.761507,4.559499,F12-113,0.714139,0.000008,0.713769,0.000018,Grass,-0.00037,Migmatite,Massif Central,Massif Central [Migmatite],Am,Migmatite_Am,bk,para-migmatites,,T,"Proterozoic, Paleozoic","Neoproterozoic, Cambrian","Brioverian, Cambrian",670-500 Ma,670,500,metamorphic,"siliceous, aluminous",indeterminate,"cisaillement, écoulement",foliation,varisque,néovarisque,anatexie,Domaine interne,Indifférencié,Massifs varisques,Roches metamorphics,2201,2201,T
France_T2.255,255,POINT (3.9843020002371645 45.572784000181514),255,1,290,291,1,254,45.572784,3.984302,F12-114,18,0.714812,0.000007,0.715342,0.000023,Grass,0.00053,Granite,Massif Central,Massif Central [Granite],9925,9195,9195,6195999744,1514000,5,11,12,6,Z,m,r,fo,Zmr_fo,500011001206,1,175,Z,Zm,Zmr,Zmr_fo,9195,Alpine South,700-900,Crystalline rocks and migmatites,Forest,Alpine-Mountains-Rocks-Forest,100,100,"Hercynian, Massif Central",303,1579,863,5,10,35,109,60,49,120,67,65,103,79,60,174,89,26,36,30,46,54,48,55,65,58,41,48,43,-2,3,0,4,11,8,13,20,17,6,12,9,183,332292,B,Cambisol,Good,F92,F92,F5b,"Montane to altimontane types, partly with fir and spruce",18,102,45.902319,4.568637,F12-114,0.714812,0.000007,0.715342,0.000023,Grass,0.00053,Granite,Massif Central,Massif Central [Granite],Am,Granite_Am,18,"monzogranites, granodiorites",,T,Paleozoic,Carboniferous,"Namurian, Westphalian, Stephanian",335-295 Ma,335,295,plutonic,peraluminous,continental collision,nulle ou faible,not applicable,not applicable,not applicable,not applicable,Domaine interne,Indifférencié,Massifs varisques,Plutons varisques,1341,1346,granitoides peraluminous - granites et granodiorites - T
France_T2.256,256,POINT (3.6748969996968412 45.744342000283154),256,1,291,292,1,255,45.744342,3.674897,F12-115,ko,0.717437,0.000023,0.717791,0.000018,Grass,0.000354,Migmatite,Massif Central,Massif Central [Migmatite],9925,9195,9195,6195999744,1514000,5,11,12,6,Z,m,r,fo,Zmr_fo,500011001206,1,175,Z,Zm,Zmr,Zmr_fo,9195,Alpine South,700-900,Crystalline rocks and migmatites,Forest,Alpine-Mountains-Rocks-Forest,100,100,"Hercynian, Massif Central",303,1579,863,5,10,35,109,60,49,120,67,65,103,79,60,174,89,26,36,30,46,54,48,55,65,58,41,48,43,-2,3,0,4,11,8,13,20,17,6,12,9,183,332292,B,Cambisol,Good,F92,F92,F5b,"Montane to altimontane types, partly with fir and spruce",18,314,45.930712,4.553473,F12-115,0.717437,0.000023,0.717791,0.000018,Grass,0.000354,Migmatite,Massif Central,Massif Central [Migmatite],Am,Migmatite_Am,ko,para-migmatites,,T,Paleozoic,"Cambrian, Ordovician","Cambrian, Ordovician",540-435 Ma,540,435,metamorphic,"siliceous, aluminous",indeterminate,"cisaillement, écoulement",foliation,varisque,mésovarisque,anatexie,Domaine interne,Indifférencié,Massifs varisques,Roches metamorphics,1861,1861,T
France_T2.257,257,POINT (3.521863000377209 45.87804600032268),257,1,292,293,1,256,45.878046,3.521863,F12-116,g,0.711657,0.00003,0,0,Moss,0,Conglomerate,Massif Central,Massif Central [Conglomerate],9570,8605,8605,9827000320,3140000,7,9,12,4,A,h,r,pa,Ahr_pa,700009001204,1,111,A,Ah,Ahr,Ahr_pa,8605,Atlantic Central,300-500,Crystalline rocks and migmatites,Pastures,Atlantic-Hills-Rocks-Pastures,100,100,"Hercynian, Massif Central",173,1042,412,2,4,32,118,68,40,82,57,68,103,81,54,102,71,23,30,25,46,49,47,52,59,55,40,43,41,0,3,1,6,11,9,15,19,18,8,12,10,126,332292,B,Cambisol,Good,F82,F82,F5a,Lowland to submontane types,71,38,46.013014,4.497788,F12-116,0.711657,0.00003,0,0,Moss,0,Conglomerate,Massif Central,Massif Central [Conglomerate],Ah,Conglomerate_Ah,g,"sands, marls, clays, conglomerates",,T,Cenozoic,Paleogene,Oligocene,"33,7-23,5 Ma",33.7,23.5,sedimentary,"siliceous, aluminous, carbonatic","platform, basin","fracturation, basculement",stratification,alpin,not applicable,not applicable,Limagnes,Indifférencié,basins et Fossés,sediments et volcanics,301,301,T
France_T2.258,258,POINT (3.4482499997377545 46.19467000012048),258,1,293,294,1,257,46.19467,3.44825,F12-117,g,0.713201,0.000012,0.71281,0.000018,Ivy,-0.000391,Sand,Massif Central,Massif Central [Sand],9162,8378,8378,1926000000,1570000,7,8,1,4,A,h,s,pa,Ahs_pa,700008000104,1,120,A,Ah,Ahs,Ahs_pa,8378,Atlantic Central,200-300,River alluvium,Pastures,Atlantic-Hills-Sediments-Pastures,100,100,"Hercynian, Massif Central",115,447,217,1,1,32,80,57,46,61,50,63,90,72,54,75,63,24,27,25,46,49,47,50,57,54,39,42,41,2,3,2,9,11,9,18,19,18,11,12,11,55,330350,J,Fluvisol,Hydromorphic,U8,U8,U1,Flood-plain vegetation and moist lowland forests,105,413,46.071566,4.490524,F12-117,0.713201,0.000012,0.71281,0.000018,Ivy,-0.000391,Sand,Massif Central,Massif Central [Sand],Ah,Sand_Ah,g,"sands, marls, clays, conglomerates",,T,Cenozoic,Paleogene,Oligocene,"33,7-23,5 Ma",33.7,23.5,sedimentary,"siliceous, aluminous, carbonatic","platform, basin","fracturation, basculement",stratification,alpin,not applicable,not applicable,Limagnes,Indifférencié,basins et Fossés,sediments et volcanics,301,301,T
France_T2.259,259,POINT (3.3793180000257053 46.4999649999848),259,1,294,295,1,258,46.499965,3.379318,F12-118,p,0.712482,0.000013,0.712751,0.00002,Herb,0.000269,Sand,Massif Central,Massif Central [Sand],9132,8809,8809,2640000000,504000,7,8,11,4,A,h,r,pa,Ahr_pa,700008001104,1,111,A,Ah,Ahr,Ahr_pa,8809,Atlantic Central,200-300,Detrital formations,Pastures,Atlantic-Hills-Rocks-Pastures,100,100,"Hercynian, Massif Central",181,469,269,0,1,49,69,56,48,67,51,68,94,77,61,76,64,25,27,25,47,48,47,55,57,55,41,42,41,2,3,2,9,11,9,18,19,18,11,12,11,42,332613,D,Podzoluvisol,Intermediate,F36,F36,F3,Mixed oak-hornbeam forests,71,414,46.192847,4.364117,F12-118,0.712482,0.000013,0.712751,0.00002,Herb,0.000269,Sand,Massif Central,Massif Central [Sand],Ah,Sand_Ah,p,"sands, cobbles, clays",,T,Cenozoic,Neogene,Pliocene,"5,30-1,75 Ma",5.3,1.75,sedimentary,"siliceous, aluminous",continental,nulle ou faible,stratification,not applicable,not applicable,not applicable,Limagnes,Indifférencié,basins et Fossés,sediments et volcanics,141,141,T
France_T2.260,260,POINT (3.807204000064587 46.61255200017473),260,1,295,296,1,259,46.612552,3.807204,F12-120,d2,0.710459,0.000013,0.710833,0.000014,Grass,0.000374,Schist,Massif Central,Massif Central [Schist],9570,8605,8605,9827000320,3140000,7,9,12,4,A,h,r,pa,Ahr_pa,700009001204,1,111,A,Ah,Ahr,Ahr_pa,8605,Atlantic Central,300-500,Crystalline rocks and migmatites,Pastures,Atlantic-Hills-Rocks-Pastures,100,100,"Hercynian, Massif Central",173,1042,412,2,4,32,118,68,40,82,57,68,103,81,54,102,71,23,30,25,46,49,47,52,59,55,40,43,41,0,3,1,6,11,9,15,19,18,8,12,10,126,332292,B,Cambisol,Good,F82,F82,F5a,Lowland to submontane types,71,482,46.146426,4.191119,F12-120,0.710459,0.000013,0.710833,0.000014,Grass,0.000374,Schist,Massif Central,Massif Central [Schist],Ah,Schist_Ah,d2,"shales, limestones, sandstones, tuffites",,T,Paleozoic,Devonian,Middle-Upper Devonian,390-355 Ma,390,355,sedimentary,"siliceous, aluminous, carbonatic",continental shelf,plissement isopaque,stratification,varisque,not applicable,not applicable,Domaine de riftogenèse Devonianne,Indifférencié,Massifs varisques,sediments et volcanics,1481,1481,T
France_T2.261,261,POINT (3.8982950000142864 46.60420700025293),261,1,296,297,1,260,46.604207,3.898295,F12-121,15,0.712475,0.000015,0.712904,0.000019,Moss,0.000429,Granite,Massif Central,Massif Central [Granite],9570,8605,8605,9827000320,3140000,7,9,12,4,A,h,r,pa,Ahr_pa,700009001204,1,111,A,Ah,Ahr,Ahr_pa,8605,Atlantic Central,300-500,Crystalline rocks and migmatites,Pastures,Atlantic-Hills-Rocks-Pastures,100,100,"Hercynian, Massif Central",173,1042,412,2,4,32,118,68,40,82,57,68,103,81,54,102,71,23,30,25,46,49,47,52,59,55,40,43,41,0,3,1,6,11,9,15,19,18,8,12,10,126,332292,B,Cambisol,Good,F82,F82,F5a,Lowland to submontane types,71,103,46.150167,4.154624,F12-121,0.712475,0.000015,0.712904,0.000019,Moss,0.000429,Granite,Massif Central,Massif Central [Granite],Ah,Granite_Ah,15,"monzogranites, granodiorites",,T,Paleozoic,Carboniferous,"Tournaisian, Lower Viséan",355-335 Ma,355,335,plutonic,subalkaline,continental collision,nulle ou faible,not applicable,not applicable,not applicable,not applicable,Domaine interne,Indifférencié,Massifs varisques,Plutons varisques,1421,1427,granitoides calc-alkalines - subalcalins potassiques - T
France_T2.262,262,POINT (4.393710999862776 46.87537400011007),262,1,298,299,1,261,46.875374,4.393711,F12-123,t2-3,0.71797,0.000026,0,0,Moss,0,Clay,Paris Basin,Paris Basin [Clay],9570,8605,8605,9827000320,3140000,7,9,12,4,A,h,r,pa,Ahr_pa,700009001204,1,111,A,Ah,Ahr,Ahr_pa,8605,Atlantic Central,300-500,Crystalline rocks and migmatites,Pastures,Atlantic-Hills-Rocks-Pastures,100,100,"Hercynian, Massif Central",173,1042,412,2,4,32,118,68,40,82,57,68,103,81,54,102,71,23,30,25,46,49,47,52,59,55,40,43,41,0,3,1,6,11,9,15,19,18,8,12,10,126,332292,B,Cambisol,Good,F82,F82,F5a,Lowland to submontane types,71,21,45.572784,3.984302,F12-123,0.71797,0.000026,0,0,Moss,0,Clay,Paris Basin,Paris Basin [Clay],Ah,Clay_Ah,t2-3,"clays, sandstones, marls, dolomites",,T,Mesozoic,Triassic,Upper-Middle Triassic,240-203 Ma,240,203,sedimentary,"siliceous, aluminous, carbonatic",continental shelf,nulle ou faible,stratification,not applicable,not applicable,not applicable,Indifférencié,Indifférencié,basins et Fossés,sediments et volcanics,1001,1001,T
France_T2.263,263,POINT (4.429199999680293 46.773477000063565),263,1,299,300,1,262,46.773477,4.4292,F12-124,r,0.71781,0.00002,0.71722,0.000019,Grass,-0.00059,Sand,Massif Central,Massif Central [Sand],9068,8587,8587,4882999808,1490000,7,8,4,2,A,h,r,al,Ahr_al,700008000402,1,109,A,Ah,Ahr,Ahr_al,8587,Atlantic Central,200-300,Calcereous rocks,Arable land,Atlantic-Hills-Rocks-Arable land,100,100,"Hercynian, Massif Central",171,610,263,1,2,56,102,72,44,68,53,69,93,79,55,82,67,20,25,22,45,50,48,49,57,54,36,41,39,1,2,1,9,11,10,18,20,18,10,12,10,67,330607,B,Cambisol,Good,F110,F110,F5a,Lowland to submontane types,61,415,45.744342,3.674897,F12-124,0.71781,0.00002,0.71722,0.000019,Grass,-0.00059,Sand,Massif Central,Massif Central [Sand],Ah,Sand_Ah,r,"sandstones, conglomerates, shales, coals",,T,Paleozoic,Permian,Permian,295-250 Ma,295,250,sedimentary,"siliceous, aluminous, carbonaceous",continental,nulle ou faible,stratification,not applicable,not applicable,not applicable,basin stéphano-Permian du Massif central,Indifférencié,Massifs varisques,sediments et volcanics,1101,1101,T
France_T2.264,264,POINT (4.165864000323381 47.04010600019183),264,1,300,301,1,263,47.040106,4.165864,F12-125,h2,0.715522,0.000013,0,0,Moss,0,Rhyolitoid,Massif Central,Massif Central [Rhyolitoid],8786,8623,8623,1360999936,480000,7,10,12,6,A,m,r,fo,Amr_fo,700010001206,1,133,A,Am,Amr,Amr_fo,8623,Atlantic Central,500-700,Crystalline rocks and migmatites,Forest,Atlantic-Mountains-Rocks-Forest,100,100,"Hercynian, Massif Central",253,837,509,3,5,81,118,100,59,75,64,77,96,86,75,102,87,24,25,24,47,48,47,53,55,53,40,41,40,1,2,1,8,10,8,17,18,17,10,11,10,105,330640,B,Cambisol,Good,F82,F82,F5a,Lowland to submontane types,37,374,45.878046,3.521863,F12-125,0.715522,0.000013,0,0,Moss,0,Rhyolitoid,Massif Central,Massif Central [Rhyolitoid],Am,Rhyolitoid_Am,h2,"rhyodacites, acid tuffs, ignimbrites",,T,Paleozoic,Carboniferous,"Upper Viséan, Namurian",335-305 Ma,335,305,volcanic,"calc-alkaline, subalkaline",continental collision,plissement isopaque,stratification,varisque,not applicable,not applicable,Domaine de riftogenèse Devonianne,Indifférencié,Massifs varisques,sediments et volcanics,1241,1242,volcanisme acide - calc-alkaline à alcalin - T
France_T2.265,265,POINT (4.1207789995512485 47.05822300019133),265,1,301,302,1,264,47.058223,4.120779,F12-126,h1,0.711352,0.000015,0,0,Grass,0,Rhyolitoid,Massif Central,Massif Central [Rhyolitoid],8786,8623,8623,1360999936,480000,7,10,12,6,A,m,r,fo,Amr_fo,700010001206,1,133,A,Am,Amr,Amr_fo,8623,Atlantic Central,500-700,Crystalline rocks and migmatites,Forest,Atlantic-Mountains-Rocks-Forest,100,100,"Hercynian, Massif Central",253,837,509,3,5,81,118,100,59,75,64,77,96,86,75,102,87,24,25,24,47,48,47,53,55,53,40,41,40,1,2,1,8,10,8,17,18,17,10,11,10,105,330640,B,Cambisol,Good,F82,F82,F5a,Lowland to submontane types,37,375,46.19467,3.44825,F12-126,0.711352,0.000015,0,0,Grass,0,Rhyolitoid,Massif Central,Massif Central [Rhyolitoid],Am,Rhyolitoid_Am,h1,"rhyodacites, andesites, ignimbrites",,T,Paleozoic,Carboniferous,"Tournaisian, Lower Viséan",355-335 Ma,355,335,volcanic,"tholeiitic, calc-alkaline",active margin,plissement isopaque,stratification,varisque,not applicable,not applicable,Domaine de riftogenèse Devonianne,Indifférencié,Massifs varisques,sediments et volcanics,1381,1382,volcanisme acide - tholeiitic à calc-alkaline - T
France_T2.266,266,POINT (4.073620000262849 47.10777199997784),266,1,302,303,1,265,47.107772,4.07362,F12-127,h1,0.715925,0.00003,0,0,Grass,0,Rhyolitoid,Massif Central,Massif Central [Rhyolitoid],8786,8623,8623,1360999936,480000,7,10,12,6,A,m,r,fo,Amr_fo,700010001206,1,133,A,Am,Amr,Amr_fo,8623,Atlantic Central,500-700,Crystalline rocks and migmatites,Forest,Atlantic-Mountains-Rocks-Forest,100,100,"Hercynian, Massif Central",253,837,509,3,5,81,118,100,59,75,64,77,96,86,75,102,87,24,25,24,47,48,47,53,55,53,40,41,40,1,2,1,8,10,8,17,18,17,10,11,10,105,330640,B,Cambisol,Good,F82,F82,F5a,Lowland to submontane types,37,376,46.499965,3.379318,F12-127,0.715925,0.00003,0,0,Grass,0,Rhyolitoid,Massif Central,Massif Central [Rhyolitoid],Am,Rhyolitoid_Am,h1,"rhyodacites, andesites, ignimbrites",,T,Paleozoic,Carboniferous,"Tournaisian, Lower Viséan",355-335 Ma,355,335,volcanic,"tholeiitic, calc-alkaline",active margin,plissement isopaque,stratification,varisque,not applicable,not applicable,Domaine de riftogenèse Devonianne,Indifférencié,Massifs varisques,sediments et volcanics,1381,1382,volcanisme acide - tholeiitic à calc-alkaline - T
France_T2.267,267,POINT (4.027343000279302 47.14551999964834),267,1,303,304,1,266,47.14552,4.027343,F12-128,15,0.711169,0.000018,0,0,Moss,0,Granite,Massif Central,Massif Central [Granite],8786,8623,8623,1360999936,480000,7,10,12,6,A,m,r,fo,Amr_fo,700010001206,1,133,A,Am,Amr,Amr_fo,8623,Atlantic Central,500-700,Crystalline rocks and migmatites,Forest,Atlantic-Mountains-Rocks-Forest,100,100,"Hercynian, Massif Central",253,837,509,3,5,81,118,100,59,75,64,77,96,86,75,102,87,24,25,24,47,48,47,53,55,53,40,41,40,1,2,1,8,10,8,17,18,17,10,11,10,105,330640,B,Cambisol,Good,F82,F82,F5a,Lowland to submontane types,37,104,46.631527,3.717569,F12-128,0.711169,0.000018,0,0,Moss,0,Granite,Massif Central,Massif Central [Granite],Am,Granite_Am,15,"monzogranites, granodiorites",,T,Paleozoic,Carboniferous,"Tournaisian, Lower Viséan",355-335 Ma,355,335,plutonic,subalkaline,continental collision,nulle ou faible,not applicable,not applicable,not applicable,not applicable,Domaine interne,Indifférencié,Massifs varisques,Plutons varisques,1421,1427,granitoides calc-alkalines - subalcalins potassiques - T
France_T2.268,268,POINT (3.9740329997231925 47.19547900035565),268,1,304,305,1,267,47.195479,3.974033,F12-129,18,0.714522,0.000019,0,0,Moss,0,Granite,Massif Central,Massif Central [Granite],9570,8605,8605,9827000320,3140000,7,9,12,4,A,h,r,pa,Ahr_pa,700009001204,1,111,A,Ah,Ahr,Ahr_pa,8605,Atlantic Central,300-500,Crystalline rocks and migmatites,Pastures,Atlantic-Hills-Rocks-Pastures,100,100,"Hercynian, Massif Central",173,1042,412,2,4,32,118,68,40,82,57,68,103,81,54,102,71,23,30,25,46,49,47,52,59,55,40,43,41,0,3,1,6,11,9,15,19,18,8,12,10,126,332292,B,Cambisol,Good,F82,F82,F5a,Lowland to submontane types,71,105,46.612552,3.807204,F12-129,0.714522,0.000019,0,0,Moss,0,Granite,Massif Central,Massif Central [Granite],Ah,Granite_Ah,18,"microgranites, apligranites",,T,Paleozoic,Carboniferous,"Namurian, Westphalian, Stephanian",335-295 Ma,335,295,plutonic,"calc-alkaline, subalkaline",continental collision,nulle ou faible,not applicable,not applicable,not applicable,not applicable,Domaine interne,Indifférencié,Massifs varisques,Plutons varisques,1341,1343,plutonisme acide - microgranites undifferentiated - T
France_T2.269,269,POINT (3.9100299997846832 47.224690000243356),269,1,305,306,1,268,47.22469,3.91003,F12-130,16,0.714139,0.00004,0.713549,0.000018,Grass,-0.00059,Granite,Massif Central,Massif Central [Granite],9570,8605,8605,9827000320,3140000,7,9,12,4,A,h,r,pa,Ahr_pa,700009001204,1,111,A,Ah,Ahr,Ahr_pa,8605,Atlantic Central,300-500,Crystalline rocks and migmatites,Pastures,Atlantic-Hills-Rocks-Pastures,100,100,"Hercynian, Massif Central",173,1042,412,2,4,32,118,68,40,82,57,68,103,81,54,102,71,23,30,25,46,49,47,52,59,55,40,43,41,0,3,1,6,11,9,15,19,18,8,12,10,126,332292,B,Cambisol,Good,F82,F82,F5a,Lowland to submontane types,71,106,46.604207,3.898295,F12-130,0.714139,0.00004,0.713549,0.000018,Grass,-0.00059,Granite,Massif Central,Massif Central [Granite],Ah,Granite_Ah,16,"monzogranites, granodiorites",,T,Paleozoic,Carboniferous,"Dinantian, Namurian, Westphalian",355-305 Ma,355,305,plutonic,subalkaline,continental collision,nulle ou faible,not applicable,not applicable,not applicable,not applicable,Domaine interne,Indifférencié,Massifs varisques,Plutons varisques,1441,1445,granitoides calc-alkalines - subalcalins potassiques - T
France_T2.270,270,POINT (3.9696069997633003 47.44248999961383),270,1,306,307,1,269,47.44249,3.969607,F12-131,h3,0.714927,0.000012,0.714712,0.000015,Grass,-0.000215,Migmatite,Massif Central,Massif Central [Migmatite],9570,8605,8605,9827000320,3140000,7,9,12,4,A,h,r,pa,Ahr_pa,700009001204,1,111,A,Ah,Ahr,Ahr_pa,8605,Atlantic Central,300-500,Crystalline rocks and migmatites,Pastures,Atlantic-Hills-Rocks-Pastures,100,100,"Hercynian, Massif Central",173,1042,412,2,4,32,118,68,40,82,57,68,103,81,54,102,71,23,30,25,46,49,47,52,59,55,40,43,41,0,3,1,6,11,9,15,19,18,8,12,10,126,332292,B,Cambisol,Good,F82,F82,F5a,Lowland to submontane types,71,315,46.626216,4.038827,F12-131,0.714927,0.000012,0.714712,0.000015,Grass,-0.000215,Migmatite,Massif Central,Massif Central [Migmatite],Ah,Migmatite_Ah,h3,"sandstones, conglomerates, coals, shales",,T,Paleozoic,Carboniferous,Stephanian,305-295 Ma,305,295,sedimentary,"siliceous, aluminous, carbonaceous",continental,"fracturation, basculement",stratification,varisque,not applicable,not applicable,basin stéphano-Permian du Massif central,Indifférencié,Massifs varisques,sediments et volcanics,1181,1181,T
France_T2.271,271,POINT (3.987288000340982 47.421048000065184),271,1,307,308,1,270,47.421048,3.987288,F12-132,bk,0.716262,0.000028,0.716501,0.000013,Grass,0.000239,Migmatite,Massif Central,Massif Central [Migmatite],9570,8605,8605,9827000320,3140000,7,9,12,4,A,h,r,pa,Ahr_pa,700009001204,1,111,A,Ah,Ahr,Ahr_pa,8605,Atlantic Central,300-500,Crystalline rocks and migmatites,Pastures,Atlantic-Hills-Rocks-Pastures,100,100,"Hercynian, Massif Central",173,1042,412,2,4,32,118,68,40,82,57,68,103,81,54,102,71,23,30,25,46,49,47,52,59,55,40,43,41,0,3,1,6,11,9,15,19,18,8,12,10,126,332292,B,Cambisol,Good,F82,F82,F5a,Lowland to submontane types,71,316,46.875374,4.393711,F12-132,0.716262,0.000028,0.716501,0.000013,Grass,0.000239,Migmatite,Massif Central,Massif Central [Migmatite],Ah,Migmatite_Ah,bk,para-migmatites,,T,"Proterozoic, Paleozoic","Neoproterozoic, Cambrian","Brioverian, Cambrian",670-500 Ma,670,500,metamorphic,"siliceous, aluminous",indeterminate,"cisaillement, écoulement",foliation,varisque,mésovarisque,anatexie,Domaine interne,Indifférencié,Massifs varisques,Roches metamorphics,2201,2201,T
France_T2.272,272,POINT (4.4271319996421425 47.113516999609885),272,1,309,310,1,271,47.113517,4.427132,F12-134,t2-3,0.719676,0.00003,0.719973,0.000343,Grass,0.000297,Granite,Paris Basin,Paris Basin [Granite],8762,8456,8456,5454000128,1328000,7,8,5,4,A,h,s,pa,Ahs_pa,700008000504,1,120,A,Ah,Ahs,Ahs_pa,8456,Atlantic Central,200-300,Soft clayey materials,Pastures,Atlantic-Hills-Sediments-Pastures,140,140,"Mesozoic & Tertiary lowlands and scarplands, Paris Basin; Poitou, Anjou, Touraine & Berry",116,579,311,2,3,60,105,78,46,65,54,65,86,74,58,87,73,23,26,24,47,49,48,51,56,53,40,42,40,1,3,2,9,11,9,17,19,18,10,12,10,97,332364,B,Cambisol,Good,F110,F110,F5a,Lowland to submontane types,105,118,47.040106,4.165864,F12-134,0.719676,0.00003,0.719973,0.000343,Grass,0.000297,Granite,Paris Basin,Paris Basin [Granite],Ah,Granite_Ah,t2-3,"clays, sandstones, marls, dolomites",,T,Mesozoic,Triassic,Upper-Middle Triassic,240-203 Ma,240,203,sedimentary,"siliceous, aluminous, carbonatic",continental shelf,nulle ou faible,stratification,not applicable,not applicable,not applicable,Indifférencié,Indifférencié,basins et Fossés,sediments et volcanics,1001,1001,T
France_T2.273,273,POINT (2.3464329999829943 49.26576600010088),273,1,310,311,1,272,49.265766,2.346433,F12-135,e2,0.708127,0.000009,0,0,Grass,0,Limestone,Paris Basin,Paris Basin [Limestone],7588,7455,7455,1176000000,686000,7,6,4,6,A,l,r,fo,Alr_fo,700006000406,1,88,A,Al,Alr,Alr_fo,7455,Atlantic Central,50-100,Calcereous rocks,Forest,Atlantic-Lowland-Rocks-Forest,138,138,"Mesozoic & Tertiary lowlands and scarplands, Paris Basin; fle-de-France",25,196,70,1,2,56,92,72,42,56,49,61,77,70,50,74,63,23,23,23,44,46,45,43,46,44,36,37,36,3,4,3,9,10,9,17,18,17,11,12,11,31,330327,J,Fluvisol,Hydromorphic,F106,F106,F5a,Lowland to submontane types,147,275,47.058223,4.120779,F12-135,0.708127,0.000009,0,0,Grass,0,Limestone,Paris Basin,Paris Basin [Limestone],Ah,Limestone_Ah,e2,"limestones, sands, gypsum, marls, clays",,T,Cenozoic,Paleogene,Upper-Middle Eocene,"46,0-33,7 Ma",46,33.7,sedimentary,"aluminous, carbonatic, saliferous","continental, platform",nulle ou faible,stratification,not applicable,not applicable,not applicable,Indifférencié,Indifférencié,basins et Fossés,sediments et volcanics,401,401,T
France_T2.274,274,POINT (2.2922280004219147 49.501607999609575),274,1,311,312,1,273,49.501608,2.292228,F12-136,c2,0.707661,0.000008,0.708,0.000323,Ivy,0.000339,Chalk,Paris Basin,Paris Basin [Chalk],7485,7194,7194,3572000000,1178000,7,6,9,2,A,l,s,al,Als_al,700006000902,1,93,A,Al,Als,Als_al,7194,Atlantic Central,50-100,Soft loam,Arable land,Atlantic-Lowland-Sediments-Arable land,137,137,"Mesozoic & Tertiary lowlands and scarplands, Paris Basin; Artois & Picardy",5,185,82,1,1,58,92,66,44,57,49,63,80,73,55,74,60,22,23,22,43,46,44,43,45,43,35,37,36,2,4,2,9,10,9,17,18,17,10,12,11,25,332456,L,Luvisol,Good,F106,F106,F5a,Lowland to submontane types,142,0,47.107772,4.07362,F12-136,0.707661,0.000008,0.708,0.000323,Ivy,0.000339,Chalk,Paris Basin,Paris Basin [Chalk],Ah,Chalk_Ah,c2,"chalks, limestones, marls, tufa (limestone), sands",,T,Mesozoic,Cretaceous,Upper Cretaceous,96-65 Ma,96,65,sedimentary,"siliceous, aluminous, carbonatic",continental shelf,nulle ou faible,stratification,not applicable,not applicable,not applicable,Indifférencié,Indifférencié,basins et Fossés,sediments et volcanics,621,621,T
France_T2.275,275,POINT (4.570507999644519 49.005307000317885),275,1,313,314,1,274,49.005307,4.570508,F12-139,c2,0.707539,0.000014,0.707421,0.000385,Grass,-0.000118,Limestone,Paris Basin,Paris Basin [Limestone],7950,7652,7652,2632999936,674000,7,7,4,2,A,h,r,al,Ahr_al,700007000402,1,109,A,Ah,Ahr,Ahr_al,7652,Atlantic Central,100-200,Calcereous rocks,Arable land,Atlantic-Hills-Rocks-Arable land,136,136,"Mesozoic & Tertiary lowlands and scarplands, Paris Basin; Champagne & Lorraine",76,256,142,1,1,54,75,63,41,56,46,64,76,70,53,86,61,21,23,22,42,45,43,44,47,45,35,37,36,2,4,2,9,9,9,17,18,17,10,11,10,27,330429,E,Rendzina,Marginal,F111,F111,F5a,Lowland to submontane types,61,276,47.195479,3.974033,F12-139,0.707539,0.000014,0.707421,0.000385,Grass,-0.000118,Limestone,Paris Basin,Paris Basin [Limestone],Ah,Limestone_Ah,c2,"chalks, limestones, marls, tufa (limestone), sands",,T,Mesozoic,Cretaceous,Upper Cretaceous,96-65 Ma,96,65,sedimentary,"siliceous, aluminous, carbonatic",continental shelf,nulle ou faible,stratification,not applicable,not applicable,not applicable,Indifférencié,Indifférencié,basins et Fossés,sediments et volcanics,621,621,T
France_T2.276,276,POINT (5.031146000087858 49.03314399979581),276,1,314,315,1,275,49.033144,5.031146,F12-140,c1,0.709018,0.000013,0.708402,0.000082,Moss,-0.000616,Impure carbonate sedimentary rock,Paris Basin,Paris Basin [Impure carbonate sedimentary rock],7953,7463,7463,1612999936,616000,7,7,5,6,A,h,s,fo,Ahs_fo,700007000506,1,122,A,Ah,Ahs,Ahs_fo,7463,Atlantic Central,100-200,Soft clayey materials,Forest,Atlantic-Hills-Sediments-Forest,136,136,"Mesozoic & Tertiary lowlands and scarplands, Paris Basin; Champagne & Lorraine",77,319,184,1,2,66,100,78,45,66,53,70,88,78,58,101,70,21,23,21,41,44,42,43,47,44,35,36,35,1,3,2,8,9,8,16,18,16,10,11,10,39,332684,B,Cambisol,Good,F110,F110,F5a,Lowland to submontane types,74,207,47.22469,3.91003,F12-140,0.709018,0.000013,0.708402,0.000082,Moss,-0.000616,Impure carbonate sedimentary rock,Paris Basin,Paris Basin [Impure carbonate sedimentary rock],Ah,Impure carbonate sedimentary rock_Ah,c1,"marls, clays, gaizes, sands",,T,Mesozoic,Cretaceous,Lower Cretaceous,135-96 Ma,135,96,sedimentary,"siliceous, aluminous, carbonatic",continental shelf,nulle ou faible,stratification,not applicable,not applicable,not applicable,Indifférencié,Indifférencié,basins et Fossés,sediments et volcanics,701,701,T
France_T2.277,277,POINT (5.902413999806299 49.03125700001061),277,1,316,317,1,276,49.031257,5.902414,F12-142,j2,0.708255,0.000009,0.708,0.000333,Grass,-0.000255,Limestone,Paris Basin,Paris Basin [Limestone],8672,7626,7626,9888000000,1984000,7,8,4,6,A,h,r,fo,Ahr_fo,700008000406,1,113,A,Ah,Ahr,Ahr_fo,7626,Atlantic Central,200-300,Calcereous rocks,Forest,Atlantic-Hills-Rocks-Forest,136,136,"Mesozoic & Tertiary lowlands and scarplands, Paris Basin; Champagne & Lorraine",153,488,297,1,3,45,116,84,40,80,56,61,117,85,42,105,71,18,22,20,41,48,43,43,54,47,33,39,35,0,2,1,8,10,9,16,19,17,9,11,10,60,332364,B,Cambisol,Good,F110,F110,F5a,Lowland to submontane types,79,277,47.421048,3.987288,F12-142,0.708255,0.000009,0.708,0.000333,Grass,-0.000255,Limestone,Paris Basin,Paris Basin [Limestone],Ah,Limestone_Ah,j2,"limestones, marls",,T,Mesozoic,Jurassic,Middle Jurassic,175-154 Ma,175,154,sedimentary,carbonatic,continental shelf,nulle ou faible,stratification,not applicable,not applicable,not applicable,Indifférencié,Indifférencié,basins et Fossés,sediments et volcanics,801,801,T
France_T2.278,278,POINT (5.259534000293911 48.303699000408585),278,1,319,320,1,277,48.303699,5.259534,F12-145,j3,0.707198,0.000014,0.707482,0.000011,Moss,0.000284,Impure carbonate sedimentary rock,Paris Basin,Paris Basin [Impure carbonate sedimentary rock],8440,7452,7452,5560000000,2148000,7,8,4,2,A,h,r,al,Ahr_al,700008000402,1,109,A,Ah,Ahr,Ahr_al,7452,Atlantic Central,200-300,Calcereous rocks,Arable land,Atlantic-Hills-Rocks-Arable land,136,136,"Mesozoic & Tertiary lowlands and scarplands, Paris Basin; Champagne & Lorraine",130,411,253,1,3,67,106,83,46,67,54,63,93,77,59,89,70,20,24,21,41,48,44,42,52,47,35,40,36,1,3,2,7,10,9,16,18,17,9,11,10,43,330607,B,Cambisol,Good,F110,F110,F5a,Lowland to submontane types,61,208,49.265766,2.346433,F12-145,0.707198,0.000014,0.707482,0.000011,Moss,0.000284,Impure carbonate sedimentary rock,Paris Basin,Paris Basin [Impure carbonate sedimentary rock],Ah,Impure carbonate sedimentary rock_Ah,j3,"marls, limestones, clays, sands",,T,Mesozoic,Jurassic,Upper Jurassic,154-135 Ma,154,135,sedimentary,"siliceous, aluminous, carbonatic",continental shelf,nulle ou faible,stratification,not applicable,not applicable,not applicable,Indifférencié,Indifférencié,basins et Fossés,sediments et volcanics,761,761,T
France_T2.279,279,POINT (4.563869000154284 48.50975400044683),279,1,320,321,1,278,48.509754,4.563869,F12-146,c2,0.707635,0.000008,0.707694,0.000013,Grass,0.000059,Chalk,Paris Basin,Paris Basin [Chalk],8070,7870,7870,3038000128,930000,7,7,4,2,A,h,r,al,Ahr_al,700007000402,1,109,A,Ah,Ahr,Ahr_al,7870,Atlantic Central,100-200,Calcereous rocks,Arable land,Atlantic-Hills-Rocks-Arable land,136,136,"Mesozoic & Tertiary lowlands and scarplands, Paris Basin; Champagne & Lorraine",43,245,133,0,1,51,89,73,38,56,48,59,72,66,51,74,62,22,24,23,44,47,45,46,49,47,37,39,37,2,4,3,9,10,9,17,18,17,10,12,11,32,330429,E,Rendzina,Marginal,F111,F111,F5a,Lowland to submontane types,61,1,49.501608,2.292228,F12-146,0.707635,0.000008,0.707694,0.000013,Grass,0.000059,Chalk,Paris Basin,Paris Basin [Chalk],Ah,Chalk_Ah,c2,"chalks, limestones, marls, tufa (limestone), sands",,T,Mesozoic,Cretaceous,Upper Cretaceous,96-65 Ma,96,65,sedimentary,"siliceous, aluminous, carbonatic",continental shelf,nulle ou faible,stratification,not applicable,not applicable,not applicable,Indifférencié,Indifférencié,basins et Fossés,sediments et volcanics,621,621,T
France_T2.280,280,POINT (4.737838999969938 48.30771500034706),280,1,321,322,1,279,48.307715,4.737839,F12-147,c1,0.708569,0.000011,0.710158,0.000012,Grass,0.001589,Impure carbonate sedimentary rock,Paris Basin,Paris Basin [Impure carbonate sedimentary rock],8440,7452,7452,5560000000,2148000,7,8,4,2,A,h,r,al,Ahr_al,700008000402,1,109,A,Ah,Ahr,Ahr_al,7452,Atlantic Central,200-300,Calcereous rocks,Arable land,Atlantic-Hills-Rocks-Arable land,136,136,"Mesozoic & Tertiary lowlands and scarplands, Paris Basin; Champagne & Lorraine",130,411,253,1,3,67,106,83,46,67,54,63,93,77,59,89,70,20,24,21,41,48,44,42,52,47,35,40,36,1,3,2,7,10,9,16,18,17,9,11,10,43,330607,B,Cambisol,Good,F110,F110,F5a,Lowland to submontane types,61,209,49.577452,2.949909,F12-147,0.708569,0.000011,0.710158,0.000012,Grass,0.001589,Impure carbonate sedimentary rock,Paris Basin,Paris Basin [Impure carbonate sedimentary rock],Ah,Impure carbonate sedimentary rock_Ah,c1,"marls, clays, gaizes, sands",,T,Mesozoic,Cretaceous,Lower Cretaceous,135-96 Ma,135,96,sedimentary,"siliceous, aluminous, carbonatic",continental shelf,nulle ou faible,stratification,not applicable,not applicable,not applicable,Indifférencié,Indifférencié,basins et Fossés,sediments et volcanics,701,701,T
France_T2.281,281,POINT (4.718963000042493 48.2596529998861),281,1,322,323,1,280,48.259653,4.718963,F12-148,j3,0.707526,0.000009,0.708325,0.000015,Moss,0.000799,Impure carbonate sedimentary rock,Paris Basin,Paris Basin [Impure carbonate sedimentary rock],8440,7452,7452,5560000000,2148000,7,8,4,2,A,h,r,al,Ahr_al,700008000402,1,109,A,Ah,Ahr,Ahr_al,7452,Atlantic Central,200-300,Calcereous rocks,Arable land,Atlantic-Hills-Rocks-Arable land,136,136,"Mesozoic & Tertiary lowlands and scarplands, Paris Basin; Champagne & Lorraine",130,411,253,1,3,67,106,83,46,67,54,63,93,77,59,89,70,20,24,21,41,48,44,42,52,47,35,40,36,1,3,2,7,10,9,16,18,17,9,11,10,43,330607,B,Cambisol,Good,F110,F110,F5a,Lowland to submontane types,61,210,49.555472,3.044417,F12-148,0.707526,0.000009,0.708325,0.000015,Moss,0.000799,Impure carbonate sedimentary rock,Paris Basin,Paris Basin [Impure carbonate sedimentary rock],Ah,Impure carbonate sedimentary rock_Ah,j3,"marls, limestones, clays, sands",,T,Mesozoic,Jurassic,Upper Jurassic,154-135 Ma,154,135,sedimentary,"siliceous, aluminous, carbonatic",continental shelf,nulle ou faible,stratification,not applicable,not applicable,not applicable,Indifférencié,Indifférencié,basins et Fossés,sediments et volcanics,761,761,T
France_T2.282,282,POINT (4.583396000425125 48.687741000247),282,1,323,324,1,281,48.687741,4.583396,F12-149,q3,0.707864,0.000008,0.708083,0.00001,Grass,0.000219,Impure carbonate sedimentary rock,Paris Basin,Paris Basin [Impure carbonate sedimentary rock],8132,7967,7967,470000000,372000,7,7,1,2,A,h,s,al,Ahs_al,700007000102,1,118,A,Ah,Ahs,Ahs_al,7967,Atlantic Central,100-200,River alluvium,Arable land,Atlantic-Hills-Sediments-Arable land,136,136,"Mesozoic & Tertiary lowlands and scarplands, Paris Basin; Champagne & Lorraine",82,239,133,0,1,63,85,71,45,53,48,68,75,70,57,68,62,21,23,22,44,46,44,47,49,47,36,37,36,2,4,3,9,10,9,17,18,17,11,11,11,34,330350,J,Fluvisol,Hydromorphic,U24,U24,U1,Flood-plain vegetation and moist lowland forests,102,211,49.005307,4.570508,F12-149,0.707864,0.000008,0.708083,0.00001,Grass,0.000219,Impure carbonate sedimentary rock,Paris Basin,Paris Basin [Impure carbonate sedimentary rock],Ah,Impure carbonate sedimentary rock_Ah,q3,"sands, clays, gravels, pebbles",,T,Cenozoic,Quaternary,Holocene,"0,01-0,00 Ma",0.01,0,sedimentary,"siliceous, aluminous",continental,nulle ou faible,stratification,not applicable,not applicable,not applicable,Indifférencié,Indifférencié,Formations superficielles,Formations superficielles,1,1,T
France_T2.283,283,POINT (4.7587500002123875 48.67465200008979),283,1,324,325,1,282,48.674652,4.75875,F12-150,q2,0.708771,0.000009,0,0,Moss,0,Clay,Paris Basin,Paris Basin [Clay],8023,8109,8109,122000000,76000,7,7,4,2,A,h,r,al,Ahr_al,700007000402,1,109,A,Ah,Ahr,Ahr_al,8109,Atlantic Central,100-200,Calcereous rocks,Arable land,Atlantic-Hills-Rocks-Arable land,136,136,"Mesozoic & Tertiary lowlands and scarplands, Paris Basin; Champagne & Lorraine",106,156,127,0,0,67,74,70,48,50,48,68,70,68,60,63,61,22,22,22,45,45,45,47,48,47,37,37,37,3,4,3,9,10,9,17,18,17,11,11,11,11,332371,B,Cambisol,Good,F36,F36,F3,Mixed oak-hornbeam forests,61,22,49.033144,5.031146,F12-150,0.708771,0.000009,0,0,Moss,0,Clay,Paris Basin,Paris Basin [Clay],Ah,Clay_Ah,q2,"clays, sands, gravels, pebbles",,T,Cenozoic,Quaternary,Middle-Upper Pleistocene,"0,75-0,01 Ma",0.75,0.01,sedimentary,"siliceous, aluminous",continental,nulle ou faible,stratification,not applicable,not applicable,not applicable,Indifférencié,Indifférencié,Formations superficielles,Formations superficielles,21,21,T
France_T2.284,284,POINT (5.040705000235619 48.52322000000305),284,1,325,326,1,283,48.52322,5.040705,F12-151,c1,0.708254,0.000012,0.708406,0.000018,Grass,0.000152,Impure carbonate sedimentary rock,Paris Basin,Paris Basin [Impure carbonate sedimentary rock],8440,7452,7452,5560000000,2148000,7,8,4,2,A,h,r,al,Ahr_al,700008000402,1,109,A,Ah,Ahr,Ahr_al,7452,Atlantic Central,200-300,Calcereous rocks,Arable land,Atlantic-Hills-Rocks-Arable land,136,136,"Mesozoic & Tertiary lowlands and scarplands, Paris Basin; Champagne & Lorraine",130,411,253,1,3,67,106,83,46,67,54,63,93,77,59,89,70,20,24,21,41,48,44,42,52,47,35,40,36,1,3,2,7,10,9,16,18,17,9,11,10,43,330607,B,Cambisol,Good,F110,F110,F5a,Lowland to submontane types,61,212,49.071482,5.375074,F12-151,0.708254,0.000012,0.708406,0.000018,Grass,0.000152,Impure carbonate sedimentary rock,Paris Basin,Paris Basin [Impure carbonate sedimentary rock],Ah,Impure carbonate sedimentary rock_Ah,c1,"marls, clays, gaizes, sands",,T,Mesozoic,Cretaceous,Lower Cretaceous,135-96 Ma,135,96,sedimentary,"siliceous, aluminous, carbonatic",continental shelf,nulle ou faible,stratification,not applicable,not applicable,not applicable,Indifférencié,Indifférencié,basins et Fossés,sediments et volcanics,701,701,T
France_T2.285,285,POINT (4.8171000002648725 47.51573200023165),285,1,326,327,1,284,47.515732,4.8171,F12-153,j2,0.70829,0.000013,0.708382,0.000012,Grass,0.000092,Limestone,Paris Basin,Paris Basin [Limestone],8587,8009,8009,5792000000,1704000,7,9,4,2,A,h,r,al,Ahr_al,700009000402,1,109,A,Ah,Ahr,Ahr_al,8009,Atlantic Central,300-500,Calcereous rocks,Arable land,Atlantic-Hills-Rocks-Arable land,136,136,"Mesozoic & Tertiary lowlands and scarplands, Paris Basin; Champagne & Lorraine",203,577,372,1,3,69,106,90,46,63,55,73,87,81,59,79,72,20,24,21,43,48,45,45,54,49,35,40,37,1,3,1,9,10,9,17,19,17,10,11,10,48,330607,B,Cambisol,Good,F110,F110,F5a,Lowland to submontane types,61,278,49.031257,5.902414,F12-153,0.70829,0.000013,0.708382,0.000012,Grass,0.000092,Limestone,Paris Basin,Paris Basin [Limestone],Ah,Limestone_Ah,j2,"limestones, marls",,T,Mesozoic,Jurassic,Middle Jurassic,175-154 Ma,175,154,sedimentary,carbonatic,continental shelf,nulle ou faible,stratification,not applicable,not applicable,not applicable,Indifférencié,Indifférencié,basins et Fossés,sediments et volcanics,801,801,T
France_T2.286,286,POINT (4.011554999763462 47.463788999762585),286,1,327,328,1,285,47.463789,4.011555,F12-154,17,0.721869,0.000012,0,0,Grass,0,Granite,Massif Central,Massif Central [Granite],9570,8605,8605,9827000320,3140000,7,9,12,4,A,h,r,pa,Ahr_pa,700009001204,1,111,A,Ah,Ahr,Ahr_pa,8605,Atlantic Central,300-500,Crystalline rocks and migmatites,Pastures,Atlantic-Hills-Rocks-Pastures,100,100,"Hercynian, Massif Central",173,1042,412,2,4,32,118,68,40,82,57,68,103,81,54,102,71,23,30,25,46,49,47,52,59,55,40,43,41,0,3,1,6,11,9,15,19,18,8,12,10,126,332292,B,Cambisol,Good,F82,F82,F5a,Lowland to submontane types,71,107,48.729508,6.427558,F12-154,0.721869,0.000012,0,0,Grass,0,Granite,Massif Central,Massif Central [Granite],Ah,Granite_Ah,17,peraluminous leucogranites,,T,Paleozoic,Carboniferous,"Upper Viséan, Namurian",335-305 Ma,335,305,plutonic,peraluminous,continental collision,nulle ou faible,not applicable,not applicable,not applicable,not applicable,Domaine interne,Indifférencié,Massifs varisques,Plutons varisques,1321,1325,granitoides peraluminous - leucogranites - T
France_T2.287,287,POINT (4.113173000433676 47.01922799967252),287,1,329,330,1,286,47.019228,4.113173,F12-156,17,0.715222,0.000009,0.71411,0.000017,Grass,-0.001112,Granite,Massif Central,Massif Central [Granite],8786,8623,8623,1360999936,480000,7,10,12,6,A,m,r,fo,Amr_fo,700010001206,1,133,A,Am,Amr,Amr_fo,8623,Atlantic Central,500-700,Crystalline rocks and migmatites,Forest,Atlantic-Mountains-Rocks-Forest,100,100,"Hercynian, Massif Central",253,837,509,3,5,81,118,100,59,75,64,77,96,86,75,102,87,24,25,24,47,48,47,53,55,53,40,41,40,1,2,1,8,10,8,17,18,17,10,11,10,105,330640,B,Cambisol,Good,F82,F82,F5a,Lowland to submontane types,37,108,48.303699,5.259534,F12-156,0.715222,0.000009,0.71411,0.000017,Grass,-0.001112,Granite,Massif Central,Massif Central [Granite],Ah,Granite_Ah,17,"microgranites, apligranites",,T,Paleozoic,Carboniferous,"Upper Viséan, Namurian",335-305 Ma,335,305,plutonic,"calc-alkaline, subalkaline",continental collision,nulle ou faible,not applicable,not applicable,not applicable,not applicable,Domaine de riftogenèse Devonianne,Indifférencié,Massifs varisques,Plutons varisques,1321,1323,plutonisme acide - microgranites undifferentiated - T
France_T2.288,288,POINT (4.0602960000604185 47.032999999850176),288,1,330,331,1,287,47.033,4.060296,F12-157,17,0.71333,0.000007,0,0,Moss,0,Granite,Massif Central,Massif Central [Granite],8786,8623,8623,1360999936,480000,7,10,12,6,A,m,r,fo,Amr_fo,700010001206,1,133,A,Am,Amr,Amr_fo,8623,Atlantic Central,500-700,Crystalline rocks and migmatites,Forest,Atlantic-Mountains-Rocks-Forest,100,100,"Hercynian, Massif Central",253,837,509,3,5,81,118,100,59,75,64,77,96,86,75,102,87,24,25,24,47,48,47,53,55,53,40,41,40,1,2,1,8,10,8,17,18,17,10,11,10,105,330640,B,Cambisol,Good,F82,F82,F5a,Lowland to submontane types,37,109,48.509754,4.563869,F12-157,0.71333,0.000007,0,0,Moss,0,Granite,Massif Central,Massif Central [Granite],Am,Granite_Am,17,"microgranites, apligranites",,T,Paleozoic,Carboniferous,"Upper Viséan, Namurian",335-305 Ma,335,305,plutonic,"calc-alkaline, subalkaline",continental collision,nulle ou faible,not applicable,not applicable,not applicable,not applicable,Domaine de riftogenèse Devonianne,Indifférencié,Massifs varisques,Plutons varisques,1321,1323,plutonisme acide - microgranites undifferentiated - T
France_T2.289,289,POINT (3.691133000187847 47.05644900022122),289,1,331,332,1,288,47.056449,3.691133,F12-158,j1,0.715039,0.000017,0.714639,0.000014,Grass,-0.0004,Clay,Paris Basin,Paris Basin [Clay],8762,8456,8456,5454000128,1328000,7,8,5,4,A,h,s,pa,Ahs_pa,700008000504,1,120,A,Ah,Ahs,Ahs_pa,8456,Atlantic Central,200-300,Soft clayey materials,Pastures,Atlantic-Hills-Sediments-Pastures,140,140,"Mesozoic & Tertiary lowlands and scarplands, Paris Basin; Poitou, Anjou, Touraine & Berry",116,579,311,2,3,60,105,78,46,65,54,65,86,74,58,87,73,23,26,24,47,49,48,51,56,53,40,42,40,1,3,2,9,11,9,17,19,18,10,12,10,97,332364,B,Cambisol,Good,F110,F110,F5a,Lowland to submontane types,105,23,48.307715,4.737839,F12-158,0.715039,0.000017,0.714639,0.000014,Grass,-0.0004,Clay,Paris Basin,Paris Basin [Clay],Am,Clay_Am,j1,"limestones, marls, sandstones, clays, dolomites",,T,Mesozoic,Jurassic,Lower Jurassic,203-175 Ma,203,175,sedimentary,"siliceous, aluminous, carbonatic",continental shelf,nulle ou faible,stratification,not applicable,not applicable,not applicable,Indifférencié,Indifférencié,basins et Fossés,sediments et volcanics,901,901,T
France_T2.290,290,POINT (3.265814999862414 46.99376299986261),290,1,332,333,1,289,46.993763,3.265815,F12-159,j2,0.714214,0.000021,0.714594,0.000014,Moss,0.00038,Sand,Paris Basin,Paris Basin [Sand],8762,8456,8456,5454000128,1328000,7,8,5,4,A,h,s,pa,Ahs_pa,700008000504,1,120,A,Ah,Ahs,Ahs_pa,8456,Atlantic Central,200-300,Soft clayey materials,Pastures,Atlantic-Hills-Sediments-Pastures,140,140,"Mesozoic & Tertiary lowlands and scarplands, Paris Basin; Poitou, Anjou, Touraine & Berry",116,579,311,2,3,60,105,78,46,65,54,65,86,74,58,87,73,23,26,24,47,49,48,51,56,53,40,42,40,1,3,2,9,11,9,17,19,18,10,12,10,97,332364,B,Cambisol,Good,F110,F110,F5a,Lowland to submontane types,105,422,48.259653,4.718963,F12-159,0.714214,0.000021,0.714594,0.000014,Moss,0.00038,Sand,Paris Basin,Paris Basin [Sand],Ah,Sand_Ah,j2,"limestones, marls",,T,Mesozoic,Jurassic,Middle Jurassic,175-154 Ma,175,154,sedimentary,carbonatic,continental shelf,nulle ou faible,stratification,not applicable,not applicable,not applicable,Indifférencié,Indifférencié,basins et Fossés,sediments et volcanics,801,801,T
France_T2.291,291,POINT (4.039987999746415 45.0673499997028),291,1,334,335,1,290,45.06735,4.039988,F12-161,eg,0.709625,0.000015,0.709797,0.000016,Grass,0.000172,Clay,Massif Central,Massif Central [Clay],9662,9704,9704,169000000,118000,5,11,4,4,Z,m,r,pa,Zmr_pa,500011000404,1,174,Z,Zm,Zmr,Zmr_pa,9704,Alpine South,700-900,Calcereous rocks,Pastures,Alpine-Mountains-Rocks-Pastures,100,100,"Hercynian, Massif Central",551,1021,768,4,8,39,72,46,54,75,58,66,76,69,67,105,75,31,32,31,48,49,48,58,59,58,43,45,43,-1,1,0,6,8,7,15,17,16,8,10,9,101,332377,B,Cambisol,Good,F140,F140,F5b,"Montane to altimontane types, partly with fir and spruce",20,16,48.674652,4.75875,F12-161,0.709625,0.000015,0.709797,0.000016,Grass,0.000172,Clay,Massif Central,Massif Central [Clay],Ah,Clay_Ah,eg,"clays, conglomerates, sandstones, marls",,T,Cenozoic,Paleogene,"Eocene, Oligocene","65,0-23,5 Ma",65,23.5,sedimentary,"siliceous, aluminous, carbonatic","continental, platform",nulle ou faible,stratification,not applicable,not applicable,not applicable,Limagnes,Indifférencié,basins et Fossés,sediments et volcanics,561,561,T
France_T2.292,292,POINT (4.051618000070675 45.09327299994902),292,1,335,336,1,291,45.093273,4.051618,F12-162,gm (b-h-t),0.703923,0.000009,0.703665,0.000014,Grass,-0.000258,"Volcanics (Basanites, Tephrites, Pyroclastica)",Massif Central,"Massif Central [Volcanics (Basanites, Tephrites, Pyroclastica)]",9921,9652,9652,4257999872,1250000,5,12,12,4,Z,m,r,pa,Zmr_pa,500012001204,1,174,Z,Zm,Zmr,Zmr_pa,9652,Alpine South,900-1100,Crystalline rocks and migmatites,Pastures,Alpine-Mountains-Rocks-Pastures,100,100,"Hercynian, Massif Central",482,1603,1016,4,7,39,101,67,50,107,71,66,94,74,60,151,93,29,35,31,46,50,47,55,60,57,43,46,44,-2,2,-1,4,9,6,13,17,15,6,10,8,169,330518,U,Ranker,Marginal,F92,F92,F5b,"Montane to altimontane types, partly with fir and spruce",20,521,48.52322,5.040705,F12-162,0.703923,0.000009,0.703665,0.000014,Grass,-0.000258,"Volcanics (Basanites, Tephrites, Pyroclastica, Trachytes)",Massif Central,"Massif Central [Volcanics (Basanites, Tephrites, Pyroclastica, Trachytes)]",Ah,"Volcanics (Basanites, Tephrites, Pyroclastica, Trachytes)_Ah",gm (b-h-t),"basanites, hawaiites, tephrites",,T,Cenozoic,"Paleogene, Neogene","Oligocene, Miocene","33,7-5,30 Ma",33.7,5.3,volcanic,"tholeiitic, peralkaline",continental extension,nulle ou faible,not applicable,not applicable,not applicable,not applicable,Volcanisme péri-alpin,Indifférencié,Volcanisme péri-alpin,volcanics Cenozoics,341,341,T
France_T2.293,293,POINT (4.180783000335225 45.168522999636764),293,1,336,337,1,292,45.168523,4.180783,F12-163,18,0.717864,0.00001,0.718126,0.000015,Grass,0.000262,Granite,Massif Central,Massif Central [Granite],9925,9195,9195,6195999744,1514000,5,11,12,6,Z,m,r,fo,Zmr_fo,500011001206,1,175,Z,Zm,Zmr,Zmr_fo,9195,Alpine South,700-900,Crystalline rocks and migmatites,Forest,Alpine-Mountains-Rocks-Forest,100,100,"Hercynian, Massif Central",303,1579,863,5,10,35,109,60,49,120,67,65,103,79,60,174,89,26,36,30,46,54,48,55,65,58,41,48,43,-2,3,0,4,11,8,13,20,17,6,12,9,183,332292,B,Cambisol,Good,F92,F92,F5b,"Montane to altimontane types, partly with fir and spruce",18,110,47.515732,4.8171,F12-163,0.717864,0.00001,0.718126,0.000015,Grass,0.000262,Granite,Massif Central,Massif Central [Granite],Ah,Granite_Ah,18,"monzogranites, granodiorites",,T,Paleozoic,Carboniferous,"Namurian, Westphalian, Stephanian",335-295 Ma,335,295,plutonic,peraluminous,continental collision,nulle ou faible,not applicable,not applicable,not applicable,not applicable,Domaine interne,Indifférencié,Massifs varisques,Plutons varisques,1341,1346,granitoides peraluminous - granites et granodiorites - T
France_T2.294,294,POINT (4.299162999672717 45.10510299960379),294,1,337,338,1,293,45.105103,4.299163,F12-164,19,0.713526,0.000018,0.71338,0.000014,Grass,-0.000146,Granite,Massif Central,Massif Central [Granite],9925,9195,9195,6195999744,1514000,5,11,12,6,Z,m,r,fo,Zmr_fo,500011001206,1,175,Z,Zm,Zmr,Zmr_fo,9195,Alpine South,700-900,Crystalline rocks and migmatites,Forest,Alpine-Mountains-Rocks-Forest,100,100,"Hercynian, Massif Central",303,1579,863,5,10,35,109,60,49,120,67,65,103,79,60,174,89,26,36,30,46,54,48,55,65,58,41,48,43,-2,3,0,4,11,8,13,20,17,6,12,9,183,332292,B,Cambisol,Good,F92,F92,F5b,"Montane to altimontane types, partly with fir and spruce",18,111,47.463789,4.011555,F12-164,0.713526,0.000018,0.71338,0.000014,Grass,-0.000146,Granite,Massif Central,Massif Central [Granite],Ah,Granite_Ah,19,peraluminous leucogranites,,T,Paleozoic,Carboniferous,Stephanian,305-295 Ma,305,295,plutonic,peraluminous,continental collision,nulle ou faible,not applicable,not applicable,not applicable,not applicable,Domaine interne,Indifférencié,Massifs varisques,Plutons varisques,1301,1305,granitoides peraluminous - leucogranites - T
France_T2.295,295,POINT (4.409108000334015 45.00219799983785),295,1,338,339,1,294,45.002198,4.409108,F12-165,bk,0.718934,0.000017,0.718637,0.000015,Grass,-0.000297,Migmatite,Massif Central,Massif Central [Migmatite],9925,9195,9195,6195999744,1514000,5,11,12,6,Z,m,r,fo,Zmr_fo,500011001206,1,175,Z,Zm,Zmr,Zmr_fo,9195,Alpine South,700-900,Crystalline rocks and migmatites,Forest,Alpine-Mountains-Rocks-Forest,100,100,"Hercynian, Massif Central",303,1579,863,5,10,35,109,60,49,120,67,65,103,79,60,174,89,26,36,30,46,54,48,55,65,58,41,48,43,-2,3,0,4,11,8,13,20,17,6,12,9,183,332292,B,Cambisol,Good,F92,F92,F5b,"Montane to altimontane types, partly with fir and spruce",18,317,47.41697,3.987947,F12-165,0.718934,0.000017,0.718637,0.000015,Grass,-0.000297,Migmatite,Massif Central,Massif Central [Migmatite],Ah,Migmatite_Ah,bk,para-migmatites,,T,"Proterozoic, Paleozoic","Neoproterozoic, Cambrian","Brioverian, Cambrian",670-500 Ma,670,500,metamorphic,"siliceous, aluminous",indeterminate,"cisaillement, écoulement",foliation,varisque,néovarisque,anatexie,Domaine interne,Indifférencié,Massifs varisques,Roches metamorphics,2201,2201,T
France_T2.296,296,POINT (4.446573999590441 44.994630999820856),296,1,339,340,1,295,44.994631,4.446574,F12-166,bk,0.71732,0.000012,0.717656,0.000016,Grass,0.000336,Migmatite,Massif Central,Massif Central [Migmatite],9925,9195,9195,6195999744,1514000,5,11,12,6,Z,m,r,fo,Zmr_fo,500011001206,1,175,Z,Zm,Zmr,Zmr_fo,9195,Alpine South,700-900,Crystalline rocks and migmatites,Forest,Alpine-Mountains-Rocks-Forest,100,100,"Hercynian, Massif Central",303,1579,863,5,10,35,109,60,49,120,67,65,103,79,60,174,89,26,36,30,46,54,48,55,65,58,41,48,43,-2,3,0,4,11,8,13,20,17,6,12,9,183,332292,B,Cambisol,Good,F92,F92,F5b,"Montane to altimontane types, partly with fir and spruce",18,318,47.019228,4.113173,F12-166,0.71732,0.000012,0.717656,0.000016,Grass,0.000336,Migmatite,Massif Central,Massif Central [Migmatite],Ah,Migmatite_Ah,bk,para-migmatites,,T,"Proterozoic, Paleozoic","Neoproterozoic, Cambrian","Brioverian, Cambrian",670-500 Ma,670,500,metamorphic,"siliceous, aluminous",indeterminate,"cisaillement, écoulement",foliation,varisque,néovarisque,anatexie,Domaine interne,Indifférencié,Massifs varisques,Roches metamorphics,2201,2201,T
France_T2.297,297,POINT (4.634764999605068 44.96239399978333),297,1,340,341,1,296,44.962394,4.634765,F12-167,6,0.71635,0.000022,0.717242,0.000019,Grass,0.000892,Orthogneiss,Massif Central,Massif Central [Orthogneiss],9925,9195,9195,6195999744,1514000,5,11,12,6,Z,m,r,fo,Zmr_fo,500011001206,1,175,Z,Zm,Zmr,Zmr_fo,9195,Alpine South,700-900,Crystalline rocks and migmatites,Forest,Alpine-Mountains-Rocks-Forest,100,100,"Hercynian, Massif Central",303,1579,863,5,10,35,109,60,49,120,67,65,103,79,60,174,89,26,36,30,46,54,48,55,65,58,41,48,43,-2,3,0,4,11,8,13,20,17,6,12,9,183,332292,B,Cambisol,Good,F92,F92,F5b,"Montane to altimontane types, partly with fir and spruce",18,341,47.033,4.060296,F12-167,0.71635,0.000022,0.717242,0.000019,Grass,0.000892,Orthogneiss,Massif Central,Massif Central [Orthogneiss],Ah,Orthogneiss_Ah,6,anatectic orthogneisses,,T,"Proterozoic, Paleozoic","Neoproterozoic, Cambrian","Upper Brioverian, Cambrian",580-500 Ma,580,500,metamorphic,"siliceous, aluminous",indeterminate,"aplatissement, cisaillement",foliation,varisque,néovarisque,anatexie,Domaine interne,Indifférencié,Massifs varisques,Roches orthogneissesiques,2081,2081,T
France_T2.298,298,POINT (4.746949000096322 44.94402599990002),298,1,341,342,1,297,44.944026,4.746949,F12-168,gla (f-p),0.713005,0.00002,0.713785,0.00001,Grass,0.00078,Paragneiss,Massif Central,Massif Central [Paragneiss],9925,9195,9195,6195999744,1514000,5,11,12,6,Z,m,r,fo,Zmr_fo,500011001206,1,175,Z,Zm,Zmr,Zmr_fo,9195,Alpine South,700-900,Crystalline rocks and migmatites,Forest,Alpine-Mountains-Rocks-Forest,100,100,"Hercynian, Massif Central",303,1579,863,5,10,35,109,60,49,120,67,65,103,79,60,174,89,26,36,30,46,54,48,55,65,58,41,48,43,-2,3,0,4,11,8,13,20,17,6,12,9,183,332292,B,Cambisol,Good,F92,F92,F5b,"Montane to altimontane types, partly with fir and spruce",18,356,47.056449,3.691133,F12-168,0.713005,0.00002,0.713785,0.00001,Grass,0.00078,Paragneiss,Massif Central,Massif Central [Paragneiss],Ah,Paragneiss_Ah,gla (f-p),"leptynites, amphibolites, eclogites",,T,Paleozoic,Paleozoic,"Cambrian, Ordovician",540-435 Ma,540,435,metamorphic,"siliceous, aluminous, magnesium",continental extension,"aplatissement, cisaillement",foliation,varisque,mésovarisque,amphibolite,Domaine interne,Indifférencié,Massifs varisques,Roches orthogneissesiques,1901,1901,T
France_T2.299,299,POINT (4.8929479996505165 44.848611000197536),299,1,342,343,1,298,44.848611,4.892948,F12-169,m,0.708276,0.00002,0.708362,0.000009,Grass,0.000086,Impure carbonate sedimentary rock,Alpine Foreland,Alpine Foreland [Impure carbonate sedimentary rock],10581,9605,9605,4576000000,2222000,13,7,1,3,M,h,s,pc,Mhs_pc,1300007000100,1,230,M,Mh,Mhs,Mhs_pc,9605,Mediterranean South,100-200,River alluvium,Permanent crops,Mediterranean-Hills-Sediments-Permanent crops,99,99,"Mesozoic & Tertiary lowlands and scarplands, Rh“ne rift valley",0,695,99,1,2,35,111,51,39,126,60,30,92,51,79,184,99,28,47,41,51,59,56,60,72,68,43,55,50,1,7,4,7,13,11,16,23,21,9,16,13,94,332435,B,Cambisol,Good,J14,J14,J2a,Meso-Mediterranean types,204,137,46.993763,3.265815,F12-169,0.708276,0.00002,0.708362,0.000009,Grass,0.000086,Impure carbonate sedimentary rock,Alpine Foreland,Alpine Foreland [Impure carbonate sedimentary rock],Ah,Impure carbonate sedimentary rock_Ah,m,"marls, conglomerates, sandstones, limestones",,T,Cenozoic,Neogene,Miocene,"23,5-5,30 Ma",23.5,5.3,sedimentary,"siliceous, aluminous, carbonatic",molasse basin,"fracturation, basculement",stratification,alpin,not applicable,not applicable,molasse basin,molasse basin du Bas-Dauphiné,basins et Fossés,sediments et volcanics,241,241,T
France_T2.300,300,POINT (4.9051520003645805 44.83151599966368),300,1,343,344,1,299,44.831516,4.905152,F12-170,m,0.708722,0.000024,0.710353,0.000009,Shrub,0.001631,Impure carbonate sedimentary rock,Alpine Foreland,Alpine Foreland [Impure carbonate sedimentary rock],9932,9905,9905,302000000,178000,12,8,4,2,M,h,r,al,Mhr_al,1200008000400,1,220,M,Mh,Mhr,Mhr_al,9905,Mediterranean North,200-300,Calcereous rocks,Arable land,Mediterranean-Hills-Rocks-Arable land,99,99,"Mesozoic & Tertiary lowlands and scarplands, Rh“ne rift valley",120,560,237,2,3,59,69,63,71,80,75,62,74,65,105,120,112,34,37,35,53,55,53,64,67,65,46,49,47,1,3,2,9,11,10,18,21,19,10,13,11,63,330472,E,Rendzina,Marginal,G41,G41,G3,"Sub-Mediterranean and meso-supra-Mediterranean downy oak forests, as well as mixe",68,138,45.592446,3.2351,F12-170,0.708722,0.000024,0.710353,0.000009,Shrub,0.001631,Impure carbonate sedimentary rock,Alpine Foreland,Alpine Foreland [Impure carbonate sedimentary rock],Ah,Impure carbonate sedimentary rock_Ah,m,"marls, conglomerates, sandstones, limestones",,T,Cenozoic,Neogene,Miocene,"23,5-5,30 Ma",23.5,5.3,sedimentary,"siliceous, aluminous, carbonatic",molasse basin,"fracturation, basculement",stratification,alpin,not applicable,not applicable,molasse basin,molasse basin du Bas-Dauphiné,basins et Fossés,sediments et volcanics,241,241,T
France_T2.301,301,POINT (4.279781999839486 43.85084199985846),301,1,344,345,1,300,43.850842,4.279782,F12-171,c1,0.707962,0.000015,0.708115,0.000008,Grass,0.000153,Impure carbonate sedimentary rock,Alpine Foreland,Alpine Foreland [Impure carbonate sedimentary rock],10404,10020,10020,4254000128,1116000,12,7,4,6,M,h,r,fo,Mhr_fo,1200007000410,1,224,M,Mh,Mhr,Mhr_fo,10020,Mediterranean North,100-200,Calcereous rocks,Forest,Mediterranean-Hills-Rocks-Forest,150,150,"Alpine fold mountain belt, Massif Central; Alpine type",10,896,203,3,5,35,111,71,53,127,82,38,75,57,89,184,132,35,44,39,50,58,55,61,70,66,46,52,49,-1,7,3,5,13,10,15,23,20,7,15,12,111,330382,I,Lithosol,Poor,J15,J15,J2b,Supra-Mediterranean and relict types,79,139,45.06735,4.039988,F12-171,0.707962,0.000015,0.708115,0.000008,Grass,0.000153,Impure carbonate sedimentary rock,Alpine Foreland,Alpine Foreland [Impure carbonate sedimentary rock],Ah,Impure carbonate sedimentary rock_Ah,c1,"marls, sands, sandstones, clays, limestones",,T,Mesozoic,Cretaceous,Lower Cretaceous,135-96 Ma,135,96,sedimentary,"siliceous, aluminous, carbonatic",continental shelf,plissement isopaque,stratification,alpin,not applicable,not applicable,Couverture anté-Paleogene du Sillon Rhodanien,Indifférencié,basins et Fossés,sediments et volcanics,701,701,T
France_T2.302,302,POINT (4.164363000352239 43.8599119999389),302,1,345,346,1,301,43.859912,4.164363,F12-172,m,0.71,0.000016,0.710434,0.000009,Grass,0.000434,Impure carbonate sedimentary rock,Alpine Foreland,Alpine Foreland [Impure carbonate sedimentary rock],10409,10430,10430,328000000,148000,13,6,4,3,M,l,r,pc,Mlr_pc,1300006000400,1,204,M,Ml,Mlr,Mlr_pc,10430,Mediterranean South,50-100,Calcereous rocks,Permanent crops,Mediterranean-Lowland-Rocks-Permanent crops,99,99,"Mesozoic & Tertiary lowlands and scarplands, Rh“ne rift valley",15,261,90,1,2,55,76,60,56,85,65,38,52,42,97,139,114,41,44,43,56,58,57,66,69,68,50,51,50,4,7,5,11,13,12,21,23,22,13,15,14,52,332760,E,Rendzina,Marginal,J14,J14,J2a,Meso-Mediterranean types,242,140,45.093273,4.051618,F12-172,0.71,0.000016,0.710434,0.000009,Grass,0.000434,Impure carbonate sedimentary rock,Alpine Foreland,Alpine Foreland [Impure carbonate sedimentary rock],Ah,Impure carbonate sedimentary rock_Ah,m,"marls, conglomerates, sandstones, limestones",,T,Cenozoic,Neogene,Miocene,"23,5-5,30 Ma",23.5,5.3,sedimentary,"siliceous, aluminous, carbonatic",molasse basin,"fracturation, basculement",stratification,alpin,not applicable,not applicable,molasse basin,molasse basin rhodano-provençal,basins et Fossés,sediments et volcanics,241,241,T
France_T2.303,303,POINT (4.135403000348219 43.85922199959566),303,1,346,347,1,302,43.859222,4.135403,F12-173,e2,0.707895,0.000018,0.707799,0.000009,Grass,-0.000096,Limestone,Alpine Foreland,Alpine Foreland [Limestone],10409,10430,10430,328000000,148000,13,6,4,3,M,l,r,pc,Mlr_pc,1300006000400,1,204,M,Ml,Mlr,Mlr_pc,10430,Mediterranean South,50-100,Calcereous rocks,Permanent crops,Mediterranean-Lowland-Rocks-Permanent crops,99,99,"Mesozoic & Tertiary lowlands and scarplands, Rh“ne rift valley",15,261,90,1,2,55,76,60,56,85,65,38,52,42,97,139,114,41,44,43,56,58,57,66,69,68,50,51,50,4,7,5,11,13,12,21,23,22,13,15,14,52,332760,E,Rendzina,Marginal,J14,J14,J2a,Meso-Mediterranean types,242,227,45.168523,4.180783,F12-173,0.707895,0.000018,0.707799,0.000009,Grass,-0.000096,Limestone,Alpine Foreland,Alpine Foreland [Limestone],Ah,Limestone_Ah,e2,"limestones, marls, conglomerates, sandstones",,T,Cenozoic,Paleogene,Upper-Middle Eocene,"46,0-33,7 Ma",46,33.7,sedimentary,"siliceous, aluminous, carbonatic",molasse basin,plissement isopaque,stratification,alpin,not applicable,not applicable,molasse basin,molasse basin rhodano-provençal,basins et Fossés,sediments et volcanics,401,401,T
France_T2.304,304,POINT (3.6855130000249687 43.982073000068965),304,1,349,350,1,303,43.982073,3.685513,F12-176,b2k,0.711771,0.000015,0,0,Grass,0,Wacke,Massif Central,Massif Central [Wacke],10245,10046,10046,2406000128,608000,11,10,12,6,M,m,r,fo,Mmr_fo,1100010001210,1,241,M,Mm,Mmr,Mmr_fo,10046,Mediterranean Mountains,500-700,Crystalline rocks and migmatites,Forest,Mediterranean-Mountains-Rocks-Forest,100,100,"Hercynian, Massif Central",155,1491,691,8,16,70,111,98,71,127,107,56,79,69,88,182,154,34,40,36,48,56,50,59,67,61,46,50,47,-1,5,0,5,12,7,15,22,17,7,14,9,280,332315,B,Cambisol,Good,F92,F92,F5b,"Montane to altimontane types, partly with fir and spruce",30,536,44.994631,4.446574,F12-176,0.711771,0.000015,0,0,Grass,0,Wacke,Massif Central,Massif Central [Wacke],Ah,Wacke_Ah,b2k,"wackes, sandstones, shales",,T,"Proterozoic, Paleozoic","Neoproterozoic, Cambrian","Upper Brioverian, Cambrian",580-520 Ma,580,520,metamorphic,"siliceous, aluminous",continental shelf,plissement anisopaque,schistosité,varisque,néovarisque,schiste vert,Complexe de nappes Paleozoics,Indifférencié,Massifs varisques,Roches metamorphics,2041,2041,T
France_T2.305,305,POINT (3.676008999715634 44.03604100039189),305,1,350,351,1,304,44.036041,3.676009,F12-177,18,0.713413,0.000014,0.714465,0.000009,Herb,0.001052,Granite,Massif Central,Massif Central [Granite],10245,10046,10046,2406000128,608000,11,10,12,6,M,m,r,fo,Mmr_fo,1100010001210,1,241,M,Mm,Mmr,Mmr_fo,10046,Mediterranean Mountains,500-700,Crystalline rocks and migmatites,Forest,Mediterranean-Mountains-Rocks-Forest,100,100,"Hercynian, Massif Central",155,1491,691,8,16,70,111,98,71,127,107,56,79,69,88,182,154,34,40,36,48,56,50,59,67,61,46,50,47,-1,5,0,5,12,7,15,22,17,7,14,9,280,332315,B,Cambisol,Good,F92,F92,F5b,"Montane to altimontane types, partly with fir and spruce",30,112,44.962394,4.634765,F12-177,0.713413,0.000014,0.714465,0.000009,Herb,0.001052,Granite,Massif Central,Massif Central [Granite],Ah,Granite_Ah,18,"monzogranites, granodiorites",,T,Paleozoic,Carboniferous,"Namurian, Westphalian, Stephanian",335-295 Ma,335,295,plutonic,subalkaline,continental collision,nulle ou faible,not applicable,not applicable,not applicable,not applicable,Domaine externe,Indifférencié,Massifs varisques,Plutons varisques,1341,1347,granitoides calc-alkalines - subalcalins potassiques - T
France_T2.306,306,POINT (3.629838000123641 44.081955999869535),306,1,351,352,1,305,44.081956,3.629838,F12-178,bo,0.719893,0.00005,0,0,Grass,0,Mica schist,Massif Central,Massif Central [Mica schist],10245,10046,10046,2406000128,608000,11,10,12,6,M,m,r,fo,Mmr_fo,1100010001210,1,241,M,Mm,Mmr,Mmr_fo,10046,Mediterranean Mountains,500-700,Crystalline rocks and migmatites,Forest,Mediterranean-Mountains-Rocks-Forest,100,100,"Hercynian, Massif Central",155,1491,691,8,16,70,111,98,71,127,107,56,79,69,88,182,154,34,40,36,48,56,50,59,67,61,46,50,47,-1,5,0,5,12,7,15,22,17,7,14,9,280,332315,B,Cambisol,Good,F92,F92,F5b,"Montane to altimontane types, partly with fir and spruce",30,301,44.944026,4.746949,F12-178,0.719893,0.00005,0,0,Grass,0,Mica schist,Massif Central,Massif Central [Mica schist],Ah,Mica schist_Ah,bo,"shales, micaschists, quartzites",,T,"Proterozoic, Paleozoic","Neoproterozoic, Ordovician","Brioverian, Cambrian, Ordovician",670-435 Ma,670,435,metamorphic,"siliceous, aluminous",indeterminate,plissement anisopaque,schistosité,varisque,mésovarisque,schiste vert,Domaine externe,Indifférencié,Massifs varisques,Roches metamorphics,2221,2221,T
France_T2.307,307,POINT (3.5207539995974457 44.19030399972985),307,1,352,353,1,306,44.190304,3.520754,F12-179,o1,0.713063,0.000011,0,0,Grass,0,Mica schist,Massif Central,Massif Central [Mica schist],10245,10046,10046,2406000128,608000,11,10,12,6,M,m,r,fo,Mmr_fo,1100010001210,1,241,M,Mm,Mmr,Mmr_fo,10046,Mediterranean Mountains,500-700,Crystalline rocks and migmatites,Forest,Mediterranean-Mountains-Rocks-Forest,100,100,"Hercynian, Massif Central",155,1491,691,8,16,70,111,98,71,127,107,56,79,69,88,182,154,34,40,36,48,56,50,59,67,61,46,50,47,-1,5,0,5,12,7,15,22,17,7,14,9,280,332315,B,Cambisol,Good,F92,F92,F5b,"Montane to altimontane types, partly with fir and spruce",30,302,44.848611,4.892948,F12-179,0.713063,0.000011,0,0,Grass,0,Mica schist,Massif Central,Massif Central [Mica schist],Ah,Mica schist_Ah,o1,"shales, micaschists, quartzites",,T,Paleozoic,Ordovician,Lower-Middle Ordovician,500-455 Ma,500,455,metamorphic,"siliceous, aluminous",continental shelf,plissement anisopaque,schistosité,varisque,néovarisque,schiste vert,Complexe de nappes Paleozoics,Indifférencié,Massifs varisques,Roches metamorphics,1681,1681,T
France_T2.308,308,POINT (3.492696999866723 44.20137000012545),308,1,353,354,1,307,44.20137,3.492697,F12-180,j1,0.709747,0.000012,0.710459,0.000009,Grass,0.000712,Impure carbonate sedimentary rock,Massif Central,Massif Central [Impure carbonate sedimentary rock],10132,10062,10062,1118000000,398000,11,12,4,7,M,m,r,sh,Mmr_sh,1100012000410,1,242,M,Mm,Mmr,Mmr_sh,10062,Mediterranean Mountains,900-1100,Calcereous rocks,Shrubs & herbaceous vegetation,Mediterranean-Mountains-Rocks-Shrubs & herbaceous vegetation,100,100,"Hercynian, Massif Central",406,1181,888,4,9,64,96,74,61,107,74,66,79,70,69,154,92,31,36,34,48,51,49,57,60,59,45,47,46,0,3,1,6,9,7,15,19,17,8,11,9,126,330385,I,Lithosol,Poor,F139,F139,F5b,"Montane to altimontane types, partly with fir and spruce",23,192,44.831516,4.905152,F12-180,0.709747,0.000012,0.710459,0.000009,Grass,0.000712,Impure carbonate sedimentary rock,Massif Central,Massif Central [Impure carbonate sedimentary rock],Ah,Impure carbonate sedimentary rock_Ah,j1,"marls, dolomites, limestones, sandstones",,T,Mesozoic,Jurassic,Lower Jurassic,203-175 Ma,203,175,sedimentary,"siliceous, aluminous, carbonatic",continental shelf,nulle ou faible,stratification,not applicable,not applicable,not applicable,Causses,Indifférencié,basins et Fossés,sediments et volcanics,901,901,T
France_T2.309,309,POINT (3.385092000095767 44.20000400008456),309,1,354,355,1,308,44.200004,3.385092,F12-181,j2,0.708243,0.000012,0.708776,0.00001,Grass,0.000533,Limestone,Massif Central,Massif Central [Limestone],10132,10062,10062,1118000000,398000,11,12,4,7,M,m,r,sh,Mmr_sh,1100012000410,1,242,M,Mm,Mmr,Mmr_sh,10062,Mediterranean Mountains,900-1100,Calcereous rocks,Shrubs & herbaceous vegetation,Mediterranean-Mountains-Rocks-Shrubs & herbaceous vegetation,100,100,"Hercynian, Massif Central",406,1181,888,4,9,64,96,74,61,107,74,66,79,70,69,154,92,31,36,34,48,51,49,57,60,59,45,47,46,0,3,1,6,9,7,15,19,17,8,11,9,126,330385,I,Lithosol,Poor,F139,F139,F5b,"Montane to altimontane types, partly with fir and spruce",23,263,43.850842,4.279782,F12-181,0.708243,0.000012,0.708776,0.00001,Grass,0.000533,Limestone,Massif Central,Massif Central [Limestone],Ah,Limestone_Ah,j2,"limestones, marls, dolomites",,T,Mesozoic,Jurassic,Middle Jurassic,175-154 Ma,175,154,sedimentary,carbonatic,continental shelf,nulle ou faible,stratification,not applicable,not applicable,not applicable,Causses,Indifférencié,basins et Fossés,sediments et volcanics,801,801,T
France_T2.310,310,POINT (3.1366309996209907 44.046671999613125),310,1,355,356,1,309,44.046672,3.136631,F12-182,j2,0.707563,0.000016,0.708417,0.000008,Grass,0.000854,Limestone,Massif Central,Massif Central [Limestone],10266,10272,10272,355000000,242000,11,11,4,7,M,m,r,sh,Mmr_sh,1100011000410,1,242,M,Mm,Mmr,Mmr_sh,10272,Mediterranean Mountains,700-900,Calcereous rocks,Shrubs & herbaceous vegetation,Mediterranean-Mountains-Rocks-Shrubs & herbaceous vegetation,100,100,"Hercynian, Massif Central",417,869,756,2,5,65,89,75,64,88,74,59,76,66,74,121,87,33,38,35,49,52,51,58,62,59,47,48,47,2,4,2,8,10,9,18,20,18,10,12,11,69,330385,I,Lithosol,Poor,F139,F139,F5b,"Montane to altimontane types, partly with fir and spruce",23,264,43.859912,4.164363,F12-182,0.707563,0.000016,0.708417,0.000008,Grass,0.000854,Limestone,Massif Central,Massif Central [Limestone],Ah,Limestone_Ah,j2,"limestones, marls, dolomites",,T,Mesozoic,Jurassic,Middle Jurassic,175-154 Ma,175,154,sedimentary,carbonatic,continental shelf,nulle ou faible,stratification,not applicable,not applicable,not applicable,Causses,Indifférencié,basins et Fossés,sediments et volcanics,801,801,T
France_T2.311,311,POINT (3.361588999932451 43.851102000157255),311,1,356,357,1,310,43.851102,3.361589,F12-183,j1,0.70813,0.000017,0.709107,0.000009,Grass,0.000977,Impure carbonate sedimentary rock,Massif Central,Massif Central [Impure carbonate sedimentary rock],10417,9934,9934,4333000192,1462000,11,10,4,6,M,m,r,fo,Mmr_fo,1100010000410,1,241,M,Mm,Mmr,Mmr_fo,9934,Mediterranean Mountains,500-700,Calcereous rocks,Forest,Mediterranean-Mountains-Rocks-Forest,100,100,"Hercynian, Massif Central",23,1411,580,5,9,58,134,85,61,117,80,39,94,69,69,163,96,29,42,34,48,55,50,55,65,59,45,50,46,-1,6,2,5,12,8,14,22,18,7,15,11,204,330385,I,Lithosol,Poor,F139,F139,F5b,"Montane to altimontane types, partly with fir and spruce",30,193,43.859222,4.135403,F12-183,0.70813,0.000017,0.709107,0.000009,Grass,0.000977,Impure carbonate sedimentary rock,Massif Central,Massif Central [Impure carbonate sedimentary rock],Ah,Impure carbonate sedimentary rock_Ah,j1,"marls, dolomites, limestones, sandstones",,T,Mesozoic,Jurassic,Lower Jurassic,203-175 Ma,203,175,sedimentary,"siliceous, aluminous, carbonatic",continental shelf,nulle ou faible,stratification,not applicable,not applicable,not applicable,Causses,Indifférencié,basins et Fossés,sediments et volcanics,901,901,T
France_T2.312,312,POINT (3.2859229999465356 43.731572999994),312,1,358,359,1,311,43.731573,3.285923,F12-185,t2-3,0.708986,0.000012,0,0,Grass,0,Impure carbonate sedimentary rock,Massif Central,Massif Central [Impure carbonate sedimentary rock],10417,9934,9934,4333000192,1462000,11,10,4,6,M,m,r,fo,Mmr_fo,1100010000410,1,241,M,Mm,Mmr,Mmr_fo,9934,Mediterranean Mountains,500-700,Calcereous rocks,Forest,Mediterranean-Mountains-Rocks-Forest,100,100,"Hercynian, Massif Central",23,1411,580,5,9,58,134,85,61,117,80,39,94,69,69,163,96,29,42,34,48,55,50,55,65,59,45,50,46,-1,6,2,5,12,8,14,22,18,7,15,11,204,330385,I,Lithosol,Poor,F139,F139,F5b,"Montane to altimontane types, partly with fir and spruce",30,194,43.995397,3.677651,F12-185,0.708986,0.000012,0,0,Grass,0,Impure carbonate sedimentary rock,Massif Central,Massif Central [Impure carbonate sedimentary rock],Ah,Impure carbonate sedimentary rock_Ah,t2-3,"sandstones, marls, dolomites, clays",,T,Mesozoic,Triassic,Upper-Middle Triassic,240-203 Ma,240,203,sedimentary,"siliceous, aluminous, carbonatic",continental shelf,nulle ou faible,stratification,not applicable,not applicable,not applicable,Causses,Indifférencié,basins et Fossés,sediments et volcanics,1001,1001,T
France_T2.313,313,POINT (3.2505530002208047 43.743372000017814),313,1,359,360,1,312,43.743372,3.250553,F12-186,pq1 (b-h-t),0.703281,0.000009,0,0,Grass,0,"Volcanics (Basanites, Tephrites, Pyroclastica)",Massif Central,"Massif Central [Volcanics (Basanites, Tephrites, Pyroclastica)]",10417,9934,9934,4333000192,1462000,11,10,4,6,M,m,r,fo,Mmr_fo,1100010000410,1,241,M,Mm,Mmr,Mmr_fo,9934,Mediterranean Mountains,500-700,Calcereous rocks,Forest,Mediterranean-Mountains-Rocks-Forest,100,100,"Hercynian, Massif Central",23,1411,580,5,9,58,134,85,61,117,80,39,94,69,69,163,96,29,42,34,48,55,50,55,65,59,45,50,46,-1,6,2,5,12,8,14,22,18,7,15,11,204,330385,I,Lithosol,Poor,F139,F139,F5b,"Montane to altimontane types, partly with fir and spruce",30,522,43.982073,3.685513,F12-186,0.703281,0.000009,0,0,Grass,0,"Volcanics (Basanites, Tephrites, Pyroclastica, Trachytes)",Massif Central,"Massif Central [Volcanics (Basanites, Tephrites, Pyroclastica, Trachytes)]",Ah,"Volcanics (Basanites, Tephrites, Pyroclastica, Trachytes)_Ah",pq1 (b-h-t),"basanites, hawaiites, benmoreites, tephrites",,T,Cenozoic,"Neogene, Quaternary","Pliocene, Lower Pleistocene","5,30-0,75 Ma",5.3,0.75,volcanic,"tholeiitic, peralkaline",continental extension,nulle ou faible,not applicable,not applicable,not applicable,not applicable,Volcanisme péri-alpin,Indifférencié,Volcanisme péri-alpin,volcanics Cenozoics,181,181,T
France_T2.314,314,POINT (3.095556000309216 43.17657399989025),314,1,360,361,1,313,43.176574,3.095556,F12-187,c1,0.708611,0.000018,0.70979,0.000009,Grass,0.001179,Impure carbonate sedimentary rock,Pyrenees,Pyrenees [Impure carbonate sedimentary rock],10639,10702,10702,143000000,88000,12,2,4,7,M,l,r,sh,Mlr_sh,1200002000410,1,207,M,Ml,Mlr,Mlr_sh,10702,Mediterranean North,0-5,Calcereous rocks,Shrubs & herbaceous vegetation,Mediterranean-Lowland-Rocks-Shrubs & herbaceous vegetation,99,99,"Mesozoic & Tertiary lowlands and scarplands, Rh“ne rift valley",0,173,51,2,3,32,38,35,38,46,42,29,31,29,64,68,66,42,45,43,54,55,54,62,64,63,50,50,50,7,8,7,13,14,13,22,23,22,15,16,15,53,330341,J,Fluvisol,Hydromorphic,J14,J14,J2a,Meso-Mediterranean types,865,222,44.036041,3.676009,F12-187,0.708611,0.000018,0.70979,0.000009,Grass,0.001179,Impure carbonate sedimentary rock,Pyrenees,Pyrenees [Impure carbonate sedimentary rock],Ah,Impure carbonate sedimentary rock_Ah,c1,"marls, sandstones, limestones",,T,Mesozoic,Cretaceous,Lower Cretaceous,135-96 Ma,135,96,sedimentary,"aluminous, carbonatic",continental shelf,plissement isopaque,stratification,pyrénéen,not applicable,not applicable,Zone Nord-Pyrénéenne,sediments post-Carboniferouss,Chaînes alpines,sediments et volcanics,701,701,T
France_T2.315,315,POINT (3.1592589999029883 43.150793999943176),315,0,361,362,1,314,43.150794,3.159259,F12-188,q3,0.708876,0.000019,0.708994,0.00001,Grass,0.000118,Sand,Alpine Foreland,Alpine Foreland [Sand],0,0,0,0,0,0,0,0,0,,,,,,0,0,0,,,,,0,,,,,,0,0,,0,0,0,0,0,0,0,0,0,0,0,0,0,0,0,0,0,0,0,0,0,0,0,0,0,0,0,0,0,0,0,0,0,0,0,0,0,0,0,0,0,0,0,,,,,,,,0,379,44.081956,3.629838,F12-188,0.708876,0.000019,0.708994,0.00001,Grass,0.000118,Sand,Alpine Foreland,Alpine Foreland [Sand],Ah,Sand_Ah,q3,"sands, cobbles, mudflat sediments",,M,Cenozoic,Quaternary,Holocene,"0,01-0,00 Ma",0.01,0,sedimentary,"siliceous, aluminous, carbonatic","platform, basin",nulle ou faible,stratification,not applicable,not applicable,not applicable,Indifférencié,Indifférencié,Plateau continental,Couverture sedimentary,11,11,M
France_T2.316,316,POINT (3.005200000079981 43.245962999992514),316,1,363,364,1,315,43.245963,3.0052,F12-190,q3,0.709034,0.000017,0.709427,0.00001,Grass,0.000393,Clay,Massif Central,Massif Central [Clay],10609,10505,10505,2411000064,554000,12,6,4,3,M,l,r,pc,Mlr_pc,1200006000400,1,204,M,Ml,Mlr,Mlr_pc,10505,Mediterranean North,50-100,Calcereous rocks,Permanent crops,Mediterranean-Lowland-Rocks-Permanent crops,99,99,"Mesozoic & Tertiary lowlands and scarplands, Rh“ne rift valley",0,401,77,1,2,33,111,53,40,105,58,29,67,38,62,120,75,34,45,40,51,56,54,57,66,61,47,51,49,4,8,6,10,14,12,19,23,21,12,16,14,66,332760,E,Rendzina,Marginal,J14,J14,J2a,Meso-Mediterranean types,242,17,44.20137,3.492697,F12-190,0.709034,0.000017,0.709427,0.00001,Grass,0.000393,Clay,Massif Central,Massif Central [Clay],Ah,Clay_Ah,q3,"sands, clays, gravels, pebbles",,T,Cenozoic,Quaternary,Holocene,"0,01-0,00 Ma",0.01,0,sedimentary,"siliceous, aluminous",continental,nulle ou faible,stratification,not applicable,not applicable,not applicable,Indifférencié,Indifférencié,Formations superficielles,Formations superficielles,1,1,T
France_T2.317,317,POINT (3.0867960001353367 43.27631100015259),317,1,364,365,1,316,43.276311,3.086796,F12-191,m,0.708927,0.00002,0.709151,0.00001,Grass,0.000224,Impure carbonate sedimentary rock,Pyrenees,Pyrenees [Impure carbonate sedimentary rock],10609,10505,10505,2411000064,554000,12,6,4,3,M,l,r,pc,Mlr_pc,1200006000400,1,204,M,Ml,Mlr,Mlr_pc,10505,Mediterranean North,50-100,Calcereous rocks,Permanent crops,Mediterranean-Lowland-Rocks-Permanent crops,99,99,"Mesozoic & Tertiary lowlands and scarplands, Rh“ne rift valley",0,401,77,1,2,33,111,53,40,105,58,29,67,38,62,120,75,34,45,40,51,56,54,57,66,61,47,51,49,4,8,6,10,14,12,19,23,21,12,16,14,66,332760,E,Rendzina,Marginal,J14,J14,J2a,Meso-Mediterranean types,242,223,44.200004,3.385092,F12-191,0.708927,0.00002,0.709151,0.00001,Grass,0.000224,Impure carbonate sedimentary rock,Pyrenees,Pyrenees [Impure carbonate sedimentary rock],Ah,Impure carbonate sedimentary rock_Ah,m,"marls, conglomerates, sandstones, limestones",,T,Cenozoic,Neogene,Miocene,"23,5-5,30 Ma",23.5,5.3,sedimentary,"siliceous, aluminous, carbonatic",molasse basin,"fracturation, basculement",stratification,alpin,not applicable,not applicable,Zone Nord-Pyrénéenne,sediments post-Carboniferouss,basins et Fossés,sediments et volcanics,241,241,T
France_T2.318,318,POINT (3.170293999768319 43.568867999858355),318,1,367,368,1,317,43.568868,3.170294,F12-194,d,0.708779,0.000013,0.709859,0.000011,Grass,0.00108,Sandstone,Massif Central,Massif Central [Sandstone],10465,10429,10429,1240000000,636000,12,9,12,6,M,h,r,fo,Mhr_fo,1200009001210,1,224,M,Mh,Mhr,Mhr_fo,10429,Mediterranean North,300-500,Crystalline rocks and migmatites,Forest,Mediterranean-Hills-Rocks-Forest,100,100,"Hercynian, Massif Central",52,959,316,5,9,46,124,82,54,110,81,35,72,53,62,122,89,32,42,37,50,55,52,56,64,59,47,50,48,3,7,4,10,13,11,19,22,20,12,15,13,129,332313,B,Cambisol,Good,J15,J15,J2b,Supra-Mediterranean and relict types,79,441,43.803025,3.412942,F12-194,0.708779,0.000013,0.709859,0.000011,Grass,0.00108,Sandstone,Massif Central,Massif Central [Sandstone],Ah,Sandstone_Ah,d,"limestones, shales, sandstones",,T,Paleozoic,Devonian,Devonian,410-355 Ma,410,355,sedimentary,"siliceous, aluminous, carbonatic",continental shelf,plissement isopaque,stratification,varisque,not applicable,not applicable,Complexe de nappes Paleozoics,Indifférencié,Massifs varisques,sediments et volcanics,1581,1581,T
France_T2.319,319,POINT (3.173007999919321 43.69233099977589),319,1,368,369,1,318,43.692331,3.173008,F12-195,r,0.714803,0.000012,0.715184,0.000011,Grass,0.000381,Sandstone,Massif Central,Massif Central [Sandstone],10417,9934,9934,4333000192,1462000,11,10,4,6,M,m,r,fo,Mmr_fo,1100010000410,1,241,M,Mm,Mmr,Mmr_fo,9934,Mediterranean Mountains,500-700,Calcereous rocks,Forest,Mediterranean-Mountains-Rocks-Forest,100,100,"Hercynian, Massif Central",23,1411,580,5,9,58,134,85,61,117,80,39,94,69,69,163,96,29,42,34,48,55,50,55,65,59,45,50,46,-1,6,2,5,12,8,14,22,18,7,15,11,204,330385,I,Lithosol,Poor,F139,F139,F5b,"Montane to altimontane types, partly with fir and spruce",30,442,43.731573,3.285923,F12-195,0.714803,0.000012,0.715184,0.000011,Grass,0.000381,Sandstone,Massif Central,Massif Central [Sandstone],Ah,Sandstone_Ah,r,"sandstones, conglomerates, shales, coals",,T,Paleozoic,Permian,Permian,295-250 Ma,295,250,sedimentary,"siliceous, aluminous, carbonaceous",continental,nulle ou faible,stratification,not applicable,not applicable,not applicable,basin stéphano-Permian du Massif central,Indifférencié,Massifs varisques,sediments et volcanics,1101,1101,T
France_T2.320,320,POINT (2.894586000043887 43.45768200042403),320,1,370,371,1,319,43.457682,2.894586,F12-197,k,0.710346,0.00002,0,0,Grass,0,Schist,Massif Central,Massif Central [Schist],10465,10429,10429,1240000000,636000,12,9,12,6,M,h,r,fo,Mhr_fo,1200009001210,1,224,M,Mh,Mhr,Mhr_fo,10429,Mediterranean North,300-500,Crystalline rocks and migmatites,Forest,Mediterranean-Hills-Rocks-Forest,100,100,"Hercynian, Massif Central",52,959,316,5,9,46,124,82,54,110,81,35,72,53,62,122,89,32,42,37,50,55,52,56,64,59,47,50,48,3,7,4,10,13,11,19,22,20,12,15,13,129,332313,B,Cambisol,Good,J15,J15,J2b,Supra-Mediterranean and relict types,79,483,43.176574,3.095556,F12-197,0.710346,0.00002,0,0,Grass,0,Schist,Massif Central,Massif Central [Schist],Ah,Schist_Ah,k,"shales, sandstones, limestones, quartzites",,T,Paleozoic,Cambrian,Cambrian,540-500 Ma,540,500,sedimentary,"siliceous, aluminous, carbonatic",continental shelf,plissement isopaque,stratification,varisque,not applicable,not applicable,Complexe de nappes Paleozoics,Indifférencié,Massifs varisques,sediments et volcanics,1841,1841,T
France_T2.321,321,POINT (2.6861889999224786 43.48694600005791),321,1,371,372,1,320,43.486946,2.686189,F12-198,bo,0.71595,0.000021,0.716661,0.00001,Grass,0.000711,Mica schist,Massif Central,Massif Central [Mica schist],10465,10429,10429,1240000000,636000,12,9,12,6,M,h,r,fo,Mhr_fo,1200009001210,1,224,M,Mh,Mhr,Mhr_fo,10429,Mediterranean North,300-500,Crystalline rocks and migmatites,Forest,Mediterranean-Hills-Rocks-Forest,100,100,"Hercynian, Massif Central",52,959,316,5,9,46,124,82,54,110,81,35,72,53,62,122,89,32,42,37,50,55,52,56,64,59,47,50,48,3,7,4,10,13,11,19,22,20,12,15,13,129,332313,B,Cambisol,Good,J15,J15,J2b,Supra-Mediterranean and relict types,79,303,43.150794,3.159259,F12-198,0.71595,0.000021,0.716661,0.00001,Grass,0.000711,Mica schist,Massif Central,Massif Central [Mica schist],Ah,Mica schist_Ah,bo,"micaschists, paragneisses",,T,"Proterozoic, Paleozoic","Neoproterozoic, Ordovician","Brioverian, Cambrian, Ordovician",670-435 Ma,670,435,metamorphic,"siliceous, aluminous",indeterminate,"plissement, cisaillement",foliation,varisque,néovarisque,amphibolite,Complexe de nappes Paleozoics,Indifférencié,Massifs varisques,Roches metamorphics,2221,2221,T
France_T2.322,322,POINT (2.387330000079487 43.45852199959069),322,1,372,373,1,321,43.458522,2.38733,F12-199,7,0.719279,0.000017,0.719091,0.00001,Grass,-0.000188,Orthogneiss,Massif Central,Massif Central [Orthogneiss],10447,10486,10486,794000000,284000,11,10,12,6,M,m,r,fo,Mmr_fo,1100010001210,1,241,M,Mm,Mmr,Mmr_fo,10486,Mediterranean Mountains,500-700,Crystalline rocks and migmatites,Forest,Mediterranean-Mountains-Rocks-Forest,100,100,"Hercynian, Massif Central",158,1163,653,6,11,63,119,101,68,108,96,41,68,62,62,117,90,33,39,35,50,53,51,57,60,57,47,49,47,3,6,4,10,12,10,19,22,19,12,14,12,148,332505,L,Luvisol,Good,F82,F82,F5a,Lowland to submontane types,30,342,43.171922,3.070083,F12-199,0.719279,0.000017,0.719091,0.00001,Grass,-0.000188,Orthogneiss,Massif Central,Massif Central [Orthogneiss],Ah,Orthogneiss_Ah,7,anatectic orthogneisses,,T,Paleozoic,"Cambrian, Ordovician","Cambrian, Lower-Middle Ordovician",520-455 Ma,520,455,metamorphic,"siliceous, aluminous",indeterminate,"aplatissement, cisaillement",foliation,varisque,néovarisque,anatexie,Complexe de nappes Paleozoics,Indifférencié,Massifs varisques,Roches orthogneissesiques,1981,1981,T
France_T2.323,323,POINT (2.297877000123492 43.40386199973153),323,1,373,374,1,322,43.403862,2.297877,F12-200,bo,0.716082,0.000027,0,0,Grass,0,Mica schist,Massif Central,Massif Central [Mica schist],10447,10486,10486,794000000,284000,11,10,12,6,M,m,r,fo,Mmr_fo,1100010001210,1,241,M,Mm,Mmr,Mmr_fo,10486,Mediterranean Mountains,500-700,Crystalline rocks and migmatites,Forest,Mediterranean-Mountains-Rocks-Forest,100,100,"Hercynian, Massif Central",158,1163,653,6,11,63,119,101,68,108,96,41,68,62,62,117,90,33,39,35,50,53,51,57,60,57,47,49,47,3,6,4,10,12,10,19,22,19,12,14,12,148,332505,L,Luvisol,Good,F82,F82,F5a,Lowland to submontane types,30,304,43.245963,3.0052,F12-200,0.716082,0.000027,0,0,Grass,0,Mica schist,Massif Central,Massif Central [Mica schist],Ah,Mica schist_Ah,bo,"micaschists, paragneisses",,T,"Proterozoic, Paleozoic","Neoproterozoic, Ordovician","Brioverian, Cambrian, Ordovician",670-435 Ma,670,435,metamorphic,"siliceous, aluminous",indeterminate,"plissement, cisaillement",foliation,varisque,néovarisque,amphibolite,Complexe de nappes Paleozoics,Indifférencié,Massifs varisques,Roches metamorphics,2221,2221,T
France_T2.324,324,POINT (2.207530000309305 43.36375500009325),324,1,375,376,1,323,43.363755,2.20753,F12-202,bo,0.712891,0.000038,0,0,Grass,0,Paragneiss,Massif Central,Massif Central [Paragneiss],10465,10429,10429,1240000000,636000,12,9,12,6,M,h,r,fo,Mhr_fo,1200009001210,1,224,M,Mh,Mhr,Mhr_fo,10429,Mediterranean North,300-500,Crystalline rocks and migmatites,Forest,Mediterranean-Hills-Rocks-Forest,100,100,"Hercynian, Massif Central",52,959,316,5,9,46,124,82,54,110,81,35,72,53,62,122,89,32,42,37,50,55,52,56,64,59,47,50,48,3,7,4,10,13,11,19,22,20,12,15,13,129,332313,B,Cambisol,Good,J15,J15,J2b,Supra-Mediterranean and relict types,79,357,43.438504,3.216622,F12-202,0.712891,0.000038,0,0,Grass,0,Paragneiss,Massif Central,Massif Central [Paragneiss],Ah,Paragneiss_Ah,bo,"micaschists, paragneisses, quartzites",,T,"Proterozoic, Paleozoic","Neoproterozoic, Ordovician","Brioverian, Cambrian, Ordovician",670-435 Ma,670,435,metamorphic,"siliceous, aluminous",indeterminate,"plissement, cisaillement",foliation,varisque,indeterminate,indeterminate,Complexe de nappes Paleozoics,Indifférencié,Massifs varisques,Roches metamorphics,2221,2221,T
France_T2.325,325,POINT (2.237940999777379 43.374828999958424),325,1,376,377,1,324,43.374829,2.237941,F12-203,17,0.716433,0.00003,0,0,Grass,0,Granite,Massif Central,Massif Central [Granite],10447,10486,10486,794000000,284000,11,10,12,6,M,m,r,fo,Mmr_fo,1100010001210,1,241,M,Mm,Mmr,Mmr_fo,10486,Mediterranean Mountains,500-700,Crystalline rocks and migmatites,Forest,Mediterranean-Mountains-Rocks-Forest,100,100,"Hercynian, Massif Central",158,1163,653,6,11,63,119,101,68,108,96,41,68,62,62,117,90,33,39,35,50,53,51,57,60,57,47,49,47,3,6,4,10,12,10,19,22,19,12,14,12,148,332505,L,Luvisol,Good,F82,F82,F5a,Lowland to submontane types,30,113,43.544598,3.184357,F12-203,0.716433,0.00003,0,0,Grass,0,Granite,Massif Central,Massif Central [Granite],Ah,Granite_Ah,17,"monzogranites, granodiorites",,T,Paleozoic,Carboniferous,"Upper Viséan, Namurian",335-305 Ma,335,305,plutonic,subalkaline,continental collision,nulle ou faible,not applicable,not applicable,not applicable,not applicable,Complexe de nappes Paleozoics,Indifférencié,Massifs varisques,Plutons varisques,1321,1327,granitoides calc-alkalines - subalcalins potassiques - T
France_T2.326,326,POINT (2.4182159998685506 43.23363799999373),326,1,379,380,1,325,43.233638,2.418216,F12-206,e2,0.709543,0.000014,0,0,Grass,0,Impure carbonate sedimentary rock,Aquitaine Basin,Aquitaine Basin [Impure carbonate sedimentary rock],10609,10505,10505,2411000064,554000,12,6,4,3,M,l,r,pc,Mlr_pc,1200006000400,1,204,M,Ml,Mlr,Mlr_pc,10505,Mediterranean North,50-100,Calcereous rocks,Permanent crops,Mediterranean-Lowland-Rocks-Permanent crops,99,99,"Mesozoic & Tertiary lowlands and scarplands, Rh“ne rift valley",0,401,77,1,2,33,111,53,40,105,58,29,67,38,62,120,75,34,45,40,51,56,54,57,66,61,47,51,49,4,8,6,10,14,12,19,23,21,12,16,14,66,332760,E,Rendzina,Marginal,J14,J14,J2a,Meso-Mediterranean types,242,175,43.462933,2.894065,F12-206,0.709543,0.000014,0,0,Grass,0,Impure carbonate sedimentary rock,Aquitaine Basin,Aquitaine Basin [Impure carbonate sedimentary rock],Ah,Impure carbonate sedimentary rock_Ah,e2,"marls, clays, limestones, sandstones, conglomerates",,T,Cenozoic,Paleogene,Upper-Middle Eocene,"46,0-33,7 Ma",46,33.7,sedimentary,"siliceous, aluminous, carbonatic","continental, platform",nulle ou faible,stratification,not applicable,not applicable,not applicable,Indifférencié,Indifférencié,basins et Fossés,sediments et volcanics,401,401,T
France_T2.327,327,POINT (2.0968839996968995 43.231520000347814),327,1,380,381,1,326,43.23152,2.096884,F12-207,q2,0.709605,0.00001,0.709813,0.00001,Ivy,0.000208,Clay,Massif Central,Massif Central [Clay],10620,10535,10535,1336000000,524000,12,7,1,3,M,h,s,pc,Mhs_pc,1200007000100,1,230,M,Mh,Mhs,Mhs_pc,10535,Mediterranean North,100-200,River alluvium,Permanent crops,Mediterranean-Hills-Sediments-Permanent crops,99,99,"Mesozoic & Tertiary lowlands and scarplands, Rh“ne rift valley",5,539,170,2,3,41,92,66,49,85,67,34,68,51,53,86,67,33,42,37,51,54,52,57,62,58,47,50,48,4,7,5,10,13,11,20,22,21,13,15,13,92,332486,L,Luvisol,Good,G38,G38,G3,"Sub-Mediterranean and meso-supra-Mediterranean downy oak forests, as well as mixe",204,18,43.457682,2.894586,F12-207,0.709605,0.00001,0.709813,0.00001,Ivy,0.000208,Clay,Massif Central,Massif Central [Clay],Ah,Clay_Ah,q2,"clays, sands, gravels, pebbles",,T,Cenozoic,Quaternary,Middle-Upper Pleistocene,"0,75-0,01 Ma",0.75,0.01,sedimentary,"siliceous, aluminous",continental,nulle ou faible,stratification,not applicable,not applicable,not applicable,Indifférencié,Indifférencié,Formations superficielles,Formations superficielles,21,21,T
France_T2.328,328,POINT (2.403827000016065 43.63096199989644),328,1,381,382,1,327,43.630962,2.403827,F12-208,19,0.718803,0.000016,0,0,Grass,0,Granite,Massif Central,Massif Central [Granite],10317,10177,10177,1964000000,580000,11,9,12,5,M,h,r,ha,Mhr_ha,1100009001210,1,223,M,Mh,Mhr,Mhr_ha,10177,Mediterranean Mountains,300-500,Crystalline rocks and migmatites,Heterogeneous agric. areas,Mediterranean-Hills-Rocks-Heterogeneous agric. areas,100,100,"Hercynian, Massif Central",203,1165,552,4,7,65,134,91,67,117,85,58,82,69,60,125,82,30,36,32,49,52,50,56,60,56,46,48,46,2,5,3,8,11,10,18,20,19,10,13,12,172,332309,B,Cambisol,Good,F82,F82,F5a,Lowland to submontane types,71,114,43.486946,2.686189,F12-208,0.718803,0.000016,0,0,Grass,0,Granite,Massif Central,Massif Central [Granite],Ah,Granite_Ah,19,"monzogranites, granodiorites",,T,Paleozoic,Carboniferous,Stephanian,305-295 Ma,305,295,plutonic,calc-alkaline,continental collision,nulle ou faible,not applicable,not applicable,not applicable,not applicable,Complexe de nappes Paleozoics,Indifférencié,Massifs varisques,Plutons varisques,1301,1306,granitoides calc-alkalines - T
France_T2.329,329,POINT (2.459084000426344 43.61800699962339),329,1,382,383,1,328,43.618007,2.459084,F12-209,k,0.711636,0.000012,0,0,Grass,0,Schist,Massif Central,Massif Central [Schist],10317,10177,10177,1964000000,580000,11,9,12,5,M,h,r,ha,Mhr_ha,1100009001210,1,223,M,Mh,Mhr,Mhr_ha,10177,Mediterranean Mountains,300-500,Crystalline rocks and migmatites,Heterogeneous agric. areas,Mediterranean-Hills-Rocks-Heterogeneous agric. areas,100,100,"Hercynian, Massif Central",203,1165,552,4,7,65,134,91,67,117,85,58,82,69,60,125,82,30,36,32,49,52,50,56,60,56,46,48,46,2,5,3,8,11,10,18,20,19,10,13,12,172,332309,B,Cambisol,Good,F82,F82,F5a,Lowland to submontane types,71,484,43.458522,2.38733,F12-209,0.711636,0.000012,0,0,Grass,0,Schist,Massif Central,Massif Central [Schist],Ah,Schist_Ah,k,"shales, sandstones, limestones",,T,Paleozoic,Cambrian,Cambrian,540-500 Ma,540,500,metamorphic,"siliceous, aluminous, carbonatic",continental shelf,plissement anisopaque,schistosité,varisque,néovarisque,schiste vert,Complexe de nappes Paleozoics,Indifférencié,Massifs varisques,Roches metamorphics,1841,1841,T
France_T2.330,330,POINT (2.431685999609215 43.8649049999658),330,1,383,384,1,329,43.864905,2.431686,F12-210,o,0.713337,0.000029,0,0,Grass,0,Schist,Massif Central,Massif Central [Schist],10317,10177,10177,1964000000,580000,11,9,12,5,M,h,r,ha,Mhr_ha,1100009001210,1,223,M,Mh,Mhr,Mhr_ha,10177,Mediterranean Mountains,300-500,Crystalline rocks and migmatites,Heterogeneous agric. areas,Mediterranean-Hills-Rocks-Heterogeneous agric. areas,100,100,"Hercynian, Massif Central",203,1165,552,4,7,65,134,91,67,117,85,58,82,69,60,125,82,30,36,32,49,52,50,56,60,56,46,48,46,2,5,3,8,11,10,18,20,19,10,13,12,172,332309,B,Cambisol,Good,F82,F82,F5a,Lowland to submontane types,71,485,43.403862,2.297877,F12-210,0.713337,0.000029,0,0,Grass,0,Schist,Massif Central,Massif Central [Schist],Ah,Schist_Ah,o,"shales, greenschists, quartzites",,T,Paleozoic,Ordovician,Ordovician,500-435 Ma,500,435,metamorphic,"siliceous, aluminous",continental shelf,plissement anisopaque,schistosité,varisque,néovarisque,schiste vert,Complexe de nappes Paleozoics,Indifférencié,Massifs varisques,Roches metamorphics,1701,1701,T
France_T2.331,331,POINT (2.5842260004296236 43.88754399985578),331,1,384,385,1,330,43.887544,2.584226,F12-211,b2k,0.718627,0.000085,0,0,Grass,0,Schist,Massif Central,Massif Central [Schist],10317,10177,10177,1964000000,580000,11,9,12,5,M,h,r,ha,Mhr_ha,1100009001210,1,223,M,Mh,Mhr,Mhr_ha,10177,Mediterranean Mountains,300-500,Crystalline rocks and migmatites,Heterogeneous agric. areas,Mediterranean-Hills-Rocks-Heterogeneous agric. areas,100,100,"Hercynian, Massif Central",203,1165,552,4,7,65,134,91,67,117,85,58,82,69,60,125,82,30,36,32,49,52,50,56,60,56,46,48,46,2,5,3,8,11,10,18,20,19,10,13,12,172,332309,B,Cambisol,Good,F82,F82,F5a,Lowland to submontane types,71,486,43.316278,2.326791,F12-211,0.718627,0.000085,0,0,Grass,0,Schist,Massif Central,Massif Central [Schist],Ah,Schist_Ah,b2k,"wackes, sandstones, shales",,T,"Proterozoic, Paleozoic","Neoproterozoic, Cambrian","Upper Brioverian, Cambrian",580-520 Ma,580,520,metamorphic,"siliceous, aluminous",continental shelf,plissement anisopaque,schistosité,varisque,mésovarisque,schiste vert,Domaine allochtone supérieur,Indifférencié,Massifs varisques,Roches metamorphics,2041,2041,T
France_T2.332,332,POINT (2.6921610001301133 43.873191999910944),332,1,385,386,1,331,43.873192,2.692161,F12-212,r,0.72057,0.00002,0,0,Grass,0,Schist,Massif Central,Massif Central [Schist],10417,9934,9934,4333000192,1462000,11,10,4,6,M,m,r,fo,Mmr_fo,1100010000410,1,241,M,Mm,Mmr,Mmr_fo,9934,Mediterranean Mountains,500-700,Calcereous rocks,Forest,Mediterranean-Mountains-Rocks-Forest,100,100,"Hercynian, Massif Central",23,1411,580,5,9,58,134,85,61,117,80,39,94,69,69,163,96,29,42,34,48,55,50,55,65,59,45,50,46,-1,6,2,5,12,8,14,22,18,7,15,11,204,330385,I,Lithosol,Poor,F139,F139,F5b,"Montane to altimontane types, partly with fir and spruce",30,487,43.363755,2.20753,F12-212,0.72057,0.00002,0,0,Grass,0,Schist,Massif Central,Massif Central [Schist],Ah,Schist_Ah,r,"sandstones, conglomerates, shales, coals",,T,Paleozoic,Permian,Permian,295-250 Ma,295,250,sedimentary,"siliceous, aluminous, carbonaceous",continental,nulle ou faible,stratification,not applicable,not applicable,not applicable,basin stéphano-Permian du Massif central,Indifférencié,Massifs varisques,sediments et volcanics,1101,1101,T
France_T2.333,333,POINT (2.9653939999332124 44.01918299999551),333,1,386,387,1,332,44.019183,2.965394,F12-213,j1,0.711239,0.000023,0.712438,0.000009,Grass,0.001199,Impure carbonate sedimentary rock,Massif Central,Massif Central [Impure carbonate sedimentary rock],10184,10229,10229,132000000,164000,11,10,4,2,M,m,r,al,Mmr_al,1100010000400,1,237,M,Mm,Mmr,Mmr_al,10229,Mediterranean Mountains,500-700,Calcereous rocks,Arable land,Mediterranean-Mountains-Rocks-Arable land,100,100,"Hercynian, Massif Central",359,838,603,5,9,69,89,76,67,81,72,66,77,70,74,92,81,32,36,33,49,51,50,57,60,58,46,48,47,2,3,2,8,10,9,18,19,18,10,12,11,128,330385,I,Lithosol,Poor,F139,F139,F5b,"Montane to altimontane types, partly with fir and spruce",53,195,43.374829,2.237941,F12-213,0.711239,0.000023,0.712438,0.000009,Grass,0.001199,Impure carbonate sedimentary rock,Massif Central,Massif Central [Impure carbonate sedimentary rock],Ah,Impure carbonate sedimentary rock_Ah,j1,"marls, dolomites, limestones, sandstones",,T,Mesozoic,Jurassic,Lower Jurassic,203-175 Ma,203,175,sedimentary,"siliceous, aluminous, carbonatic",continental shelf,nulle ou faible,stratification,not applicable,not applicable,not applicable,Causses,Indifférencié,basins et Fossés,sediments et volcanics,901,901,T
France_T2.334,334,POINT (2.8317849997779376 44.25137400020998),334,1,387,388,1,333,44.251374,2.831785,F12-214,7,0.717373,0.000034,0.7185,0.000009,Shrub,0.001127,Orthogneiss,Massif Central,Massif Central [Orthogneiss],10084,9904,9904,2176000000,702000,11,9,12,2,M,h,r,al,Mhr_al,1100009001200,1,220,M,Mh,Mhr,Mhr_al,9904,Mediterranean Mountains,300-500,Crystalline rocks and migmatites,Arable land,Mediterranean-Hills-Rocks-Arable land,100,100,"Hercynian, Massif Central",162,1074,610,3,6,70,98,85,69,85,76,63,86,77,62,88,75,29,33,30,48,50,49,55,58,56,45,47,45,1,4,2,8,10,9,17,19,18,10,12,11,191,332309,B,Cambisol,Good,F82,F82,F5a,Lowland to submontane types,68,343,43.238507,2.412007,F12-214,0.717373,0.000034,0.7185,0.000009,Shrub,0.001127,Orthogneiss,Massif Central,Massif Central [Orthogneiss],Ah,Orthogneiss_Ah,7,anatectic orthogneisses,,T,Paleozoic,"Cambrian, Ordovician","Cambrian, Lower-Middle Ordovician",520-455 Ma,520,455,metamorphic,"siliceous, aluminous",indeterminate,"aplatissement, cisaillement",foliation,varisque,mésovarisque,anatexie,Domaine interne,Indifférencié,Massifs varisques,Roches orthogneissesiques,1981,1981,T
France_T2.335,335,POINT (2.333726000354659 44.3468700000505),335,1,388,389,1,334,44.34687,2.333726,F12-216,k,0.71344,0.000011,0,0,Grass,0,Rhyolitoid,Massif Central,Massif Central [Rhyolitoid],9977,10032,10032,439000000,220000,11,10,12,5,M,m,r,ha,Mmr_ha,1100010001210,1,240,M,Mm,Mmr,Mmr_ha,10032,Mediterranean Mountains,500-700,Crystalline rocks and migmatites,Heterogeneous agric. areas,Mediterranean-Mountains-Rocks-Heterogeneous agric. areas,100,100,"Hercynian, Massif Central",244,782,608,2,5,78,93,86,74,82,77,70,83,77,68,78,73,29,31,30,49,50,49,55,57,55,45,46,45,2,4,2,9,10,9,18,19,18,11,12,11,101,332309,B,Cambisol,Good,F82,F82,F5a,Lowland to submontane types,42,377,43.233638,2.418216,F12-216,0.71344,0.000011,0,0,Grass,0,Rhyolitoid,Massif Central,Massif Central [Rhyolitoid],Ah,Rhyolitoid_Ah,k,"rhyodacites, porphyritic rocks, ignimbrites",,T,Paleozoic,Cambrian,Cambrian,540-500 Ma,540,500,metamorphic,"tholeiitic, peralkaline",continental extension,plissement anisopaque,schistosité,varisque,mésovarisque,schiste vert,Domaine externe,Indifférencié,Massifs varisques,Roches metamorphics,1841,1843,volcanisme acide - tholeiitic à peralcalin - T
France_T2.336,336,POINT (2.645511000032684 44.999002999988534),336,1,389,390,1,335,44.999003,2.645511,F12-218,gm (m-t-p),0.705328,0.00001,0.705341,0.000008,Grass,0.000013,Trachytoid,Massif Central,Massif Central [Trachytoid],9646,9271,9271,4057999872,1192000,5,12,13,4,Z,m,r,pa,Zmr_pa,500012001304,1,174,Z,Zm,Zmr,Zmr_pa,9271,Alpine South,900-1100,Volcanic rocks,Pastures,Alpine-Mountains-Rocks-Pastures,100,100,"Hercynian, Massif Central",488,1589,990,4,8,46,143,93,53,108,84,68,122,99,63,126,98,27,31,28,44,47,45,52,57,54,42,44,42,-2,2,-1,4,9,6,13,17,15,6,10,8,166,330525,T,Andosol,Good,F140,F140,F5b,"Montane to altimontane types, partly with fir and spruce",20,523,43.630962,2.403827,F12-218,0.705328,0.00001,0.705341,0.000008,Grass,0.000013,"Volcanics (Basanites, Tephrites, Pyroclastica, Trachytes)",Massif Central,"Massif Central [Volcanics (Basanites, Tephrites, Pyroclastica, Trachytes)]",Ah,"Volcanics (Basanites, Tephrites, Pyroclastica, Trachytes)_Ah",gm (m-t-p),"mugearites, trachytes, phonolites",,T,Cenozoic,"Paleogene, Neogene","Oligocene, Miocene","33,7-5,30 Ma",33.7,5.3,volcanic,"tholeiitic, peralkaline",continental extension,nulle ou faible,not applicable,not applicable,not applicable,not applicable,Volcanisme péri-alpin,Indifférencié,Volcanisme péri-alpin,volcanics Cenozoics,361,361,T
France_T2.337,337,POINT (2.7291030004031995 45.083318000425436),337,1,390,391,1,336,45.083318,2.729103,F12-219,gm (m-t-p),0.704802,0.000006,0.705135,0.000013,Grass,0.000333,Trachytoid,Massif Central,Massif Central [Trachytoid],9547,9597,9597,248000000,178000,6,13,13,6,C,m,r,fo,Cmr_fo,600013001306,1,300,C,Cm,Cmr,Cmr_fo,9597,Continental,1100-1500,Volcanic rocks,Forest,Continental-Mountains-Rocks-Forest,100,100,"Hercynian, Massif Central",777,1684,1267,10,19,85,129,110,83,103,96,95,117,108,98,121,112,29,30,29,45,47,45,54,55,54,43,44,43,-1,1,-1,5,8,5,14,17,14,7,10,7,183,330528,T,Andosol,Good,F140,F140,F5b,"Montane to altimontane types, partly with fir and spruce",41,524,43.618007,2.459084,F12-219,0.704802,0.000006,0.705135,0.000013,Grass,0.000333,"Volcanics (Basanites, Tephrites, Pyroclastica, Trachytes)",Massif Central,"Massif Central [Volcanics (Basanites, Tephrites, Pyroclastica, Trachytes)]",Ah,"Volcanics (Basanites, Tephrites, Pyroclastica, Trachytes)_Ah",gm (m-t-p),"mugearites, trachytes, phonolites",,T,Cenozoic,"Paleogene, Neogene","Oligocene, Miocene","33,7-5,30 Ma",33.7,5.3,volcanic,"tholeiitic, peralkaline",continental extension,nulle ou faible,not applicable,not applicable,not applicable,not applicable,Volcanisme péri-alpin,Indifférencié,Volcanisme péri-alpin,volcanics Cenozoics,361,361,T
France_T2.338,338,POINT (2.7338020003620613 45.08180900008534),338,1,391,392,1,337,45.081809,2.733802,F12-220,gm (m-t-p),0.705242,0.000007,0.705436,0.00001,Grass,0.000194,Trachytoid,Massif Central,Massif Central [Trachytoid],9547,9597,9597,248000000,178000,6,13,13,6,C,m,r,fo,Cmr_fo,600013001306,1,300,C,Cm,Cmr,Cmr_fo,9597,Continental,1100-1500,Volcanic rocks,Forest,Continental-Mountains-Rocks-Forest,100,100,"Hercynian, Massif Central",777,1684,1267,10,19,85,129,110,83,103,96,95,117,108,98,121,112,29,30,29,45,47,45,54,55,54,43,44,43,-1,1,-1,5,8,5,14,17,14,7,10,7,183,330528,T,Andosol,Good,F140,F140,F5b,"Montane to altimontane types, partly with fir and spruce",41,525,43.864905,2.431686,F12-220,0.705242,0.000007,0.705436,0.00001,Grass,0.000194,"Volcanics (Basanites, Tephrites, Pyroclastica, Trachytes)",Massif Central,"Massif Central [Volcanics (Basanites, Tephrites, Pyroclastica, Trachytes)]",Ah,"Volcanics (Basanites, Tephrites, Pyroclastica, Trachytes)_Ah",gm (m-t-p),"mugearites, trachytes, phonolites",,T,Cenozoic,"Paleogene, Neogene","Oligocene, Miocene","33,7-5,30 Ma",33.7,5.3,volcanic,"tholeiitic, peralkaline",continental extension,nulle ou faible,not applicable,not applicable,not applicable,not applicable,Volcanisme péri-alpin,Indifférencié,Volcanisme péri-alpin,volcanics Cenozoics,361,361,T
France_T2.339,339,POINT (2.8733680000332242 45.102937999589074),339,1,392,393,1,338,45.102938,2.873368,F12-221,gm (b-h-t),0.704702,0.000006,0.705201,0.000007,Grass,0.000499,"Volcanics (Basanites, Tephrites, Pyroclastica)",Massif Central,"Massif Central [Volcanics (Basanites, Tephrites, Pyroclastica)]",9646,9271,9271,4057999872,1192000,5,12,13,4,Z,m,r,pa,Zmr_pa,500012001304,1,174,Z,Zm,Zmr,Zmr_pa,9271,Alpine South,900-1100,Volcanic rocks,Pastures,Alpine-Mountains-Rocks-Pastures,100,100,"Hercynian, Massif Central",488,1589,990,4,8,46,143,93,53,108,84,68,122,99,63,126,98,27,31,28,44,47,45,52,57,54,42,44,42,-2,2,-1,4,9,6,13,17,15,6,10,8,166,330525,T,Andosol,Good,F140,F140,F5b,"Montane to altimontane types, partly with fir and spruce",20,526,43.887544,2.584226,F12-221,0.704702,0.000006,0.705201,0.000007,Grass,0.000499,"Volcanics (Basanites, Tephrites, Pyroclastica, Trachytes)",Massif Central,"Massif Central [Volcanics (Basanites, Tephrites, Pyroclastica, Trachytes)]",Ah,"Volcanics (Basanites, Tephrites, Pyroclastica, Trachytes)_Ah",gm (b-h-t),"basanites, hawaiites, tephrites",,T,Cenozoic,"Paleogene, Neogene","Oligocene, Miocene","33,7-5,30 Ma",33.7,5.3,volcanic,"tholeiitic, peralkaline",continental extension,nulle ou faible,not applicable,not applicable,not applicable,not applicable,Volcanisme péri-alpin,Indifférencié,Volcanisme péri-alpin,volcanics Cenozoics,341,341,T
France_T2.340,340,POINT (2.904592000120772 45.10150800019409),340,1,393,394,1,339,45.101508,2.904592,F12-222,q2,0.704676,0.000006,0.704027,0.000007,Grass,-0.000649,"Volcanics (Basanites, Tephrites, Pyroclastica)",Massif Central,"Massif Central [Volcanics (Basanites, Tephrites, Pyroclastica)]",9646,9271,9271,4057999872,1192000,5,12,13,4,Z,m,r,pa,Zmr_pa,500012001304,1,174,Z,Zm,Zmr,Zmr_pa,9271,Alpine South,900-1100,Volcanic rocks,Pastures,Alpine-Mountains-Rocks-Pastures,100,100,"Hercynian, Massif Central",488,1589,990,4,8,46,143,93,53,108,84,68,122,99,63,126,98,27,31,28,44,47,45,52,57,54,42,44,42,-2,2,-1,4,9,6,13,17,15,6,10,8,166,330525,T,Andosol,Good,F140,F140,F5b,"Montane to altimontane types, partly with fir and spruce",20,527,43.873192,2.692161,F12-222,0.704676,0.000006,0.704027,0.000007,Grass,-0.000649,"Volcanics (Basanites, Tephrites, Pyroclastica, Trachytes)",Massif Central,"Massif Central [Volcanics (Basanites, Tephrites, Pyroclastica, Trachytes)]",Ah,"Volcanics (Basanites, Tephrites, Pyroclastica, Trachytes)_Ah",q2,"clays, cobbles, boulders",,T,Cenozoic,Quaternary,Middle-Upper Pleistocene,"0,75-0,01 Ma",0.75,0.01,sedimentary,"siliceous, aluminous",continental,nulle ou faible,stratification,not applicable,not applicable,not applicable,Indifférencié,Indifférencié,Formations superficielles,Formations superficielles,21,23,"dépôts glaciaires, moraines - T"
France_T2.341,341,POINT (3.17612000043772 44.97377799955507),341,1,394,395,1,340,44.973778,3.17612,F12-223,gla (f-p),0.718758,0.000007,0.718355,0.00001,Moss,-0.000403,Orthogneiss,Massif Central,Massif Central [Orthogneiss],9646,9271,9271,4057999872,1192000,5,12,13,4,Z,m,r,pa,Zmr_pa,500012001304,1,174,Z,Zm,Zmr,Zmr_pa,9271,Alpine South,900-1100,Volcanic rocks,Pastures,Alpine-Mountains-Rocks-Pastures,100,100,"Hercynian, Massif Central",488,1589,990,4,8,46,143,93,53,108,84,68,122,99,63,126,98,27,31,28,44,47,45,52,57,54,42,44,42,-2,2,-1,4,9,6,13,17,15,6,10,8,166,330525,T,Andosol,Good,F140,F140,F5b,"Montane to altimontane types, partly with fir and spruce",20,344,44.019183,2.965394,F12-223,0.718758,0.000007,0.718355,0.00001,Moss,-0.000403,Orthogneiss,Massif Central,Massif Central [Orthogneiss],Zm,Orthogneiss_Zm,gla (f-p),"leptynites, amphibolites, eclogites",,T,Paleozoic,Paleozoic,"Cambrian, Ordovician",540-435 Ma,540,435,metamorphic,"siliceous, aluminous, magnesium",continental extension,"aplatissement, cisaillement",foliation,varisque,mésovarisque,amphibolite,Domaine interne,Indifférencié,Massifs varisques,Roches orthogneissesiques,1901,1901,T
France_T2.342,342,POINT (3.2633729996642273 44.87982799996229),342,1,395,396,1,341,44.879828,3.263373,F12-224,17,0.717445,0.000007,0,0,Moss,0,Granite,Massif Central,Massif Central [Granite],9921,9652,9652,4257999872,1250000,5,12,12,4,Z,m,r,pa,Zmr_pa,500012001204,1,174,Z,Zm,Zmr,Zmr_pa,9652,Alpine South,900-1100,Crystalline rocks and migmatites,Pastures,Alpine-Mountains-Rocks-Pastures,100,100,"Hercynian, Massif Central",482,1603,1016,4,7,39,101,67,50,107,71,66,94,74,60,151,93,29,35,31,46,50,47,55,60,57,43,46,44,-2,2,-1,4,9,6,13,17,15,6,10,8,169,330518,U,Ranker,Marginal,F92,F92,F5b,"Montane to altimontane types, partly with fir and spruce",20,115,44.251374,2.831785,F12-224,0.717445,0.000007,0,0,Moss,0,Granite,Massif Central,Massif Central [Granite],Mh,Granite_Mh,17,"monzogranites, granodiorites",,T,Paleozoic,Carboniferous,"Upper Viséan, Namurian",335-305 Ma,335,305,plutonic,peraluminous,continental collision,nulle ou faible,not applicable,not applicable,not applicable,not applicable,Domaine interne,Indifférencié,Massifs varisques,Plutons varisques,1321,1326,granitoides peraluminous - granites et granodiorites - T
France_T2.343,343,POINT (3.132035999961488 45.10922399988772),343,1,396,397,1,342,45.109224,3.132036,F12-225,pq1 (b-h-t),0.704444,0.000007,0.704807,0.00001,Grass,0.000363,"Volcanics (Basanites, Tephrites, Pyroclastica)",Massif Central,"Massif Central [Volcanics (Basanites, Tephrites, Pyroclastica)]",9646,9271,9271,4057999872,1192000,5,12,13,4,Z,m,r,pa,Zmr_pa,500012001304,1,174,Z,Zm,Zmr,Zmr_pa,9271,Alpine South,900-1100,Volcanic rocks,Pastures,Alpine-Mountains-Rocks-Pastures,100,100,"Hercynian, Massif Central",488,1589,990,4,8,46,143,93,53,108,84,68,122,99,63,126,98,27,31,28,44,47,45,52,57,54,42,44,42,-2,2,-1,4,9,6,13,17,15,6,10,8,166,330525,T,Andosol,Good,F140,F140,F5b,"Montane to altimontane types, partly with fir and spruce",20,528,44.256242,2.720291,F12-225,0.704444,0.000007,0.704807,0.00001,Grass,0.000363,"Volcanics (Basanites, Tephrites, Pyroclastica, Trachytes)",Massif Central,"Massif Central [Volcanics (Basanites, Tephrites, Pyroclastica, Trachytes)]",Mh,"Volcanics (Basanites, Tephrites, Pyroclastica, Trachytes)_Mh",pq1 (b-h-t),"basanites, hawaiites, benmoreites, tephrites",,T,Cenozoic,"Neogene, Quaternary","Pliocene, Lower Pleistocene","5,30-0,75 Ma",5.3,0.75,volcanic,"tholeiitic, peralkaline",continental extension,nulle ou faible,not applicable,not applicable,not applicable,not applicable,Volcanisme péri-alpin,Indifférencié,Volcanisme péri-alpin,volcanics Cenozoics,181,181,T
France_T2.344,344,POINT (3.1448009995665416 45.131915000377035),344,1,397,398,1,343,45.131915,3.144801,F12-226,ko,0.711513,0.000009,0.711563,0.000009,Grass,0.00005,Migmatite,Massif Central,Massif Central [Migmatite],9646,9271,9271,4057999872,1192000,5,12,13,4,Z,m,r,pa,Zmr_pa,500012001304,1,174,Z,Zm,Zmr,Zmr_pa,9271,Alpine South,900-1100,Volcanic rocks,Pastures,Alpine-Mountains-Rocks-Pastures,100,100,"Hercynian, Massif Central",488,1589,990,4,8,46,143,93,53,108,84,68,122,99,63,126,98,27,31,28,44,47,45,52,57,54,42,44,42,-2,2,-1,4,9,6,13,17,15,6,10,8,166,330525,T,Andosol,Good,F140,F140,F5b,"Montane to altimontane types, partly with fir and spruce",20,319,44.34687,2.333726,F12-226,0.711513,0.000009,0.711563,0.000009,Grass,0.00005,Migmatite,Massif Central,Massif Central [Migmatite],Mh,Migmatite_Mh,ko,para-migmatites,,T,Paleozoic,"Cambrian, Ordovician","Cambrian, Ordovician",540-435 Ma,540,435,metamorphic,"siliceous, aluminous",indeterminate,"cisaillement, écoulement",foliation,varisque,mésovarisque,anatexie,Domaine interne,Indifférencié,Massifs varisques,Roches metamorphics,1861,1861,T
France_T2.345,345,POINT (3.181023999957688 45.20280499955112),345,1,398,399,1,344,45.202805,3.181024,F12-227,bk,0.715631,0.00001,0,0,Grass,0,Granite,Massif Central,Massif Central [Granite],9864,9591,9591,867000000,614000,5,13,12,6,Z,m,r,fo,Zmr_fo,500013001206,1,175,Z,Zm,Zmr,Zmr_fo,9591,Alpine South,1100-1500,Crystalline rocks and migmatites,Forest,Alpine-Mountains-Rocks-Forest,100,100,"Hercynian, Massif Central",542,1507,1076,5,10,41,78,54,50,90,61,68,90,71,58,125,77,29,34,30,46,48,46,55,58,56,43,45,43,-1,2,-1,5,9,6,14,18,15,7,10,8,234,332292,B,Cambisol,Good,F92,F92,F5b,"Montane to altimontane types, partly with fir and spruce",18,116,44.504836,2.235237,F12-227,0.715631,0.00001,0,0,Grass,0,Granite,Massif Central,Massif Central [Granite],Mh,Granite_Mh,bk,"paragneisses, leptynites, amphibolites",,T,"Proterozoic, Paleozoic","Neoproterozoic, Cambrian","Brioverian, Cambrian",670-500 Ma,670,500,metamorphic,"siliceous, aluminous, magnesium",indeterminate,"plissement, cisaillement",foliation,varisque,mésovarisque,amphibolite,Domaine interne,Indifférencié,Massifs varisques,Roches metamorphics,2201,2201,T
France_T2.346,346,POINT (3.3039320003615558 45.21002599980011),346,1,399,400,1,345,45.210026,3.303932,F12-228,6,0.718023,0.000009,0.718245,0.000009,Grass,0.000222,Orthogneiss,Massif Central,Massif Central [Orthogneiss],9864,9591,9591,867000000,614000,5,13,12,6,Z,m,r,fo,Zmr_fo,500013001206,1,175,Z,Zm,Zmr,Zmr_fo,9591,Alpine South,1100-1500,Crystalline rocks and migmatites,Forest,Alpine-Mountains-Rocks-Forest,100,100,"Hercynian, Massif Central",542,1507,1076,5,10,41,78,54,50,90,61,68,90,71,58,125,77,29,34,30,46,48,46,55,58,56,43,45,43,-1,2,-1,5,9,6,14,18,15,7,10,8,234,332292,B,Cambisol,Good,F92,F92,F5b,"Montane to altimontane types, partly with fir and spruce",18,345,44.999003,2.645511,F12-228,0.718023,0.000009,0.718245,0.000009,Grass,0.000222,Orthogneiss,Massif Central,Massif Central [Orthogneiss],Mh,Orthogneiss_Mh,6,granitic orthogneisses,,T,"Proterozoic, Paleozoic","Neoproterozoic, Cambrian","Upper Brioverian, Cambrian",580-500 Ma,580,500,metamorphic,"siliceous, aluminous",indeterminate,"aplatissement, cisaillement",foliation,varisque,mésovarisque,amphibolite,Domaine interne,Indifférencié,Massifs varisques,Roches orthogneissesiques,2081,2081,T
France_T2.347,347,POINT (2.9805100000365314 45.16007500036102),347,1,400,401,1,346,45.160075,2.98051,F12-229,pq1 (b-h-t),0.704424,0.000009,0.704633,0.000009,Shrub,0.000209,"Volcanics (Basanites, Tephrites, Pyroclastica)",Massif Central,"Massif Central [Volcanics (Basanites, Tephrites, Pyroclastica)]",9646,9271,9271,4057999872,1192000,5,12,13,4,Z,m,r,pa,Zmr_pa,500012001304,1,174,Z,Zm,Zmr,Zmr_pa,9271,Alpine South,900-1100,Volcanic rocks,Pastures,Alpine-Mountains-Rocks-Pastures,100,100,"Hercynian, Massif Central",488,1589,990,4,8,46,143,93,53,108,84,68,122,99,63,126,98,27,31,28,44,47,45,52,57,54,42,44,42,-2,2,-1,4,9,6,13,17,15,6,10,8,166,330525,T,Andosol,Good,F140,F140,F5b,"Montane to altimontane types, partly with fir and spruce",20,529,45.083318,2.729103,F12-229,0.704424,0.000009,0.704633,0.000009,Shrub,0.000209,"Volcanics (Basanites, Tephrites, Pyroclastica, Trachytes)",Massif Central,"Massif Central [Volcanics (Basanites, Tephrites, Pyroclastica, Trachytes)]",Zm,"Volcanics (Basanites, Tephrites, Pyroclastica, Trachytes)_Zm",pq1 (b-h-t),"basanites, hawaiites, benmoreites, tephrites",,T,Cenozoic,"Neogene, Quaternary","Pliocene, Lower Pleistocene","5,30-0,75 Ma",5.3,0.75,volcanic,"tholeiitic, peralkaline",continental extension,nulle ou faible,not applicable,not applicable,not applicable,not applicable,Volcanisme péri-alpin,Indifférencié,Volcanisme péri-alpin,volcanics Cenozoics,181,181,T
France_T2.348,348,POINT (2.9355499996328263 45.206133000137925),348,1,401,402,1,347,45.206133,2.93555,F12-230,pq1 (b-h-t),0.703995,0.000006,0.704034,0.000009,Grass,0.000039,"Volcanics (Basanites, Tephrites, Pyroclastica)",Massif Central,"Massif Central [Volcanics (Basanites, Tephrites, Pyroclastica)]",9646,9271,9271,4057999872,1192000,5,12,13,4,Z,m,r,pa,Zmr_pa,500012001304,1,174,Z,Zm,Zmr,Zmr_pa,9271,Alpine South,900-1100,Volcanic rocks,Pastures,Alpine-Mountains-Rocks-Pastures,100,100,"Hercynian, Massif Central",488,1589,990,4,8,46,143,93,53,108,84,68,122,99,63,126,98,27,31,28,44,47,45,52,57,54,42,44,42,-2,2,-1,4,9,6,13,17,15,6,10,8,166,330525,T,Andosol,Good,F140,F140,F5b,"Montane to altimontane types, partly with fir and spruce",20,530,45.081809,2.733802,F12-230,0.703995,0.000006,0.704034,0.000009,Grass,0.000039,"Volcanics (Basanites, Tephrites, Pyroclastica, Trachytes)",Massif Central,"Massif Central [Volcanics (Basanites, Tephrites, Pyroclastica, Trachytes)]",Zm,"Volcanics (Basanites, Tephrites, Pyroclastica, Trachytes)_Zm",pq1 (b-h-t),"basanites, hawaiites, benmoreites, tephrites",,T,Cenozoic,"Neogene, Quaternary","Pliocene, Lower Pleistocene","5,30-0,75 Ma",5.3,0.75,volcanic,"tholeiitic, peralkaline",continental extension,nulle ou faible,not applicable,not applicable,not applicable,not applicable,Volcanisme péri-alpin,Indifférencié,Volcanisme péri-alpin,volcanics Cenozoics,181,181,T
France_T2.349,349,POINT (2.492794000043091 44.819829000308175),349,1,402,403,1,348,44.819829,2.492794,F12-231,bk,0.71095,0.00001,0,0,Grass,0,Paragneiss,Massif Central,Massif Central [Paragneiss],9695,9586,9586,1642000000,318000,11,10,12,4,M,m,r,pa,Mmr_pa,1100010001200,1,239,M,Mm,Mmr,Mmr_pa,9586,Mediterranean Mountains,500-700,Crystalline rocks and migmatites,Pastures,Mediterranean-Mountains-Rocks-Pastures,100,100,"Hercynian, Massif Central",248,822,603,3,5,91,142,118,73,108,93,84,122,105,82,126,103,27,30,28,46,48,47,54,56,54,43,44,43,1,4,2,7,10,8,16,18,16,9,12,10,83,332326,B,Cambisol,Good,F82,F82,F5a,Lowland to submontane types,28,358,45.102938,2.873368,F12-231,0.71095,0.00001,0,0,Grass,0,Paragneiss,Massif Central,Massif Central [Paragneiss],Zm,Paragneiss_Zm,bk,"paragneisses, leptynites, amphibolites",,T,"Proterozoic, Paleozoic","Neoproterozoic, Cambrian","Brioverian, Cambrian",670-500 Ma,670,500,metamorphic,"siliceous, aluminous, magnesium",indeterminate,"plissement, cisaillement",foliation,varisque,mésovarisque,amphibolite,Domaine interne,Indifférencié,Massifs varisques,Roches metamorphics,2201,2201,T
France_T2.350,350,POINT (2.665142999749662 45.06119199991093),350,1,403,404,1,349,45.061192,2.665143,F12-232,gm (m-t-p),0.705829,0.000013,0,0,Grass,0,Trachytoid,Massif Central,Massif Central [Trachytoid],9547,9597,9597,248000000,178000,6,13,13,6,C,m,r,fo,Cmr_fo,600013001306,1,300,C,Cm,Cmr,Cmr_fo,9597,Continental,1100-1500,Volcanic rocks,Forest,Continental-Mountains-Rocks-Forest,100,100,"Hercynian, Massif Central",777,1684,1267,10,19,85,129,110,83,103,96,95,117,108,98,121,112,29,30,29,45,47,45,54,55,54,43,44,43,-1,1,-1,5,8,5,14,17,14,7,10,7,183,330528,T,Andosol,Good,F140,F140,F5b,"Montane to altimontane types, partly with fir and spruce",41,531,45.101508,2.904592,F12-232,0.705829,0.000013,0,0,Grass,0,"Volcanics (Basanites, Tephrites, Pyroclastica, Trachytes)",Massif Central,"Massif Central [Volcanics (Basanites, Tephrites, Pyroclastica, Trachytes)]",Zm,"Volcanics (Basanites, Tephrites, Pyroclastica, Trachytes)_Zm",gm (m-t-p),"mugearites, trachytes, phonolites",,T,Cenozoic,"Paleogene, Neogene","Oligocene, Miocene","33,7-5,30 Ma",33.7,5.3,volcanic,"tholeiitic, peralkaline",continental extension,nulle ou faible,not applicable,not applicable,not applicable,not applicable,Volcanisme péri-alpin,Indifférencié,Volcanisme péri-alpin,volcanics Cenozoics,361,361,T
France_T2.351,351,POINT (2.670272999799124 45.10240200005234),351,1,404,405,1,350,45.102402,2.670273,F12-233,gm (m-t-p),0.705762,0.000015,0.705872,0.000008,Grass,0.00011,Trachytoid,Massif Central,Massif Central [Trachytoid],9547,9597,9597,248000000,178000,6,13,13,6,C,m,r,fo,Cmr_fo,600013001306,1,300,C,Cm,Cmr,Cmr_fo,9597,Continental,1100-1500,Volcanic rocks,Forest,Continental-Mountains-Rocks-Forest,100,100,"Hercynian, Massif Central",777,1684,1267,10,19,85,129,110,83,103,96,95,117,108,98,121,112,29,30,29,45,47,45,54,55,54,43,44,43,-1,1,-1,5,8,5,14,17,14,7,10,7,183,330528,T,Andosol,Good,F140,F140,F5b,"Montane to altimontane types, partly with fir and spruce",41,532,44.973778,3.17612,F12-233,0.705762,0.000015,0.705872,0.000008,Grass,0.00011,"Volcanics (Basanites, Tephrites, Pyroclastica, Trachytes)",Massif Central,"Massif Central [Volcanics (Basanites, Tephrites, Pyroclastica, Trachytes)]",Zm,"Volcanics (Basanites, Tephrites, Pyroclastica, Trachytes)_Zm",gm (m-t-p),"mugearites, trachytes, phonolites",,T,Cenozoic,"Paleogene, Neogene","Oligocene, Miocene","33,7-5,30 Ma",33.7,5.3,volcanic,"tholeiitic, peralkaline",continental extension,nulle ou faible,not applicable,not applicable,not applicable,not applicable,Volcanisme péri-alpin,Indifférencié,Volcanisme péri-alpin,volcanics Cenozoics,361,361,T
France_T2.352,352,POINT (2.217273999995143 45.27086799965849),352,1,406,407,1,351,45.270868,2.217274,F12-235,bk,0.71904,0.000015,0,0,Grass,0,Granite,Massif Central,Massif Central [Granite],9427,9055,9055,3000999936,930000,5,10,12,6,Z,m,r,fo,Zmr_fo,500010001206,1,175,Z,Zm,Zmr,Zmr_fo,9055,Alpine South,500-700,Crystalline rocks and migmatites,Forest,Alpine-Mountains-Rocks-Forest,100,100,"Hercynian, Massif Central",287,858,585,3,5,88,144,123,67,106,94,78,121,106,87,127,113,26,28,27,45,47,46,51,54,52,42,44,42,0,4,2,7,10,8,15,18,16,9,11,10,68,332326,B,Cambisol,Good,F82,F82,F5a,Lowland to submontane types,18,117,45.109224,3.132036,F12-235,0.71904,0.000015,0,0,Grass,0,Granite,Massif Central,Massif Central [Granite],Zm,Granite_Zm,bk,"paragneisses, leptynites, amphibolites",,T,"Proterozoic, Paleozoic","Neoproterozoic, Cambrian","Brioverian, Cambrian",670-500 Ma,670,500,metamorphic,"siliceous, aluminous, magnesium",indeterminate,"plissement, cisaillement",foliation,varisque,mésovarisque,amphibolite,Domaine interne,Indifférencié,Massifs varisques,Roches metamorphics,2201,2201,T
France_T2.353,353,POINT (1.7629680001731458 45.331105000395496),353,1,407,408,1,352,45.331105,1.762968,F12-236,ko,0.707903,0.000021,0,0,Grass,0,Paragneiss,Massif Central,Massif Central [Paragneiss],9458,8923,8923,5384999936,1572000,7,9,12,4,A,h,r,pa,Ahr_pa,700009001204,1,111,A,Ah,Ahr,Ahr_pa,8923,Atlantic Central,300-500,Crystalline rocks and migmatites,Pastures,Atlantic-Hills-Rocks-Pastures,100,100,"Hercynian, Massif Central",146,738,394,2,4,74,144,93,54,106,71,65,121,83,74,127,87,26,28,26,46,48,46,51,54,51,41,44,42,2,5,3,8,11,9,16,20,17,10,13,11,69,332309,B,Cambisol,Good,F82,F82,F5a,Lowland to submontane types,71,359,45.131915,3.144801,F12-236,0.707903,0.000021,0,0,Grass,0,Paragneiss,Massif Central,Massif Central [Paragneiss],Zm,Paragneiss_Zm,ko,plagioclase paragneisses,,T,Paleozoic,"Cambrian, Ordovician","Cambrian, Ordovician",540-435 Ma,540,435,metamorphic,"siliceous, aluminous",indeterminate,"plissement, cisaillement",foliation,varisque,mésovarisque,amphibolite,Domaine interne,Indifférencié,Massifs varisques,Roches metamorphics,1861,1861,T
France_T2.354,354,POINT (1.656576999728827 45.4577519996551),354,1,408,409,1,353,45.457752,1.656577,F12-237,ko,0.708362,0.000007,0.709076,0.000009,Grass,0.000714,Paragneiss,Massif Central,Massif Central [Paragneiss],9458,8923,8923,5384999936,1572000,7,9,12,4,A,h,r,pa,Ahr_pa,700009001204,1,111,A,Ah,Ahr,Ahr_pa,8923,Atlantic Central,300-500,Crystalline rocks and migmatites,Pastures,Atlantic-Hills-Rocks-Pastures,100,100,"Hercynian, Massif Central",146,738,394,2,4,74,144,93,54,106,71,65,121,83,74,127,87,26,28,26,46,48,46,51,54,51,41,44,42,2,5,3,8,11,9,16,20,17,10,13,11,69,332309,B,Cambisol,Good,F82,F82,F5a,Lowland to submontane types,71,360,45.202805,3.181024,F12-237,0.708362,0.000007,0.709076,0.000009,Grass,0.000714,Paragneiss,Massif Central,Massif Central [Paragneiss],Zm,Paragneiss_Zm,ko,plagioclase paragneisses,,T,Paleozoic,"Cambrian, Ordovician","Cambrian, Ordovician",540-435 Ma,540,435,metamorphic,"siliceous, aluminous",indeterminate,"plissement, cisaillement",foliation,varisque,mésovarisque,amphibolite,Domaine interne,Indifférencié,Massifs varisques,Roches metamorphics,1861,1861,T
France_T2.355,355,POINT (1.6713809998333318 45.454129999899635),355,1,409,410,1,354,45.45413,1.671381,F12-238,ko,0.710217,0.00001,0.709414,0.00001,Grass,-0.000803,Paragneiss,Massif Central,Massif Central [Paragneiss],9458,8923,8923,5384999936,1572000,7,9,12,4,A,h,r,pa,Ahr_pa,700009001204,1,111,A,Ah,Ahr,Ahr_pa,8923,Atlantic Central,300-500,Crystalline rocks and migmatites,Pastures,Atlantic-Hills-Rocks-Pastures,100,100,"Hercynian, Massif Central",146,738,394,2,4,74,144,93,54,106,71,65,121,83,74,127,87,26,28,26,46,48,46,51,54,51,41,44,42,2,5,3,8,11,9,16,20,17,10,13,11,69,332309,B,Cambisol,Good,F82,F82,F5a,Lowland to submontane types,71,361,45.210026,3.303932,F12-238,0.710217,0.00001,0.709414,0.00001,Grass,-0.000803,Paragneiss,Massif Central,Massif Central [Paragneiss],Zm,Paragneiss_Zm,ko,plagioclase paragneisses,,T,Paleozoic,"Cambrian, Ordovician","Cambrian, Ordovician",540-435 Ma,540,435,metamorphic,"siliceous, aluminous",indeterminate,"plissement, cisaillement",foliation,varisque,mésovarisque,amphibolite,Domaine interne,Indifférencié,Massifs varisques,Roches metamorphics,1861,1861,T
France_T2.356,356,POINT (-1.1102619996914882 46.46736899957972),356,1,410,411,1,355,46.467369,-1.110262,F13-001,j2,0.709243,0.000029,0.70958,0.000012,Grass,0.000337,Limestone,Aquitaine Basin,Aquitaine Basin [Limestone],8655,8636,8636,851000000,402000,9,5,4,2,A,l,r,al,Alr_al,900005000402,1,84,A,Al,Alr,Alr_al,8636,Lusitanian,20-50,Calcereous rocks,Arable land,Atlantic-Lowland-Rocks-Arable land,147,147,"Mesozoic & Tertiary lowlands and scarplands, Aquitaine Basin; Northern part",1,128,34,0,1,74,81,77,43,50,45,50,55,52,72,81,76,27,27,27,48,50,49,51,52,51,41,44,42,4,6,4,10,11,10,19,19,19,12,14,12,27,332449,B,Cambisol,Good,F34,F34,F3,Mixed oak-hornbeam forests,69,250,45.160075,2.98051,F13-001,0.709243,0.000029,0.70958,0.000012,Grass,0.000337,Limestone,Aquitaine Basin,Aquitaine Basin [Limestone],Zm,Limestone_Zm,j2,"limestones, marls",,T,Mesozoic,Jurassic,Middle Jurassic,175-154 Ma,175,154,sedimentary,carbonatic,continental shelf,nulle ou faible,stratification,not applicable,not applicable,not applicable,Indifférencié,Indifférencié,basins et Fossés,sediments et volcanics,801,801,T
France_T2.357,357,POINT (-1.2845400002207725 46.470660000258874),357,1,411,412,1,356,46.47066,-1.28454,F13-003,q3,0.708649,0.000024,0.708972,0.000011,Grass,0.000323,Limestone,Massif Central,Massif Central [Limestone],8655,8636,8636,851000000,402000,9,5,4,2,A,l,r,al,Alr_al,900005000402,1,84,A,Al,Alr,Alr_al,8636,Lusitanian,20-50,Calcereous rocks,Arable land,Atlantic-Lowland-Rocks-Arable land,147,147,"Mesozoic & Tertiary lowlands and scarplands, Aquitaine Basin; Northern part",1,128,34,0,1,74,81,77,43,50,45,50,55,52,72,81,76,27,27,27,48,50,49,51,52,51,41,44,42,4,6,4,10,11,10,19,19,19,12,14,12,27,332449,B,Cambisol,Good,F34,F34,F3,Mixed oak-hornbeam forests,69,265,44.819829,2.492794,F13-003,0.708649,0.000024,0.708972,0.000011,Grass,0.000323,Limestone,Massif Central,Massif Central [Limestone],Zm,Limestone_Zm,q3,"sands, clays, gravels, pebbles",,T,Cenozoic,Quaternary,Holocene,"0,01-0,00 Ma",0.01,0,sedimentary,"siliceous, aluminous",continental,nulle ou faible,stratification,not applicable,not applicable,not applicable,Indifférencié,Indifférencié,Formations superficielles,Formations superficielles,1,1,T
France_T2.358,358,POINT (-1.64088099965835 46.461957000015616),358,1,412,413,1,357,46.461957,-1.640881,F13-004,bo,0.709823,0.000066,0,0,Grass,0,Schist,Armorican Massif,Armorican Massif [Schist],8535,8399,8399,2745999872,514000,9,6,12,5,A,l,r,ha,Alr_ha,900006001205,1,87,A,Al,Alr,Alr_ha,8399,Lusitanian,50-100,Crystalline rocks and migmatites,Heterogeneous agric. areas,Atlantic-Lowland-Rocks-Heterogeneous agric. areas,146,146,"Hercynian, Armorican Massif",1,110,47,0,0,75,81,77,42,45,43,51,55,52,77,81,78,27,27,27,48,49,48,51,52,51,39,42,40,5,6,5,11,11,11,19,19,19,12,14,13,25,330630,B,Cambisol,Good,F4,F4,F1a,Lowland to submontane types (Acidophilous oak and mixed oak forests),72,452,45.061192,2.665143,F13-004,0.709823,0.000066,0,0,Grass,0,Schist,Armorican Massif,Armorican Massif [Schist],Zm,Schist_Zm,bo,"micaschists, paragneisses",,T,"Proterozoic, Paleozoic","Neoproterozoic, Ordovician","Brioverian, Cambrian, Ordovician",670-435 Ma,670,435,metamorphic,"siliceous, aluminous",indeterminate,"plissement, cisaillement",foliation,varisque,néovarisque,amphibolite,Domaine Sud Armoricain,Indifférencié,Massifs varisques,Roches metamorphics,2221,2221,T
France_T2.359,359,POINT (-1.5351089998803786 46.71489900028871),359,1,413,414,1,358,46.714899,-1.535109,F13-005,14,0.711562,0.000077,0.711593,0.000011,Grass,0.000031,Granite,Armorican Massif,Armorican Massif [Granite],8535,8399,8399,2745999872,514000,9,6,12,5,A,l,r,ha,Alr_ha,900006001205,1,87,A,Al,Alr,Alr_ha,8399,Lusitanian,50-100,Crystalline rocks and migmatites,Heterogeneous agric. areas,Atlantic-Lowland-Rocks-Heterogeneous agric. areas,146,146,"Hercynian, Armorican Massif",1,110,47,0,0,75,81,77,42,45,43,51,55,52,77,81,78,27,27,27,48,49,48,51,52,51,39,42,40,5,6,5,11,11,11,19,19,19,12,14,13,25,330630,B,Cambisol,Good,F4,F4,F1a,Lowland to submontane types (Acidophilous oak and mixed oak forests),72,49,45.102402,2.670273,F13-005,0.711562,0.000077,0.711593,0.000011,Grass,0.000031,Granite,Armorican Massif,Armorican Massif [Granite],Zm,Granite_Zm,14,"monzogranites, granodiorites",,T,Paleozoic,Devonian,Middle-Upper Devonian,390-355 Ma,390,355,plutonic,peraluminous,continental collision,nulle ou faible,not applicable,not applicable,not applicable,not applicable,Domaine Sud Armoricain,Indifférencié,Massifs varisques,Plutons varisques,1521,1527,granitoides peraluminous - granites et granodiorites - T
France_T2.360,360,POINT (-2.0175019999173287 47.0817559999395),360,1,414,415,1,359,47.081756,-2.017502,F13-007,os,0.711818,0.000047,0.711722,0.00001,Grass,-0.000096,Paragneiss,Armorican Massif,Armorican Massif [Paragneiss],8602,8235,8235,3795000064,1110000,9,6,12,5,A,l,r,ha,Alr_ha,900006001205,1,87,A,Al,Alr,Alr_ha,8235,Lusitanian,50-100,Crystalline rocks and migmatites,Heterogeneous agric. areas,Atlantic-Lowland-Rocks-Heterogeneous agric. areas,146,146,"Hercynian, Armorican Massif",1,148,52,0,1,73,83,77,42,50,45,50,61,55,71,79,75,27,27,27,47,50,48,50,52,51,39,43,40,4,6,5,10,11,10,18,19,18,12,13,12,31,330630,B,Cambisol,Good,F4,F4,F1a,Lowland to submontane types (Acidophilous oak and mixed oak forests),72,346,45.270868,2.217274,F13-007,0.711818,0.000047,0.711722,0.00001,Grass,-0.000096,Paragneiss,Armorican Massif,Armorican Massif [Paragneiss],Zm,Paragneiss_Zm,os,"ignimbrites, porphyritic rocks",,T,Paleozoic,"Ordovician, Silurian","Ordovician, Silurian",500-410 Ma,500,410,volcanic,"tholeiitic, peralkaline",continental extension,plissement isopaque,stratification,varisque,not applicable,not applicable,Domaine Sud Armoricain,Indifférencié,Massifs varisques,sediments et volcanics,1721,1724,volcanisme acide - tholeiitic à peralcalin - T
France_T2.361,361,POINT (-1.8479939999231192 46.83830400022947),361,1,415,416,1,360,46.838304,-1.847994,F13-008,c2,0.710645,0.00005,0.710721,0.00001,Grass,0.000076,Sand,Armorican Massif,Armorican Massif [Sand],8535,8399,8399,2745999872,514000,9,6,12,5,A,l,r,ha,Alr_ha,900006001205,1,87,A,Al,Alr,Alr_ha,8399,Lusitanian,50-100,Crystalline rocks and migmatites,Heterogeneous agric. areas,Atlantic-Lowland-Rocks-Heterogeneous agric. areas,146,146,"Hercynian, Armorican Massif",1,110,47,0,0,75,81,77,42,45,43,51,55,52,77,81,78,27,27,27,48,49,48,51,52,51,39,42,40,5,6,5,11,11,11,19,19,19,12,14,13,25,330630,B,Cambisol,Good,F4,F4,F1a,Lowland to submontane types (Acidophilous oak and mixed oak forests),72,403,45.331105,1.762968,F13-008,0.710645,0.00005,0.710721,0.00001,Grass,0.000076,Sand,Armorican Massif,Armorican Massif [Sand],Zm,Sand_Zm,c2,"sands, clays, marls, chalks",,T,Mesozoic,Cretaceous,Upper Cretaceous,96-65 Ma,96,65,sedimentary,"siliceous, aluminous, carbonatic",continental shelf,nulle ou faible,stratification,not applicable,not applicable,not applicable,Domaine Sud Armoricain,Indifférencié,basins et Fossés,sediments et volcanics,621,621,T
France_T2.362,362,POINT (-1.7556889997475196 46.7602099997917),362,1,416,417,1,361,46.76021,-1.755689,F13-009,os,0.713989,0.000043,0.713773,0.00001,Ivy,-0.000216,Paragneiss,Armorican Massif,Armorican Massif [Paragneiss],8535,8399,8399,2745999872,514000,9,6,12,5,A,l,r,ha,Alr_ha,900006001205,1,87,A,Al,Alr,Alr_ha,8399,Lusitanian,50-100,Crystalline rocks and migmatites,Heterogeneous agric. areas,Atlantic-Lowland-Rocks-Heterogeneous agric. areas,146,146,"Hercynian, Armorican Massif",1,110,47,0,0,75,81,77,42,45,43,51,55,52,77,81,78,27,27,27,48,49,48,51,52,51,39,42,40,5,6,5,11,11,11,19,19,19,12,14,13,25,330630,B,Cambisol,Good,F4,F4,F1a,Lowland to submontane types (Acidophilous oak and mixed oak forests),72,347,45.457752,1.656577,F13-009,0.713989,0.000043,0.713773,0.00001,Ivy,-0.000216,Paragneiss,Armorican Massif,Armorican Massif [Paragneiss],Zm,Paragneiss_Zm,os,"greenschists, micaschists, prasinites",,T,Paleozoic,"Ordovician, Silurian","Ordovician, Silurian",500-410 Ma,500,410,metamorphic,"siliceous, aluminous, magnesium",continental shelf,plissement anisopaque,schistosité,varisque,mésovarisque,schiste vert,Domaine Sud Armoricain,Indifférencié,Massifs varisques,Roches metamorphics,1721,1721,T
France_T2.363,363,POINT (-1.6916859998090104 46.70882199973556),363,1,417,418,1,362,46.708822,-1.691686,F13-010,os,0.711619,0.000039,0.711422,0.00001,Tree,-0.000197,Clay,Armorican Massif,Armorican Massif [Clay],8535,8399,8399,2745999872,514000,9,6,12,5,A,l,r,ha,Alr_ha,900006001205,1,87,A,Al,Alr,Alr_ha,8399,Lusitanian,50-100,Crystalline rocks and migmatites,Heterogeneous agric. areas,Atlantic-Lowland-Rocks-Heterogeneous agric. areas,146,146,"Hercynian, Armorican Massif",1,110,47,0,0,75,81,77,42,45,43,51,55,52,77,81,78,27,27,27,48,49,48,51,52,51,39,42,40,5,6,5,11,11,11,19,19,19,12,14,13,25,330630,B,Cambisol,Good,F4,F4,F1a,Lowland to submontane types (Acidophilous oak and mixed oak forests),72,12,45.45413,1.671381,F13-010,0.711619,0.000039,0.711422,0.00001,Tree,-0.000197,Clay,Armorican Massif,Armorican Massif [Clay],Zm,Clay_Zm,os,"porphyroides, metatuffites",,T,Paleozoic,"Ordovician, Silurian","Ordovician, Silurian",500-410 Ma,500,410,metamorphic,"tholeiitic, peralkaline",continental extension,plissement anisopaque,schistosité,varisque,mésovarisque,schiste vert,Domaine Sud Armoricain,Indifférencié,Massifs varisques,Roches metamorphics,1721,1724,volcanisme acide - tholeiitic à peralcalin - T
France_T2.364,364,POINT (-1.0555569995558471 46.86389100026952),364,1,418,419,1,363,46.863891,-1.055557,F13-011,ko,0.712401,0.00028,0.712974,0.000013,Fern,0.000573,Schist,Armorican Massif,Armorican Massif [Schist],8602,8235,8235,3795000064,1110000,9,6,12,5,A,l,r,ha,Alr_ha,900006001205,1,87,A,Al,Alr,Alr_ha,8235,Lusitanian,50-100,Crystalline rocks and migmatites,Heterogeneous agric. areas,Atlantic-Lowland-Rocks-Heterogeneous agric. areas,146,146,"Hercynian, Armorican Massif",1,148,52,0,1,73,83,77,42,50,45,50,61,55,71,79,75,27,27,27,47,50,48,50,52,51,39,43,40,4,6,5,10,11,10,18,19,18,12,13,12,31,330630,B,Cambisol,Good,F4,F4,F1a,Lowland to submontane types (Acidophilous oak and mixed oak forests),72,453,46.467369,-1.110262,F13-011,0.712401,0.00028,0.712974,0.000013,Fern,0.000573,Schist,Armorican Massif,Armorican Massif [Schist],Zm,Schist_Zm,ko,"shales, wackes, limestones, sandstones",,T,Paleozoic,"Cambrian, Ordovician","Cambrian, Ordovician",540-435 Ma,540,435,sedimentary,"siliceous, aluminous, carbonatic",continental shelf,plissement isopaque,stratification,varisque,not applicable,not applicable,Domaine Sud Armoricain,Indifférencié,Massifs varisques,sediments et volcanics,1861,1861,T
France_T2.365,365,POINT (-0.9893889996026246 46.92982700031587),365,1,419,420,1,364,46.929827,-0.989389,F13-012,17,0.721603,0.000043,0.721007,0.000008,Grass,-0.000596,Granite,Armorican Massif,Armorican Massif [Granite],8656,8392,8392,4358000128,706000,9,7,12,2,A,h,r,al,Ahr_al,900007001202,1,109,A,Ah,Ahr,Ahr_al,8392,Lusitanian,100-200,Crystalline rocks and migmatites,Arable land,Atlantic-Hills-Rocks-Arable land,146,146,"Hercynian, Armorican Massif",69,256,155,0,1,66,88,77,45,54,48,52,61,56,61,77,70,26,27,26,49,50,49,50,52,51,40,44,42,4,5,4,10,11,10,18,19,18,12,13,12,33,330630,B,Cambisol,Good,F4,F4,F1a,Lowland to submontane types (Acidophilous oak and mixed oak forests),61,50,46.399349,-1.042327,F13-012,0.721603,0.000043,0.721007,0.000008,Grass,-0.000596,Granite,Armorican Massif,Armorican Massif [Granite],Zm,Granite_Zm,17,peraluminous leucogranites,,T,Paleozoic,Carboniferous,"Upper Viséan, Namurian",335-305 Ma,335,305,plutonic,peraluminous,continental collision,nulle ou faible,not applicable,not applicable,not applicable,not applicable,Domaine Nantais,Indifférencié,Massifs varisques,Plutons varisques,1321,1325,granitoides peraluminous - leucogranites - T
France_T2.366,366,POINT (-0.8771360004260487 46.85770700017798),366,1,420,421,1,365,46.857707,-0.877136,F13-013,17,0.711834,0.000045,0,0,Grass,0,Granite,Armorican Massif,Armorican Massif [Granite],8656,8392,8392,4358000128,706000,9,7,12,2,A,h,r,al,Ahr_al,900007001202,1,109,A,Ah,Ahr,Ahr_al,8392,Lusitanian,100-200,Crystalline rocks and migmatites,Arable land,Atlantic-Hills-Rocks-Arable land,146,146,"Hercynian, Armorican Massif",69,256,155,0,1,66,88,77,45,54,48,52,61,56,61,77,70,26,27,26,49,50,49,50,52,51,40,44,42,4,5,4,10,11,10,18,19,18,12,13,12,33,330630,B,Cambisol,Good,F4,F4,F1a,Lowland to submontane types (Acidophilous oak and mixed oak forests),61,51,46.47066,-1.28454,F13-013,0.711834,0.000045,0,0,Grass,0,Granite,Armorican Massif,Armorican Massif [Granite],Zm,Granite_Zm,17,peraluminous leucogranites,,T,Paleozoic,Carboniferous,"Upper Viséan, Namurian",335-305 Ma,335,305,plutonic,peraluminous,continental collision,nulle ou faible,not applicable,not applicable,not applicable,not applicable,Domaine Nantais,Indifférencié,Massifs varisques,Plutons varisques,1321,1325,granitoides peraluminous - leucogranites - T
France_T2.367,367,POINT (-0.8091569996957446 46.74250199976751),367,1,422,423,1,366,46.742502,-0.809157,F13-015,ko,0.709865,0.000033,0.71006,0.000013,Grass,0.000195,Schist,Armorican Massif,Armorican Massif [Schist],8656,8392,8392,4358000128,706000,9,7,12,2,A,h,r,al,Ahr_al,900007001202,1,109,A,Ah,Ahr,Ahr_al,8392,Lusitanian,100-200,Crystalline rocks and migmatites,Arable land,Atlantic-Hills-Rocks-Arable land,146,146,"Hercynian, Armorican Massif",69,256,155,0,1,66,88,77,45,54,48,52,61,56,61,77,70,26,27,26,49,50,49,50,52,51,40,44,42,4,5,4,10,11,10,18,19,18,12,13,12,33,330630,B,Cambisol,Good,F4,F4,F1a,Lowland to submontane types (Acidophilous oak and mixed oak forests),61,454,46.714899,-1.535109,F13-015,0.709865,0.000033,0.71006,0.000013,Grass,0.000195,Schist,Armorican Massif,Armorican Massif [Schist],Zm,Schist_Zm,ko,"shales, wackes, limestones, sandstones",,T,Paleozoic,"Cambrian, Ordovician","Cambrian, Ordovician",540-435 Ma,540,435,sedimentary,"siliceous, aluminous, carbonatic",continental shelf,plissement isopaque,stratification,varisque,not applicable,not applicable,Domaine Sud Armoricain,Indifférencié,Massifs varisques,sediments et volcanics,1861,1861,T
France_T2.368,368,POINT (-0.7643199995682721 46.63188400044629),368,1,423,424,1,367,46.631884,-0.76432,F13-016,k,0.710829,0.000016,0.710607,0.00001,Grass,-0.000222,Schist,Armorican Massif,Armorican Massif [Schist],8656,8392,8392,4358000128,706000,9,7,12,2,A,h,r,al,Ahr_al,900007001202,1,109,A,Ah,Ahr,Ahr_al,8392,Lusitanian,100-200,Crystalline rocks and migmatites,Arable land,Atlantic-Hills-Rocks-Arable land,146,146,"Hercynian, Armorican Massif",69,256,155,0,1,66,88,77,45,54,48,52,61,56,61,77,70,26,27,26,49,50,49,50,52,51,40,44,42,4,5,4,10,11,10,18,19,18,12,13,12,33,330630,B,Cambisol,Good,F4,F4,F1a,Lowland to submontane types (Acidophilous oak and mixed oak forests),61,455,46.962594,-1.946118,F13-016,0.710829,0.000016,0.710607,0.00001,Grass,-0.000222,Schist,Armorican Massif,Armorican Massif [Schist],Zm,Schist_Zm,k,"shales, sandstones, arkoses, limestones",,T,Paleozoic,Cambrian,Cambrian,540-500 Ma,540,500,sedimentary,"siliceous, aluminous, carbonatic",continental shelf,plissement isopaque,stratification,varisque,not applicable,not applicable,Domaine Sud Armoricain,Indifférencié,Massifs varisques,sediments et volcanics,1841,1841,T
France_T2.369,369,POINT (-0.5688359995816654 47.05598400036138),369,1,424,425,1,368,47.055984,-0.568836,F13-018,k,0.713769,0.000067,0,0,Tree,0,Rhyolitoid,Armorican Massif,Armorican Massif [Rhyolitoid],8656,8392,8392,4358000128,706000,9,7,12,2,A,h,r,al,Ahr_al,900007001202,1,109,A,Ah,Ahr,Ahr_al,8392,Lusitanian,100-200,Crystalline rocks and migmatites,Arable land,Atlantic-Hills-Rocks-Arable land,146,146,"Hercynian, Armorican Massif",69,256,155,0,1,66,88,77,45,54,48,52,61,56,61,77,70,26,27,26,49,50,49,50,52,51,40,44,42,4,5,4,10,11,10,18,19,18,12,13,12,33,330630,B,Cambisol,Good,F4,F4,F1a,Lowland to submontane types (Acidophilous oak and mixed oak forests),61,366,46.838304,-1.847994,F13-018,0.713769,0.000067,0,0,Tree,0,Rhyolitoid,Armorican Massif,Armorican Massif [Rhyolitoid],Zm,Rhyolitoid_Zm,k,"rhyodacites, acid tuffs, ignimbrites",,T,Paleozoic,Cambrian,Cambrian,540-500 Ma,540,500,volcanic,"tholeiitic, peralkaline",continental extension,plissement isopaque,stratification,varisque,not applicable,not applicable,Domaine Nantais,Indifférencié,Massifs varisques,sediments et volcanics,1841,1843,volcanisme acide - tholeiitic à peralcalin - T
France_T2.370,370,POINT (-2.097242999864477 47.107790999954716),370,1,425,426,1,369,47.107791,-2.097243,F13-019,bk,0.711322,0.00001,0.711195,0.000008,Grass,-0.000127,Mica schist,Armorican Massif,Armorican Massif [Mica schist],8602,8235,8235,3795000064,1110000,9,6,12,5,A,l,r,ha,Alr_ha,900006001205,1,87,A,Al,Alr,Alr_ha,8235,Lusitanian,50-100,Crystalline rocks and migmatites,Heterogeneous agric. areas,Atlantic-Lowland-Rocks-Heterogeneous agric. areas,146,146,"Hercynian, Armorican Massif",1,148,52,0,1,73,83,77,42,50,45,50,61,55,71,79,75,27,27,27,47,50,48,50,52,51,39,43,40,4,6,5,10,11,10,18,19,18,12,13,12,31,330630,B,Cambisol,Good,F4,F4,F1a,Lowland to submontane types (Acidophilous oak and mixed oak forests),72,293,46.76021,-1.755689,F13-019,0.711322,0.00001,0.711195,0.000008,Grass,-0.000127,Mica schist,Armorican Massif,Armorican Massif [Mica schist],Zm,Mica schist_Zm,bk,"metawackes, shales, micaschists",,T,"Proterozoic, Paleozoic","Neoproterozoic, Cambrian","Brioverian, Cambrian",670-500 Ma,670,500,sedimentary,"siliceous, aluminous",indeterminate,plissement isopaque,stratification,varisque,not applicable,not applicable,Domaine Sud Armoricain,Indifférencié,Massifs varisques,sediments et volcanics,2201,2201,T
France_T2.371,371,POINT (-1.35852299993644 47.313022999811665),371,1,426,427,1,370,47.313023,-1.358523,F13-021,gla (f-p),0.715547,0.000048,0.716228,0.000008,Ivy,0.000681,Orthogneiss,Armorican Massif,Armorican Massif [Orthogneiss],8258,8274,8274,149000000,202000,9,3,1,4,A,l,s,pa,Als_pa,900003000104,1,95,A,Al,Als,Als_pa,8274,Lusitanian,5-10,River alluvium,Pastures,Atlantic-Lowland-Sediments-Pastures,146,146,"Hercynian, Armorican Massif",3,109,35,1,1,73,76,74,46,51,48,57,61,59,71,75,72,27,27,27,49,50,49,52,52,52,40,41,40,4,5,4,10,11,10,18,19,18,12,12,12,33,330350,J,Fluvisol,Hydromorphic,U8,U8,U1,Flood-plain vegetation and moist lowland forests,160,328,46.708822,-1.691686,F13-021,0.715547,0.000048,0.716228,0.000008,Ivy,0.000681,Orthogneiss,Armorican Massif,Armorican Massif [Orthogneiss],Zm,Orthogneiss_Zm,gla (f-p),"paragneisses, amphibolites, leptynites, orthogneisses",,T,Paleozoic,Paleozoic,"Cambrian, Ordovician",540-435 Ma,540,435,metamorphic,"siliceous, aluminous, magnesium",continental extension,"aplatissement, cisaillement",foliation,varisque,mésovarisque,amphibolite,Domaine Nantais,Indifférencié,Massifs varisques,Roches orthogneissesiques,1901,1901,T
France_T2.372,372,POINT (-1.2875000000249202 47.32679399994322),372,1,427,428,1,371,47.326794,-1.2875,F13-022,7,0,0,0.7202,0.00001,Grass,0,Orthogneiss,Armorican Massif,Armorican Massif [Orthogneiss],8602,8235,8235,3795000064,1110000,9,6,12,5,A,l,r,ha,Alr_ha,900006001205,1,87,A,Al,Alr,Alr_ha,8235,Lusitanian,50-100,Crystalline rocks and migmatites,Heterogeneous agric. areas,Atlantic-Lowland-Rocks-Heterogeneous agric. areas,146,146,"Hercynian, Armorican Massif",1,148,52,0,1,73,83,77,42,50,45,50,61,55,71,79,75,27,27,27,47,50,48,50,52,51,39,43,40,4,6,5,10,11,10,18,19,18,12,13,12,31,330630,B,Cambisol,Good,F4,F4,F1a,Lowland to submontane types (Acidophilous oak and mixed oak forests),72,329,46.863891,-1.055557,F13-022,0,0,0.7202,0.00001,Grass,0,Orthogneiss,Armorican Massif,Armorican Massif [Orthogneiss],Zm,Orthogneiss_Zm,7,migmatitic orthogneisses,,T,Paleozoic,"Cambrian, Ordovician","Cambrian, Lower-Middle Ordovician",520-455 Ma,520,455,metamorphic,"siliceous, aluminous",indeterminate,"cisaillement, écoulement",foliation,varisque,mésovarisque,anatexie,Domaine Nantais,Indifférencié,Massifs varisques,Roches orthogneissesiques,1981,1981,T
France_T2.373,373,POINT (-0.9636170000244988 47.40320800024904),373,1,429,430,1,372,47.403208,-0.963617,F13-024,d2h,0.713312,0.000069,0.713227,0.00001,Grass,-0.000085,Conglomerate,Armorican Massif,Armorican Massif [Conglomerate],8190,7566,7566,10145999872,1978000,9,6,12,5,A,l,r,ha,Alr_ha,900006001205,1,87,A,Al,Alr,Alr_ha,7566,Lusitanian,50-100,Crystalline rocks and migmatites,Heterogeneous agric. areas,Atlantic-Lowland-Rocks-Heterogeneous agric. areas,146,146,"Hercynian, Armorican Massif",2,250,63,0,1,70,104,76,44,62,49,55,83,60,66,97,74,26,27,26,47,50,48,49,52,50,35,41,37,4,6,4,9,11,10,17,19,17,11,13,12,27,330562,B,Cambisol,Good,F4,F4,F1a,Lowland to submontane types (Acidophilous oak and mixed oak forests),72,34,46.857707,-0.877136,F13-024,0.713312,0.000069,0.713227,0.00001,Grass,-0.000085,Conglomerate,Armorican Massif,Armorican Massif [Conglomerate],Zm,Conglomerate_Zm,d2h,"shales, wackes, conglomerates, sandstones",,T,Paleozoic,"Devonian, Carboniferous","Upper Devonian, Dinantian",390-335 Ma,390,335,sedimentary,"siliceous, aluminous",intracontinental basin,plissement isopaque,stratification,varisque,not applicable,not applicable,Domaine Nantais,Indifférencié,Massifs varisques,sediments et volcanics,1501,1501,T
France_T2.374,374,POINT (-0.659441999648493 47.44024500040649),374,1,430,431,1,373,47.440245,-0.659442,F13-025,od1,0.71645,0.000048,0,0,Grass,0,Schist,Armorican Massif,Armorican Massif [Schist],8190,7566,7566,10145999872,1978000,9,6,12,5,A,l,r,ha,Alr_ha,900006001205,1,87,A,Al,Alr,Alr_ha,7566,Lusitanian,50-100,Crystalline rocks and migmatites,Heterogeneous agric. areas,Atlantic-Lowland-Rocks-Heterogeneous agric. areas,146,146,"Hercynian, Armorican Massif",2,250,63,0,1,70,104,76,44,62,49,55,83,60,66,97,74,26,27,26,47,50,48,49,52,50,35,41,37,4,6,4,9,11,10,17,19,17,11,13,12,27,330562,B,Cambisol,Good,F4,F4,F1a,Lowland to submontane types (Acidophilous oak and mixed oak forests),72,456,46.810218,-0.859265,F13-025,0.71645,0.000048,0,0,Grass,0,Schist,Armorican Massif,Armorican Massif [Schist],Zm,Schist_Zm,od1,"shales, sandstones, quartzites, phtanites",,T,Paleozoic,"Ordovician, Silurian, Devonian","Ordovician, Silurian, Lower Devonian",500-390 Ma,500,390,sedimentary,"siliceous, aluminous",continental shelf,plissement isopaque,stratification,varisque,not applicable,not applicable,Domaine Nantais,Indifférencié,Massifs varisques,sediments et volcanics,1741,1741,T
France_T2.375,375,POINT (-0.3268249997738621 47.54934900005634),375,1,431,432,1,374,47.549349,-0.326825,F13-026,e2,0.712591,0.000067,0.712018,0.00001,Moss,-0.000573,Sand,Paris Basin,Paris Basin [Sand],8310,8223,8223,2532000000,494000,9,6,9,5,A,l,s,ha,Als_ha,900006000905,1,96,A,Al,Als,Als_ha,8223,Lusitanian,50-100,Soft loam,Heterogeneous agric. areas,Atlantic-Lowland-Sediments-Heterogeneous agric. areas,139,139,"Mesozoic & Tertiary lowlands and scarplands, Paris Basin; East Normandy, Perche & Maine",14,165,73,0,1,56,69,62,41,50,45,51,59,55,53,63,57,24,26,25,48,51,49,49,51,50,39,42,39,3,4,3,10,11,10,18,19,18,11,12,11,29,332549,L,Luvisol,Good,F5,F5,F1a,Lowland to submontane types (Acidophilous oak and mixed oak forests),166,423,46.742502,-0.809157,F13-026,0.712591,0.000067,0.712018,0.00001,Moss,-0.000573,Sand,Paris Basin,Paris Basin [Sand],Zm,Sand_Zm,e2,"limestones, sands, gypsum, marls, clays",,T,Cenozoic,Paleogene,Upper-Middle Eocene,"46,0-33,7 Ma",46,33.7,sedimentary,"aluminous, carbonatic, saliferous","continental, platform",nulle ou faible,stratification,not applicable,not applicable,not applicable,Indifférencié,Indifférencié,basins et Fossés,sediments et volcanics,401,401,T
France_T2.376,376,POINT (-0.3752909999795975 47.53423299995302),376,1,432,433,1,375,47.534233,-0.375291,F13-027,c2,0.707809,0.00002,0.707243,0.000009,Grass,-0.000566,Chalk,Paris Basin,Paris Basin [Chalk],8310,8223,8223,2532000000,494000,9,6,9,5,A,l,s,ha,Als_ha,900006000905,1,96,A,Al,Als,Als_ha,8223,Lusitanian,50-100,Soft loam,Heterogeneous agric. areas,Atlantic-Lowland-Sediments-Heterogeneous agric. areas,139,139,"Mesozoic & Tertiary lowlands and scarplands, Paris Basin; East Normandy, Perche & Maine",14,165,73,0,1,56,69,62,41,50,45,51,59,55,53,63,57,24,26,25,48,51,49,49,51,50,39,42,39,3,4,3,10,11,10,18,19,18,11,12,11,29,332549,L,Luvisol,Good,F5,F5,F1a,Lowland to submontane types (Acidophilous oak and mixed oak forests),166,2,46.631884,-0.76432,F13-027,0.707809,0.00002,0.707243,0.000009,Grass,-0.000566,Chalk,Paris Basin,Paris Basin [Chalk],Zm,Chalk_Zm,c2,"chalks, limestones, marls, tufa (limestone), sands",,T,Mesozoic,Cretaceous,Upper Cretaceous,96-65 Ma,96,65,sedimentary,"siliceous, aluminous, carbonatic",continental shelf,nulle ou faible,stratification,not applicable,not applicable,not applicable,Indifférencié,Indifférencié,basins et Fossés,sediments et volcanics,621,621,T
France_T2.377,377,POINT (-2.169253000325682 47.164083000430196),377,1,433,434,1,376,47.164083,-2.169253,F13-028,q3,0.709123,0.00001,0.708563,0.000011,Grass,-0.00056,Schist,Armorican Massif,Armorican Massif [Schist],8602,8235,8235,3795000064,1110000,9,6,12,5,A,l,r,ha,Alr_ha,900006001205,1,87,A,Al,Alr,Alr_ha,8235,Lusitanian,50-100,Crystalline rocks and migmatites,Heterogeneous agric. areas,Atlantic-Lowland-Rocks-Heterogeneous agric. areas,146,146,"Hercynian, Armorican Massif",1,148,52,0,1,73,83,77,42,50,45,50,61,55,71,79,75,27,27,27,47,50,48,50,52,51,39,43,40,4,6,5,10,11,10,18,19,18,12,13,12,31,330630,B,Cambisol,Good,F4,F4,F1a,Lowland to submontane types (Acidophilous oak and mixed oak forests),72,457,46.966863,-0.415267,F13-028,0.709123,0.00001,0.708563,0.000011,Grass,-0.00056,Schist,Armorican Massif,Armorican Massif [Schist],Zm,Schist_Zm,q3,"sands, silts",,T,Cenozoic,Quaternary,Holocene,"0,01-0,00 Ma",0.01,0,sedimentary,"siliceous, aluminous",coastline,nulle ou faible,stratification,not applicable,not applicable,not applicable,Indifférencié,Indifférencié,Formations superficielles,Formations superficielles,1,2,dunes et cordons littoraux - T
France_T2.378,378,POINT (-2.2220899997536208 47.136652999936075),378,1,434,435,1,377,47.136653,-2.22209,F13-029,os,0.709051,0.000028,0.708937,0.000009,Grass,-0.000114,Schist,Armorican Massif,Armorican Massif [Schist],8602,8235,8235,3795000064,1110000,9,6,12,5,A,l,r,ha,Alr_ha,900006001205,1,87,A,Al,Alr,Alr_ha,8235,Lusitanian,50-100,Crystalline rocks and migmatites,Heterogeneous agric. areas,Atlantic-Lowland-Rocks-Heterogeneous agric. areas,146,146,"Hercynian, Armorican Massif",1,148,52,0,1,73,83,77,42,50,45,50,61,55,71,79,75,27,27,27,47,50,48,50,52,51,39,43,40,4,6,5,10,11,10,18,19,18,12,13,12,31,330630,B,Cambisol,Good,F4,F4,F1a,Lowland to submontane types (Acidophilous oak and mixed oak forests),72,458,47.055984,-0.568836,F13-029,0.709051,0.000028,0.708937,0.000009,Grass,-0.000114,Schist,Armorican Massif,Armorican Massif [Schist],Zm,Schist_Zm,os,"ignimbrites, porphyritic rocks",,T,Paleozoic,"Ordovician, Silurian","Ordovician, Silurian",500-410 Ma,500,410,volcanic,"tholeiitic, peralkaline",continental extension,plissement isopaque,stratification,varisque,not applicable,not applicable,Domaine Sud Armoricain,Indifférencié,Massifs varisques,sediments et volcanics,1721,1724,volcanisme acide - tholeiitic à peralcalin - T
France_T2.379,379,POINT (-2.031905999562184 47.22744899977158),379,1,435,436,1,378,47.227449,-2.031906,F13-030,14,0.719945,0.00003,0.719423,0.000011,Grass,-0.000522,Granite,Armorican Massif,Armorican Massif [Granite],8602,8235,8235,3795000064,1110000,9,6,12,5,A,l,r,ha,Alr_ha,900006001205,1,87,A,Al,Alr,Alr_ha,8235,Lusitanian,50-100,Crystalline rocks and migmatites,Heterogeneous agric. areas,Atlantic-Lowland-Rocks-Heterogeneous agric. areas,146,146,"Hercynian, Armorican Massif",1,148,52,0,1,73,83,77,42,50,45,50,61,55,71,79,75,27,27,27,47,50,48,50,52,51,39,43,40,4,6,5,10,11,10,18,19,18,12,13,12,31,330630,B,Cambisol,Good,F4,F4,F1a,Lowland to submontane types (Acidophilous oak and mixed oak forests),72,52,47.107791,-2.097243,F13-030,0.719945,0.00003,0.719423,0.000011,Grass,-0.000522,Granite,Armorican Massif,Armorican Massif [Granite],Zm,Granite_Zm,14,"monzogranites, granodiorites",,T,Paleozoic,Devonian,Middle-Upper Devonian,390-355 Ma,390,355,plutonic,peraluminous,continental collision,nulle ou faible,not applicable,not applicable,not applicable,not applicable,Domaine Sud Armoricain,Indifférencié,Massifs varisques,Plutons varisques,1521,1527,granitoides peraluminous - granites et granodiorites - T
France_T2.380,380,POINT (-2.376180000106899 47.36406199996139),380,1,436,437,1,379,47.364062,-2.37618,F13-031,18,0.708491,0.000142,0.709246,0.00001,Grass,0.000755,Granite,Armorican Massif,Armorican Massif [Granite],8107,8045,8045,725000000,420000,9,4,12,5,A,l,r,ha,Alr_ha,900004001205,1,87,A,Al,Alr,Alr_ha,8045,Lusitanian,10-20,Crystalline rocks and migmatites,Heterogeneous agric. areas,Atlantic-Lowland-Rocks-Heterogeneous agric. areas,146,146,"Hercynian, Armorican Massif",0,50,12,0,0,70,77,73,41,46,43,50,55,53,70,76,73,27,27,27,47,48,47,49,51,49,38,39,38,6,7,6,10,11,10,18,18,18,13,13,13,10,332368,B,Cambisol,Good,F4,F4,F1a,Lowland to submontane types (Acidophilous oak and mixed oak forests),72,53,47.271723,-1.402098,F13-031,0.708491,0.000142,0.709246,0.00001,Grass,0.000755,Granite,Armorican Massif,Armorican Massif [Granite],Zm,Granite_Zm,18,peraluminous leucogranites,,T,Paleozoic,Carboniferous,"Namurian, Westphalian, Stephanian",335-295 Ma,335,295,plutonic,peraluminous,continental collision,"aplatissement, cisaillement",structure planaire,varisque,not applicable,not applicable,Domaine Sud Armoricain,Indifférencié,Massifs varisques,Plutons varisques,1341,1341,T
France_T2.381,381,POINT (-2.290864000273359 47.39091399988126),381,1,437,438,1,380,47.390914,-2.290864,F13-032,q3,0.716231,0.000016,0.717475,0.002674,Grass,0.001244,Sand,Armorican Massif,Armorican Massif [Sand],8078,8139,8139,120000000,84000,9,2,15,9,A,l,o,we,Alo_we,900002001509,1,106,A,Al,Alo,Alo_we,8139,Lusitanian,0-5,Organic materials,Wetlands,Atlantic-Lowland-Organic materials-Wetlands,146,146,"Hercynian, Armorican Massif",1,17,2,0,0,73,76,75,42,44,43,52,55,54,74,76,75,27,27,27,47,48,47,50,51,50,38,39,38,6,6,6,11,11,11,18,18,18,13,13,13,2,332668,O,Histosol,Organic,R1,R1,R,"Tall reed and tall sedge swamps, aquatic vegetation",35,404,47.313023,-1.358523,F13-032,0.716231,0.000016,0.717475,0.002674,Grass,0.001244,Sand,Armorican Massif,Armorican Massif [Sand],Zm,Sand_Zm,q3,"sands, clays, gravels, pebbles",,T,Cenozoic,Quaternary,Holocene,"0,01-0,00 Ma",0.01,0,sedimentary,"siliceous, aluminous",continental,nulle ou faible,stratification,not applicable,not applicable,not applicable,Indifférencié,Indifférencié,Formations superficielles,Formations superficielles,1,1,T
France_T2.382,382,POINT (-2.3145370001823835 47.43603999984617),382,1,438,439,1,381,47.43604,-2.314537,F13-033,os,0,0,0.713373,0.000009,Grass,0,Mica schist,Armorican Massif,Armorican Massif [Mica schist],8107,8045,8045,725000000,420000,9,4,12,5,A,l,r,ha,Alr_ha,900004001205,1,87,A,Al,Alr,Alr_ha,8045,Lusitanian,10-20,Crystalline rocks and migmatites,Heterogeneous agric. areas,Atlantic-Lowland-Rocks-Heterogeneous agric. areas,146,146,"Hercynian, Armorican Massif",0,50,12,0,0,70,77,73,41,46,43,50,55,53,70,76,73,27,27,27,47,48,47,49,51,49,38,39,38,6,7,6,10,11,10,18,18,18,13,13,13,10,332368,B,Cambisol,Good,F4,F4,F1a,Lowland to submontane types (Acidophilous oak and mixed oak forests),72,294,47.326794,-1.2875,F13-033,0,0,0.713373,0.000009,Grass,0,Mica schist,Armorican Massif,Armorican Massif [Mica schist],Zm,Mica schist_Zm,os,"micaschists, paragneisses, amphibolites",,T,Paleozoic,"Ordovician, Silurian","Ordovician, Silurian",500-410 Ma,500,410,metamorphic,"siliceous, aluminous, magnesium",indeterminate,"plissement, cisaillement",foliation,varisque,mésovarisque,amphibolite,Domaine Sud Armoricain,Indifférencié,Massifs varisques,Roches metamorphics,1721,1721,T
France_T2.383,383,POINT (-3.0348120002735186 47.78353999987115),383,1,439,440,1,382,47.78354,-3.034812,F13-034,14,0.711779,0.000097,0.711966,0.000014,Ivy,0.000187,Granite,Armorican Massif,Armorican Massif [Granite],8030,7550,7550,3723000064,1122000,9,6,12,5,A,l,r,ha,Alr_ha,900006001205,1,87,A,Al,Alr,Alr_ha,7550,Lusitanian,50-100,Crystalline rocks and migmatites,Heterogeneous agric. areas,Atlantic-Lowland-Rocks-Heterogeneous agric. areas,146,146,"Hercynian, Armorican Massif",0,228,67,1,2,73,135,93,43,75,54,51,83,63,71,107,82,25,27,26,46,48,46,46,51,48,36,39,37,5,7,6,9,11,10,16,18,17,12,13,12,31,330637,B,Cambisol,Good,F75,F75,F5a,Lowland to submontane types,72,54,47.290378,-1.024573,F13-034,0.711779,0.000097,0.711966,0.000014,Ivy,0.000187,Granite,Armorican Massif,Armorican Massif [Granite],Zm,Granite_Zm,14,"monzogranites, granodiorites",,T,Paleozoic,Devonian,Middle-Upper Devonian,390-355 Ma,390,355,plutonic,peraluminous,continental collision,nulle ou faible,not applicable,not applicable,not applicable,not applicable,Domaine Sud Armoricain,Indifférencié,Massifs varisques,Plutons varisques,1521,1527,granitoides peraluminous - granites et granodiorites - T
France_T2.384,384,POINT (-3.0618729999389416 47.79847599976762),384,1,440,441,1,383,47.798476,-3.061873,F13-035,14,0,0,0.712239,0.000015,Grass,0,Granite,Armorican Massif,Armorican Massif [Granite],8030,7550,7550,3723000064,1122000,9,6,12,5,A,l,r,ha,Alr_ha,900006001205,1,87,A,Al,Alr,Alr_ha,7550,Lusitanian,50-100,Crystalline rocks and migmatites,Heterogeneous agric. areas,Atlantic-Lowland-Rocks-Heterogeneous agric. areas,146,146,"Hercynian, Armorican Massif",0,228,67,1,2,73,135,93,43,75,54,51,83,63,71,107,82,25,27,26,46,48,46,46,51,48,36,39,37,5,7,6,9,11,10,16,18,17,12,13,12,31,330637,B,Cambisol,Good,F75,F75,F5a,Lowland to submontane types,72,55,47.403208,-0.963617,F13-035,0,0,0.712239,0.000015,Grass,0,Granite,Armorican Massif,Armorican Massif [Granite],Zm,Granite_Zm,14,"monzogranites, granodiorites",,T,Paleozoic,Devonian,Middle-Upper Devonian,390-355 Ma,390,355,plutonic,peraluminous,continental collision,"aplatissement, cisaillement",structure planaire,varisque,not applicable,not applicable,Domaine Sud Armoricain,Indifférencié,Massifs varisques,Plutons varisques,1521,1521,T
France_T2.385,385,POINT (-3.0401560002991346 47.83735999966433),385,1,441,442,1,384,47.83736,-3.040156,F13-036,8,0.714886,0.000102,0,0,Grass,0,Granite,Armorican Massif,Armorican Massif [Granite],8030,7550,7550,3723000064,1122000,9,6,12,5,A,l,r,ha,Alr_ha,900006001205,1,87,A,Al,Alr,Alr_ha,7550,Lusitanian,50-100,Crystalline rocks and migmatites,Heterogeneous agric. areas,Atlantic-Lowland-Rocks-Heterogeneous agric. areas,146,146,"Hercynian, Armorican Massif",0,228,67,1,2,73,135,93,43,75,54,51,83,63,71,107,82,25,27,26,46,48,46,46,51,48,36,39,37,5,7,6,9,11,10,16,18,17,12,13,12,31,330637,B,Cambisol,Good,F75,F75,F5a,Lowland to submontane types,72,56,47.440245,-0.659442,F13-036,0.714886,0.000102,0,0,Grass,0,Granite,Armorican Massif,Armorican Massif [Granite],Zm,Granite_Zm,8,"monzogranites, metagranites",,T,Paleozoic,Ordovician,Lower-Middle Ordovician,500-455 Ma,500,455,plutonic,"tholeiitic, peralkaline",continental extension,nulle ou faible,not applicable,not applicable,not applicable,not applicable,Domaine Nantais,Indifférencié,Massifs varisques,Plutons varisques,1801,1801,plutonisme acide - tholeiitic à peralcalin - T
France_T2.386,386,POINT (-2.972115000306985 48.01493000001955),386,1,442,443,1,385,48.01493,-2.972115,F13-037,b2k,0.709278,0.000029,0,0,Grass,0,Mica schist,Armorican Massif,Armorican Massif [Mica schist],7772,7415,7415,2647000064,1174000,7,7,12,2,A,h,r,al,Ahr_al,700007001202,1,109,A,Ah,Ahr,Ahr_al,7415,Atlantic Central,100-200,Crystalline rocks and migmatites,Arable land,Atlantic-Hills-Rocks-Arable land,146,146,"Hercynian, Armorican Massif",34,265,135,1,2,80,110,92,48,66,55,60,78,67,74,95,82,26,28,27,47,47,47,48,50,49,37,38,37,5,6,5,9,10,9,16,18,16,11,13,11,33,330562,B,Cambisol,Good,F75,F75,F5a,Lowland to submontane types,61,295,47.549349,-0.326825,F13-037,0.709278,0.000029,0,0,Grass,0,Mica schist,Armorican Massif,Armorican Massif [Mica schist],Zm,Mica schist_Zm,b2k,"micaschists, paragneisses",,T,"Proterozoic, Paleozoic","Neoproterozoic, Cambrian","Upper Brioverian, Cambrian",580-520 Ma,580,520,metamorphic,"siliceous, aluminous",indeterminate,"plissement, cisaillement",foliation,varisque,néovarisque,amphibolite,Domaine Centre Armoricain,Indifférencié,Massifs varisques,Roches metamorphics,2041,2041,T
France_T2.387,387,POINT (-2.8519080003538875 48.35372000037779),387,1,443,444,1,386,48.35372,-2.851908,F13-038,d1,0.712783,0.00004,0.711727,0.000018,Grass,-0.001056,Schist,Armorican Massif,Armorican Massif [Schist],7587,7521,7521,1256000000,692000,7,8,12,2,A,h,r,al,Ahr_al,700008001202,1,109,A,Ah,Ahr,Ahr_al,7521,Atlantic Central,200-300,Crystalline rocks and migmatites,Arable land,Atlantic-Hills-Rocks-Arable land,146,146,"Hercynian, Armorican Massif",128,312,216,1,2,93,138,107,55,78,64,66,89,75,82,112,93,26,28,27,46,47,46,47,50,48,37,37,37,5,6,5,9,10,9,16,17,16,11,12,11,30,330556,B,Cambisol,Good,F75,F75,F5a,Lowland to submontane types,61,459,47.534233,-0.375291,F13-038,0.712783,0.00004,0.711727,0.000018,Grass,-0.001056,Schist,Armorican Massif,Armorican Massif [Schist],Zm,Schist_Zm,d1,"shales, sandstones, quartzites, limestones",,T,Paleozoic,Devonian,Lower Devonian,410-390 Ma,410,390,sedimentary,"siliceous, aluminous, carbonatic",continental shelf,plissement isopaque,stratification,varisque,not applicable,not applicable,Domaine Centre Armoricain,Indifférencié,Massifs varisques,sediments et volcanics,1561,1561,T
France_T2.388,388,POINT (-2.895961000299849 48.38059899974411),388,1,444,445,1,387,48.380599,-2.895961,F13-039,3,0.715516,0.00004,0.715553,0.000022,Grass,0.000037,Granite,Armorican Massif,Armorican Massif [Granite],7587,7521,7521,1256000000,692000,7,8,12,2,A,h,r,al,Ahr_al,700008001202,1,109,A,Ah,Ahr,Ahr_al,7521,Atlantic Central,200-300,Crystalline rocks and migmatites,Arable land,Atlantic-Hills-Rocks-Arable land,146,146,"Hercynian, Armorican Massif",128,312,216,1,2,93,138,107,55,78,64,66,89,75,82,112,93,26,28,27,46,47,46,47,50,48,37,37,37,5,6,5,9,10,9,16,17,16,11,12,11,30,330556,B,Cambisol,Good,F75,F75,F5a,Lowland to submontane types,61,57,47.164083,-2.169253,F13-039,0.715516,0.00004,0.715553,0.000022,Grass,0.000037,Granite,Armorican Massif,Armorican Massif [Granite],Zm,Granite_Zm,3,"monzogranites, granodiorites",,T,Proterozoic,Neoproterozoic,Upper Brioverian,580-540 Ma,580,540,plutonic,peraluminous,continental collision,"aplatissement, cisaillement",structure planaire,cadomien,not applicable,not applicable,Domaine Centre Armoricain,Indifférencié,Massifs varisques,Plutons cadomiens,2061,2061,T
France_T2.389,389,POINT (-2.9315599997941035 48.42298900034217),389,1,445,446,1,388,48.422989,-2.93156,F13-040,18,0,0,0.711415,0.000016,Grass,0,Granite,Armorican Massif,Armorican Massif [Granite],7587,7521,7521,1256000000,692000,7,8,12,2,A,h,r,al,Ahr_al,700008001202,1,109,A,Ah,Ahr,Ahr_al,7521,Atlantic Central,200-300,Crystalline rocks and migmatites,Arable land,Atlantic-Hills-Rocks-Arable land,146,146,"Hercynian, Armorican Massif",128,312,216,1,2,93,138,107,55,78,64,66,89,75,82,112,93,26,28,27,46,47,46,47,50,48,37,37,37,5,6,5,9,10,9,16,17,16,11,12,11,30,330556,B,Cambisol,Good,F75,F75,F5a,Lowland to submontane types,61,58,47.136653,-2.22209,F13-040,0,0,0.711415,0.000016,Grass,0,Granite,Armorican Massif,Armorican Massif [Granite],Zm,Granite_Zm,18,peraluminous leucogranites,,T,Paleozoic,Carboniferous,"Namurian, Westphalian, Stephanian",335-295 Ma,335,295,plutonic,peraluminous,continental collision,nulle ou faible,not applicable,not applicable,not applicable,not applicable,Bloc Cadomien,Indifférencié,Massifs varisques,Plutons varisques,1341,1345,granitoides peraluminous - leucogranites - T
France_T2.390,390,POINT (-2.8240570002303116 48.58208300033027),390,1,446,447,1,389,48.582083,-2.824057,F13-044,b1,0.713483,0.000016,0.713552,0.000016,Grass,0.000069,Sandstone,Armorican Massif,Armorican Massif [Sandstone],7632,7320,7320,4244999936,1116000,7,6,12,2,A,l,r,al,Alr_al,700006001202,1,84,A,Al,Alr,Alr_al,7320,Atlantic Central,50-100,Crystalline rocks and migmatites,Arable land,Atlantic-Lowland-Rocks-Arable land,146,146,"Hercynian, Armorican Massif",0,178,66,1,1,70,128,85,41,67,49,56,78,62,67,103,77,25,28,26,46,47,46,46,50,49,36,37,36,5,7,5,9,10,9,16,18,16,12,13,12,28,330562,B,Cambisol,Good,F75,F75,F5a,Lowland to submontane types,69,433,47.390914,-2.290864,F13-044,0.713483,0.000016,0.713552,0.000016,Grass,0.000069,Sandstone,Armorican Massif,Armorican Massif [Sandstone],Zm,Sandstone_Zm,b1,"shales, sandstones, tuffites, phtanites",,T,Proterozoic,Neoproterozoic,Lower Brioverian,670-580 Ma,670,580,sedimentary,"siliceous, aluminous",continental shelf,plissement isopaque,stratification,cadomien,not applicable,not applicable,Bloc Cadomien,Indifférencié,Massifs varisques,Socle cadomien,2101,2101,T
France_T2.391,391,POINT (-2.9793779997947922 48.55136900037911),391,1,447,448,1,390,48.551369,-2.979378,F13-045,2,0.708019,0.000023,0.708441,0.000011,Grass,0.000422,Paragneiss,Armorican Massif,Armorican Massif [Paragneiss],7632,7320,7320,4244999936,1116000,7,6,12,2,A,l,r,al,Alr_al,700006001202,1,84,A,Al,Alr,Alr_al,7320,Atlantic Central,50-100,Crystalline rocks and migmatites,Arable land,Atlantic-Lowland-Rocks-Arable land,146,146,"Hercynian, Armorican Massif",0,178,66,1,1,70,128,85,41,67,49,56,78,62,67,103,77,25,28,26,46,47,46,46,50,49,36,37,36,5,7,5,9,10,9,16,18,16,12,13,12,28,330562,B,Cambisol,Good,F75,F75,F5a,Lowland to submontane types,69,348,47.43604,-2.314537,F13-045,0.708019,0.000023,0.708441,0.000011,Grass,0.000422,Paragneiss,Armorican Massif,Armorican Massif [Paragneiss],Zm,Paragneiss_Zm,2,"metagabbros, amphibolites",,T,Proterozoic,Neoproterozoic,Lower Brioverian,670-580 Ma,670,580,plutonic,"tholeiitic, calc-alkaline",active margin,nulle ou faible,not applicable,not applicable,not applicable,not applicable,Bloc Cadomien,Indifférencié,Massifs varisques,Plutons cadomiens,2121,2124,plutonisme basique - tholeiitic à peralcalin - T
France_T2.392,392,POINT (-3.0898250002235272 48.54650399995967),392,1,448,449,1,391,48.546504,-3.089825,F13-046,3,0.708683,0.000025,0,0,Grass,0,Granite,Armorican Massif,Armorican Massif [Granite],7772,7415,7415,2647000064,1174000,7,7,12,2,A,h,r,al,Ahr_al,700007001202,1,109,A,Ah,Ahr,Ahr_al,7415,Atlantic Central,100-200,Crystalline rocks and migmatites,Arable land,Atlantic-Hills-Rocks-Arable land,146,146,"Hercynian, Armorican Massif",34,265,135,1,2,80,110,92,48,66,55,60,78,67,74,95,82,26,28,27,47,47,47,48,50,49,37,38,37,5,6,5,9,10,9,16,18,16,11,13,11,33,330562,B,Cambisol,Good,F75,F75,F5a,Lowland to submontane types,61,59,47.78354,-3.034812,F13-046,0.708683,0.000025,0,0,Grass,0,Granite,Armorican Massif,Armorican Massif [Granite],Zm,Granite_Zm,3,peraluminous leucogranites,,T,Proterozoic,Neoproterozoic,Upper Brioverian,580-540 Ma,580,540,plutonic,peraluminous,continental collision,nulle ou faible,not applicable,not applicable,not applicable,not applicable,Bloc Cadomien,Indifférencié,Massifs varisques,Plutons cadomiens,2061,2063,granitoides peraluminous - leucogranites - T
France_T2.393,393,POINT (-3.5034469998790883 48.604453999552504),393,1,449,450,1,392,48.604454,-3.503447,F13-047,15,0.713446,0.000081,0,0,Grass,0,Granite,Armorican Massif,Armorican Massif [Granite],7394,7392,7392,1056000000,444000,7,7,12,5,A,h,r,ha,Ahr_ha,700007001205,1,112,A,Ah,Ahr,Ahr_ha,7392,Atlantic Central,100-200,Crystalline rocks and migmatites,Heterogeneous agric. areas,Atlantic-Hills-Rocks-Heterogeneous agric. areas,146,146,"Hercynian, Armorican Massif",30,263,130,1,2,89,142,118,50,78,65,59,89,75,79,113,98,25,27,25,46,47,46,47,49,47,36,37,36,5,7,6,9,10,9,15,17,16,12,13,12,35,330637,B,Cambisol,Good,F75,F75,F5a,Lowland to submontane types,114,60,47.798476,-3.061873,F13-047,0.713446,0.000081,0,0,Grass,0,Granite,Armorican Massif,Armorican Massif [Granite],Zm,Granite_Zm,15,"monzogranites, granodiorites",,T,Paleozoic,Carboniferous,"Tournaisian, Lower Viséan",355-335 Ma,355,335,plutonic,subalkaline,continental collision,nulle ou faible,not applicable,not applicable,not applicable,not applicable,Domaine Centre Armoricain,Indifférencié,Massifs varisques,Plutons varisques,1421,1427,granitoides calc-alkalines - subalcalins potassiques - T
France_T2.394,394,POINT (-3.1593910003942938 48.21880200011225),394,1,450,451,1,393,48.218802,-3.159391,F13-048,d1,0.711545,0.000035,0,0,Grass,0,Schist,Armorican Massif,Armorican Massif [Schist],7587,7521,7521,1256000000,692000,7,8,12,2,A,h,r,al,Ahr_al,700008001202,1,109,A,Ah,Ahr,Ahr_al,7521,Atlantic Central,200-300,Crystalline rocks and migmatites,Arable land,Atlantic-Hills-Rocks-Arable land,146,146,"Hercynian, Armorican Massif",128,312,216,1,2,93,138,107,55,78,64,66,89,75,82,112,93,26,28,27,46,47,46,47,50,48,37,37,37,5,6,5,9,10,9,16,17,16,11,12,11,30,330556,B,Cambisol,Good,F75,F75,F5a,Lowland to submontane types,61,460,47.83736,-3.040156,F13-048,0.711545,0.000035,0,0,Grass,0,Schist,Armorican Massif,Armorican Massif [Schist],Zm,Schist_Zm,d1,"shales, sandstones, quartzites, limestones",,T,Paleozoic,Devonian,Lower Devonian,410-390 Ma,410,390,sedimentary,"siliceous, aluminous, carbonatic",continental shelf,plissement isopaque,stratification,varisque,not applicable,not applicable,Domaine Centre Armoricain,Indifférencié,Massifs varisques,sediments et volcanics,1561,1561,T
France_T2.395,395,POINT (-3.207552000024748 48.17430899966064),395,1,451,452,1,394,48.174309,-3.207552,F13-049,17,0.713813,0.000089,0.712928,0.000019,Grass,-0.000885,Granite,Armorican Massif,Armorican Massif [Granite],7587,7521,7521,1256000000,692000,7,8,12,2,A,h,r,al,Ahr_al,700008001202,1,109,A,Ah,Ahr,Ahr_al,7521,Atlantic Central,200-300,Crystalline rocks and migmatites,Arable land,Atlantic-Hills-Rocks-Arable land,146,146,"Hercynian, Armorican Massif",128,312,216,1,2,93,138,107,55,78,64,66,89,75,82,112,93,26,28,27,46,47,46,47,50,48,37,37,37,5,6,5,9,10,9,16,17,16,11,12,11,30,330556,B,Cambisol,Good,F75,F75,F5a,Lowland to submontane types,61,61,48.01493,-2.972115,F13-049,0.713813,0.000089,0.712928,0.000019,Grass,-0.000885,Granite,Armorican Massif,Armorican Massif [Granite],Zm,Granite_Zm,17,"monzogranites, granodiorites",,T,Paleozoic,Carboniferous,"Upper Viséan, Namurian",335-305 Ma,335,305,plutonic,peraluminous,continental collision,nulle ou faible,not applicable,not applicable,not applicable,not applicable,Domaine Centre Armoricain,Indifférencié,Massifs varisques,Plutons varisques,1321,1326,granitoides peraluminous - granites et granodiorites - T
France_T2.396,396,POINT (-3.7326020003819735 48.22189499975451),396,1,452,453,1,395,48.221895,-3.732602,F13-051,h2,0.712444,0.000073,0.712272,0.000012,Grass,-0.000172,Wacke,Armorican Massif,Armorican Massif [Wacke],7479,7333,7333,1683000064,788000,7,6,12,5,A,l,r,ha,Alr_ha,700006001205,1,87,A,Al,Alr,Alr_ha,7333,Atlantic Central,50-100,Crystalline rocks and migmatites,Heterogeneous agric. areas,Atlantic-Lowland-Rocks-Heterogeneous agric. areas,146,146,"Hercynian, Armorican Massif",0,265,69,1,2,89,142,121,50,78,65,54,89,73,77,113,96,25,26,25,46,46,46,46,48,46,36,37,36,6,7,6,9,10,9,16,17,16,12,13,12,32,330634,B,Cambisol,Good,F75,F75,F5a,Lowland to submontane types,72,534,48.35372,-2.851908,F13-051,0.712444,0.000073,0.712272,0.000012,Grass,-0.000172,Wacke,Armorican Massif,Armorican Massif [Wacke],Zm,Wacke_Zm,h2,"wackes, shales, sandstones, coals",,T,Paleozoic,Carboniferous,"Upper Viséan, Namurian",335-305 Ma,335,305,sedimentary,"siliceous, aluminous, carbonaceous",intracontinental basin,plissement isopaque,stratification,varisque,not applicable,not applicable,Domaine Centre Armoricain,Indifférencié,Massifs varisques,sediments et volcanics,1241,1241,T
France_T2.397,397,POINT (-3.9550849998727813 48.28536600034067),397,1,453,454,1,396,48.285366,-3.955085,F13-052,h1,0.711364,0.000011,0,0,Grass,0,Wacke,Armorican Massif,Armorican Massif [Wacke],7479,7333,7333,1683000064,788000,7,6,12,5,A,l,r,ha,Alr_ha,700006001205,1,87,A,Al,Alr,Alr_ha,7333,Atlantic Central,50-100,Crystalline rocks and migmatites,Heterogeneous agric. areas,Atlantic-Lowland-Rocks-Heterogeneous agric. areas,146,146,"Hercynian, Armorican Massif",0,265,69,1,2,89,142,121,50,78,65,54,89,73,77,113,96,25,26,25,46,46,46,46,48,46,36,37,36,6,7,6,9,10,9,16,17,16,12,13,12,32,330634,B,Cambisol,Good,F75,F75,F5a,Lowland to submontane types,72,535,48.380599,-2.895961,F13-052,0.711364,0.000011,0,0,Grass,0,Wacke,Armorican Massif,Armorican Massif [Wacke],Zm,Wacke_Zm,h1,"shales, sandstones, wackes, limestones",,T,Paleozoic,Carboniferous,"Tournaisian, Lower Viséan",355-335 Ma,355,335,sedimentary,"siliceous, aluminous, carbonatic",intracontinental basin,plissement isopaque,stratification,varisque,not applicable,not applicable,Domaine Centre Armoricain,Indifférencié,Massifs varisques,sediments et volcanics,1381,1381,T
France_T2.398,398,POINT (-3.958696000020325 48.313047999865375),398,1,454,455,1,397,48.313048,-3.958696,F13-053,d2,0.710622,0.000029,0,0,Grass,0,Schist,Armorican Massif,Armorican Massif [Schist],7680,7478,7478,2542000128,848000,7,7,12,5,A,h,r,ha,Ahr_ha,700007001205,1,112,A,Ah,Ahr,Ahr_ha,7478,Atlantic Central,100-200,Crystalline rocks and migmatites,Heterogeneous agric. areas,Atlantic-Hills-Rocks-Heterogeneous agric. areas,146,146,"Hercynian, Armorican Massif",34,300,145,1,2,91,141,121,55,78,70,68,90,81,82,113,102,26,27,26,46,47,46,47,49,47,36,37,36,5,7,5,9,10,9,16,17,16,12,13,12,34,330637,B,Cambisol,Good,F75,F75,F5a,Lowland to submontane types,114,461,48.422989,-2.93156,F13-053,0.710622,0.000029,0,0,Grass,0,Schist,Armorican Massif,Armorican Massif [Schist],Zm,Schist_Zm,d2,"shales, ampelites, limestones, sandstones",,T,Paleozoic,Devonian,Middle-Upper Devonian,390-355 Ma,390,355,sedimentary,"siliceous, aluminous, carbonatic",continental shelf,plissement isopaque,stratification,varisque,not applicable,not applicable,Domaine Centre Armoricain,Indifférencié,Massifs varisques,sediments et volcanics,1481,1481,T
France_T2.399,399,POINT (-3.9789739998501545 48.412134999830414),399,1,455,456,1,398,48.412135,-3.978974,F13-055,15,0.711042,0.000019,0,0,Grass,0,Granite,Armorican Massif,Armorican Massif [Granite],7394,7392,7392,1056000000,444000,7,7,12,5,A,h,r,ha,Ahr_ha,700007001205,1,112,A,Ah,Ahr,Ahr_ha,7392,Atlantic Central,100-200,Crystalline rocks and migmatites,Heterogeneous agric. areas,Atlantic-Hills-Rocks-Heterogeneous agric. areas,146,146,"Hercynian, Armorican Massif",30,263,130,1,2,89,142,118,50,78,65,59,89,75,79,113,98,25,27,25,46,47,46,47,49,47,36,37,36,5,7,6,9,10,9,15,17,16,12,13,12,35,330637,B,Cambisol,Good,F75,F75,F5a,Lowland to submontane types,114,62,48.507003,-2.611797,F13-055,0.711042,0.000019,0,0,Grass,0,Granite,Armorican Massif,Armorican Massif [Granite],Zm,Granite_Zm,15,peraluminous leucogranites,,T,Paleozoic,Carboniferous,"Tournaisian, Lower Viséan",355-335 Ma,355,335,plutonic,peraluminous,continental collision,nulle ou faible,not applicable,not applicable,not applicable,not applicable,Domaine Centre Armoricain,Indifférencié,Massifs varisques,Plutons varisques,1421,1425,granitoides peraluminous - leucogranites - T
France_T2.400,400,POINT (-4.102673999905107 48.42016200037608),400,1,456,457,1,399,48.420162,-4.102674,F13-056,sd1,0.709375,0.000021,0,0,Grass,0,Schist,Armorican Massif,Armorican Massif [Schist],7394,7392,7392,1056000000,444000,7,7,12,5,A,h,r,ha,Ahr_ha,700007001205,1,112,A,Ah,Ahr,Ahr_ha,7392,Atlantic Central,100-200,Crystalline rocks and migmatites,Heterogeneous agric. areas,Atlantic-Hills-Rocks-Heterogeneous agric. areas,146,146,"Hercynian, Armorican Massif",30,263,130,1,2,89,142,118,50,78,65,59,89,75,79,113,98,25,27,25,46,47,46,47,49,47,36,37,36,5,7,6,9,10,9,15,17,16,12,13,12,35,330637,B,Cambisol,Good,F75,F75,F5a,Lowland to submontane types,114,462,48.582083,-2.824057,F13-056,0.709375,0.000021,0,0,Grass,0,Schist,Armorican Massif,Armorican Massif [Schist],Zm,Schist_Zm,sd1,"shales, quartzites, ampelites",,T,Paleozoic,"Silurian, Devonian","Silurian, Lower Devonian",435-390 Ma,435,390,sedimentary,"siliceous, aluminous",continental shelf,plissement isopaque,stratification,varisque,not applicable,not applicable,Domaine Centre Armoricain,Indifférencié,Massifs varisques,sediments et volcanics,1641,1641,T
France_T2.401,401,POINT (-4.0559629996926105 48.56815900033763),401,1,457,458,1,400,48.568159,-4.055963,F13-057,bk,0.714405,0.000024,0,0,Grass,0,Mica schist,Armorican Massif,Armorican Massif [Mica schist],7632,7320,7320,4244999936,1116000,7,6,12,2,A,l,r,al,Alr_al,700006001202,1,84,A,Al,Alr,Alr_al,7320,Atlantic Central,50-100,Crystalline rocks and migmatites,Arable land,Atlantic-Lowland-Rocks-Arable land,146,146,"Hercynian, Armorican Massif",0,178,66,1,1,70,128,85,41,67,49,56,78,62,67,103,77,25,28,26,46,47,46,46,50,49,36,37,36,5,7,5,9,10,9,16,18,16,12,13,12,28,330562,B,Cambisol,Good,F75,F75,F5a,Lowland to submontane types,69,296,48.551369,-2.979378,F13-057,0.714405,0.000024,0,0,Grass,0,Mica schist,Armorican Massif,Armorican Massif [Mica schist],Zm,Mica schist_Zm,bk,"micaschists, paragneisses, amphibolites",,T,"Proterozoic, Paleozoic","Neoproterozoic, Cambrian","Brioverian, Cambrian",670-500 Ma,670,500,metamorphic,"siliceous, aluminous, magnesium",indeterminate,"plissement, cisaillement",foliation,varisque,mésovarisque,amphibolite,Léon,Indifférencié,Massifs varisques,Roches metamorphics,2201,2201,T
France_T2.402,402,POINT (-4.402486999675261 48.47954300030926),402,1,458,459,1,401,48.479543,-4.402487,F13-058,15,0.70963,0.000024,0.709141,0.000011,Grass,-0.000489,Granite,Armorican Massif,Armorican Massif [Granite],7479,7333,7333,1683000064,788000,7,6,12,5,A,l,r,ha,Alr_ha,700006001205,1,87,A,Al,Alr,Alr_ha,7333,Atlantic Central,50-100,Crystalline rocks and migmatites,Heterogeneous agric. areas,Atlantic-Lowland-Rocks-Heterogeneous agric. areas,146,146,"Hercynian, Armorican Massif",0,265,69,1,2,89,142,121,50,78,65,54,89,73,77,113,96,25,26,25,46,46,46,46,48,46,36,37,36,6,7,6,9,10,9,16,17,16,12,13,12,32,330634,B,Cambisol,Good,F75,F75,F5a,Lowland to submontane types,72,63,48.546504,-3.089825,F13-058,0.70963,0.000024,0.709141,0.000011,Grass,-0.000489,Granite,Armorican Massif,Armorican Massif [Granite],Zm,Granite_Zm,15,"monzogranites, granodiorites",,T,Paleozoic,Carboniferous,"Tournaisian, Lower Viséan",355-335 Ma,355,335,plutonic,peraluminous,continental collision,nulle ou faible,not applicable,not applicable,not applicable,not applicable,Léon,Indifférencié,Massifs varisques,Plutons varisques,1421,1426,granitoides peraluminous - granites et granodiorites - T
France_T2.403,403,POINT (-4.619799999969985 48.40555500036305),403,1,459,460,1,402,48.405555,-4.6198,F13-059,bk,0.710079,0.000031,0.710426,0.000014,Grass,0.000347,Granite,Armorican Massif,Armorican Massif [Granite],7321,7405,7405,138000000,84000,7,6,12,2,A,l,r,al,Alr_al,700006001202,1,84,A,Al,Alr,Alr_al,7405,Atlantic Central,50-100,Crystalline rocks and migmatites,Arable land,Atlantic-Lowland-Rocks-Arable land,146,146,"Hercynian, Armorican Massif",6,109,59,1,1,99,112,101,54,59,55,58,67,59,81,89,82,25,25,25,46,46,46,46,46,46,36,36,36,7,7,7,9,10,9,16,17,16,13,13,13,17,330637,B,Cambisol,Good,F75,F75,F5a,Lowland to submontane types,69,64,48.604454,-3.503447,F13-059,0.710079,0.000031,0.710426,0.000014,Grass,0.000347,Granite,Armorican Massif,Armorican Massif [Granite],Zm,Granite_Zm,bk,"micaschists, paragneisses, amphibolites",,T,"Proterozoic, Paleozoic","Neoproterozoic, Cambrian","Brioverian, Cambrian",670-500 Ma,670,500,metamorphic,"siliceous, aluminous, magnesium",indeterminate,"plissement, cisaillement",foliation,varisque,mésovarisque,amphibolite,Léon,Indifférencié,Massifs varisques,Roches metamorphics,2201,2201,T
France_T2.404,404,POINT (-4.676636000351095 48.363706999578426),404,1,460,461,1,403,48.363707,-4.676636,F13-060,7,0.715121,0.000019,0.714651,0.00001,Grass,-0.00047,Schist,Armorican Massif,Armorican Massif [Schist],7321,7405,7405,138000000,84000,7,6,12,2,A,l,r,al,Alr_al,700006001202,1,84,A,Al,Alr,Alr_al,7405,Atlantic Central,50-100,Crystalline rocks and migmatites,Arable land,Atlantic-Lowland-Rocks-Arable land,146,146,"Hercynian, Armorican Massif",6,109,59,1,1,99,112,101,54,59,55,58,67,59,81,89,82,25,25,25,46,46,46,46,46,46,36,36,36,7,7,7,9,10,9,16,17,16,13,13,13,17,330637,B,Cambisol,Good,F75,F75,F5a,Lowland to submontane types,69,463,48.218802,-3.159391,F13-060,0.715121,0.000019,0.714651,0.00001,Grass,-0.00047,Schist,Armorican Massif,Armorican Massif [Schist],Zm,Schist_Zm,7,"metaquartzdiorites, metagranodiorites",,T,Paleozoic,"Cambrian, Ordovician","Cambrian, Lower-Middle Ordovician",520-455 Ma,520,455,metamorphic,"siliceous, aluminous",indeterminate,"aplatissement, cisaillement",schistosité,varisque,mésovarisque,schiste vert,Léon,Indifférencié,Massifs varisques,Roches orthogneissesiques,1981,1981,T
France_T2.405,405,POINT (-3.9643400003906777 48.08499499981946),405,1,461,462,1,404,48.084995,-3.96434,F13-061,17,0.711422,0.000019,0.711307,0.000008,Ivy,-0.000115,Granite,Armorican Massif,Armorican Massif [Granite],7680,7478,7478,2542000128,848000,7,7,12,5,A,h,r,ha,Ahr_ha,700007001205,1,112,A,Ah,Ahr,Ahr_ha,7478,Atlantic Central,100-200,Crystalline rocks and migmatites,Heterogeneous agric. areas,Atlantic-Hills-Rocks-Heterogeneous agric. areas,146,146,"Hercynian, Armorican Massif",34,300,145,1,2,91,141,121,55,78,70,68,90,81,82,113,102,26,27,26,46,47,46,47,49,47,36,37,36,5,7,5,9,10,9,16,17,16,12,13,12,34,330637,B,Cambisol,Good,F75,F75,F5a,Lowland to submontane types,114,65,48.174309,-3.207552,F13-061,0.711422,0.000019,0.711307,0.000008,Ivy,-0.000115,Granite,Armorican Massif,Armorican Massif [Granite],Zm,Granite_Zm,17,peraluminous leucogranites,,T,Paleozoic,Carboniferous,"Upper Viséan, Namurian",335-305 Ma,335,305,plutonic,peraluminous,continental collision,nulle ou faible,not applicable,not applicable,not applicable,not applicable,Domaine Centre Armoricain,Indifférencié,Massifs varisques,Plutons varisques,1321,1325,granitoides peraluminous - leucogranites - T
France_T2.406,406,POINT (-3.897453999702293 48.06291100034247),406,1,462,463,1,405,48.062911,-3.897454,F13-062,b2k,0.711611,0.000016,0.711546,0.000013,Grass,-0.000065,Mica schist,Armorican Massif,Armorican Massif [Mica schist],7680,7478,7478,2542000128,848000,7,7,12,5,A,h,r,ha,Ahr_ha,700007001205,1,112,A,Ah,Ahr,Ahr_ha,7478,Atlantic Central,100-200,Crystalline rocks and migmatites,Heterogeneous agric. areas,Atlantic-Hills-Rocks-Heterogeneous agric. areas,146,146,"Hercynian, Armorican Massif",34,300,145,1,2,91,141,121,55,78,70,68,90,81,82,113,102,26,27,26,46,47,46,47,49,47,36,37,36,5,7,5,9,10,9,16,17,16,12,13,12,34,330637,B,Cambisol,Good,F75,F75,F5a,Lowland to submontane types,114,297,48.221895,-3.732602,F13-062,0.711611,0.000016,0.711546,0.000013,Grass,-0.000065,Mica schist,Armorican Massif,Armorican Massif [Mica schist],Zm,Mica schist_Zm,b2k,"micaschists, paragneisses",,T,"Proterozoic, Paleozoic","Neoproterozoic, Cambrian","Upper Brioverian, Cambrian",580-520 Ma,580,520,metamorphic,"siliceous, aluminous",indeterminate,"plissement, cisaillement",foliation,varisque,néovarisque,amphibolite,Domaine Centre Armoricain,Indifférencié,Massifs varisques,Roches metamorphics,2041,2041,T
France_T2.407,407,POINT (-1.9605169998596352 48.089809999731756),407,1,463,464,1,406,48.08981,-1.960517,F13-063,b2k,0.713688,0.000075,0.71338,0.00001,Grass,-0.000308,Sandstone,Armorican Massif,Armorican Massif [Sandstone],8190,7566,7566,10145999872,1978000,9,6,12,5,A,l,r,ha,Alr_ha,900006001205,1,87,A,Al,Alr,Alr_ha,7566,Lusitanian,50-100,Crystalline rocks and migmatites,Heterogeneous agric. areas,Atlantic-Lowland-Rocks-Heterogeneous agric. areas,146,146,"Hercynian, Armorican Massif",2,250,63,0,1,70,104,76,44,62,49,55,83,60,66,97,74,26,27,26,47,50,48,49,52,50,35,41,37,4,6,4,9,11,10,17,19,17,11,13,12,27,330562,B,Cambisol,Good,F4,F4,F1a,Lowland to submontane types (Acidophilous oak and mixed oak forests),72,434,48.285366,-3.955085,F13-063,0.713688,0.000075,0.71338,0.00001,Grass,-0.000308,Sandstone,Armorican Massif,Armorican Massif [Sandstone],Zm,Sandstone_Zm,b2k,"wackes, shales, sandstones, arkoses",,T,"Proterozoic, Paleozoic","Neoproterozoic, Cambrian","Upper Brioverian, Cambrian",580-520 Ma,580,520,sedimentary,"siliceous, aluminous",intracontinental basin,plissement isopaque,stratification,varisque,not applicable,not applicable,Domaine Centre Armoricain,Indifférencié,Massifs varisques,sediments et volcanics,2041,2041,T
France_T2.408,408,POINT (-2.1436789999858092 47.95454699974431),408,1,464,465,1,407,47.954547,-2.143679,F13-064,o1,0.714845,0.000034,0.715697,0.000011,Grass,0.000852,Sandstone,Armorican Massif,Armorican Massif [Sandstone],8190,7566,7566,10145999872,1978000,9,6,12,5,A,l,r,ha,Alr_ha,900006001205,1,87,A,Al,Alr,Alr_ha,7566,Lusitanian,50-100,Crystalline rocks and migmatites,Heterogeneous agric. areas,Atlantic-Lowland-Rocks-Heterogeneous agric. areas,146,146,"Hercynian, Armorican Massif",2,250,63,0,1,70,104,76,44,62,49,55,83,60,66,97,74,26,27,26,47,50,48,49,52,50,35,41,37,4,6,4,9,11,10,17,19,17,11,13,12,27,330562,B,Cambisol,Good,F4,F4,F1a,Lowland to submontane types (Acidophilous oak and mixed oak forests),72,435,48.313048,-3.958696,F13-064,0.714845,0.000034,0.715697,0.000011,Grass,0.000852,Sandstone,Armorican Massif,Armorican Massif [Sandstone],Zm,Sandstone_Zm,o1,"sandstones, conglomerates, shales",,T,Paleozoic,Ordovician,Lower-Middle Ordovician,500-455 Ma,500,455,sedimentary,"siliceous, aluminous",continental,plissement isopaque,stratification,varisque,not applicable,not applicable,Domaine Centre Armoricain,Indifférencié,Massifs varisques,sediments et volcanics,1681,1682,dépôts continentaux (basins de Paris et d'Aquitaine ou du Massif Armoricain) - T
France_T2.409,409,POINT (-1.7747979996279355 47.92716399961893),409,1,466,467,1,408,47.927164,-1.774798,F13-066,o2,0.714784,0.000054,0.715267,0.00001,Grass,0.000483,Schist,Armorican Massif,Armorican Massif [Schist],8180,7815,7815,786000000,614000,9,5,1,5,A,l,s,ha,Als_ha,900005000105,1,96,A,Al,Als,Als_ha,7815,Lusitanian,20-50,River alluvium,Heterogeneous agric. areas,Atlantic-Lowland-Sediments-Heterogeneous agric. areas,146,146,"Hercynian, Armorican Massif",0,98,17,0,1,73,84,77,43,52,46,55,62,57,73,78,75,26,27,26,47,48,47,49,52,50,36,40,37,5,6,5,10,11,10,17,19,17,12,13,12,16,330343,J,Fluvisol,Hydromorphic,F4,F4,F1a,Lowland to submontane types (Acidophilous oak and mixed oak forests),166,464,48.412135,-3.978974,F13-066,0.714784,0.000054,0.715267,0.00001,Grass,0.000483,Schist,Armorican Massif,Armorican Massif [Schist],Zm,Schist_Zm,o2,"sandstones, quartzites, shales, limestones",,T,Paleozoic,Ordovician,Upper Ordovician,455-435 Ma,455,435,sedimentary,"siliceous, aluminous, carbonatic",continental shelf,plissement isopaque,stratification,varisque,not applicable,not applicable,Domaine Centre Armoricain,Indifférencié,Massifs varisques,sediments et volcanics,1661,1661,T
France_T2.410,410,POINT (-1.4325390002745735 48.30927600038717),410,1,467,468,1,409,48.309276,-1.432539,F13-068,3,0.717568,0.000025,0.717033,0.00001,Grass,-0.000535,Granite,Armorican Massif,Armorican Massif [Granite],8190,7566,7566,10145999872,1978000,9,6,12,5,A,l,r,ha,Alr_ha,900006001205,1,87,A,Al,Alr,Alr_ha,7566,Lusitanian,50-100,Crystalline rocks and migmatites,Heterogeneous agric. areas,Atlantic-Lowland-Rocks-Heterogeneous agric. areas,146,146,"Hercynian, Armorican Massif",2,250,63,0,1,70,104,76,44,62,49,55,83,60,66,97,74,26,27,26,47,50,48,49,52,50,35,41,37,4,6,4,9,11,10,17,19,17,11,13,12,27,330562,B,Cambisol,Good,F4,F4,F1a,Lowland to submontane types (Acidophilous oak and mixed oak forests),72,66,48.568159,-4.055963,F13-068,0.717568,0.000025,0.717033,0.00001,Grass,-0.000535,Granite,Armorican Massif,Armorican Massif [Granite],Zm,Granite_Zm,3,"monzogranites, granodiorites",,T,Proterozoic,Neoproterozoic,Upper Brioverian,580-540 Ma,580,540,plutonic,peraluminous,continental collision,nulle ou faible,not applicable,not applicable,not applicable,not applicable,Bloc Cadomien,Indifférencié,Massifs varisques,Plutons cadomiens,2061,2064,granitoides peraluminous - granites et granodiorites - T
France_T2.411,411,POINT (-1.1178970001463995 48.33269100008965),411,1,468,469,1,410,48.332691,-1.117897,F13-069,b2,0.715018,0.00002,0.714906,0.000011,Grass,-0.000112,Schist,Armorican Massif,Armorican Massif [Schist],8190,7566,7566,10145999872,1978000,9,6,12,5,A,l,r,ha,Alr_ha,900006001205,1,87,A,Al,Alr,Alr_ha,7566,Lusitanian,50-100,Crystalline rocks and migmatites,Heterogeneous agric. areas,Atlantic-Lowland-Rocks-Heterogeneous agric. areas,146,146,"Hercynian, Armorican Massif",2,250,63,0,1,70,104,76,44,62,49,55,83,60,66,97,74,26,27,26,47,50,48,49,52,50,35,41,37,4,6,4,9,11,10,17,19,17,11,13,12,27,330562,B,Cambisol,Good,F4,F4,F1a,Lowland to submontane types (Acidophilous oak and mixed oak forests),72,465,48.479543,-4.402487,F13-069,0.715018,0.00002,0.714906,0.000011,Grass,-0.000112,Schist,Armorican Massif,Armorican Massif [Schist],Zm,Schist_Zm,b2,"shales, sandstones, wackes",,T,Proterozoic,Neoproterozoic,Upper Brioverian,580-540 Ma,580,540,sedimentary,"siliceous, aluminous",intracontinental basin,plissement isopaque,stratification,varisque,not applicable,not applicable,Bloc Cadomien,Indifférencié,Massifs varisques,Socle cadomien,2021,2021,T
France_T2.412,412,POINT (-0.7766200002128016 48.08593900018474),412,1,469,470,1,411,48.085939,-0.77662,F13-070,h2,0.711423,0.000011,0.711367,0.000012,Grass,-0.000056,Schist,Armorican Massif,Armorican Massif [Schist],7856,7974,7974,14000000,18000,9,7,12,1,A,h,r,af,URBAN,1,1,1,A,UR,URB,URBAN,7974,Lusitanian,100-200,Crystalline rocks and migmatites,Artificial surfaces,URBAN,146,146,"Hercynian, Armorican Massif",49,120,89,1,2,80,80,80,53,54,53,67,67,67,74,75,74,26,26,26,49,50,49,50,50,50,38,38,38,4,4,4,9,9,9,17,18,17,11,12,11,22,330556,B,Cambisol,Good,F4,F4,F1a,Lowland to submontane types (Acidophilous oak and mixed oak forests),4648,466,48.405555,-4.6198,F13-070,0.711423,0.000011,0.711367,0.000012,Grass,-0.000056,Schist,Armorican Massif,Armorican Massif [Schist],Zm,Schist_Zm,h2,"wackes, shales, sandstones, coals",,T,Paleozoic,Carboniferous,"Upper Viséan, Namurian",335-305 Ma,335,305,sedimentary,"siliceous, aluminous, carbonaceous",intracontinental basin,plissement isopaque,stratification,varisque,not applicable,not applicable,Domaine Centre Armoricain,Indifférencié,Massifs varisques,sediments et volcanics,1241,1241,T
France_T2.413,413,POINT (-0.4594739997252759 48.09840500039053),413,1,471,472,1,412,48.098405,-0.459474,F13-072,k,0.714676,0.00007,0.715301,0.000011,Grass,0.000625,Rhyolitoid,Armorican Massif,Armorican Massif [Rhyolitoid],8122,7954,7954,1476999936,336000,9,6,12,4,A,l,r,pa,Alr_pa,900006001204,1,86,A,Al,Alr,Alr_pa,7954,Lusitanian,50-100,Crystalline rocks and migmatites,Pastures,Atlantic-Lowland-Rocks-Pastures,146,146,"Hercynian, Armorican Massif",12,217,76,0,1,68,82,73,47,54,50,58,69,63,63,75,67,25,26,25,50,51,50,50,51,50,38,40,38,3,4,3,9,10,9,17,18,17,11,12,11,24,330556,B,Cambisol,Good,F4,F4,F1a,Lowland to submontane types (Acidophilous oak and mixed oak forests),79,367,48.084995,-3.96434,F13-072,0.714676,0.00007,0.715301,0.000011,Grass,0.000625,Rhyolitoid,Armorican Massif,Armorican Massif [Rhyolitoid],Al,Rhyolitoid_Al,k,"rhyodacites, acid tuffs, ignimbrites",,T,Paleozoic,Cambrian,Cambrian,540-500 Ma,540,500,volcanic,"calc-alkaline, subalkaline",continental collision,plissement isopaque,stratification,varisque,not applicable,not applicable,Bloc Cadomien,Indifférencié,Massifs varisques,sediments et volcanics,1841,1845,volcanisme acide - calc-alkaline à alcalin - T
France_T2.414,414,POINT (-0.4720539997921946 48.14543900020976),414,1,472,473,1,413,48.145439,-0.472054,F13-073,k,0.709427,0.000017,0.708849,0.000012,Grass,-0.000578,Limestone,Armorican Massif,Armorican Massif [Limestone],8122,7954,7954,1476999936,336000,9,6,12,4,A,l,r,pa,Alr_pa,900006001204,1,86,A,Al,Alr,Alr_pa,7954,Lusitanian,50-100,Crystalline rocks and migmatites,Pastures,Atlantic-Lowland-Rocks-Pastures,146,146,"Hercynian, Armorican Massif",12,217,76,0,1,68,82,73,47,54,50,58,69,63,63,75,67,25,26,25,50,51,50,50,51,50,38,40,38,3,4,3,9,10,9,17,18,17,11,12,11,24,330556,B,Cambisol,Good,F4,F4,F1a,Lowland to submontane types (Acidophilous oak and mixed oak forests),79,251,48.062911,-3.897454,F13-073,0.709427,0.000017,0.708849,0.000012,Grass,-0.000578,Limestone,Armorican Massif,Armorican Massif [Limestone],Al,Limestone_Al,k,"shales, sandstones, arkoses, limestones",,T,Paleozoic,Cambrian,Cambrian,540-500 Ma,540,500,sedimentary,"siliceous, aluminous, carbonatic",continental shelf,plissement isopaque,stratification,varisque,not applicable,not applicable,Bloc Cadomien,Indifférencié,Massifs varisques,sediments et volcanics,1841,1841,T
France_T2.415,415,POINT (-0.4703799999369949 48.21850699999811),415,1,473,474,1,414,48.218507,-0.47038,F13-074,3,0.716724,0.000038,0.716132,0.000013,Grass,-0.000592,Granite,Armorican Massif,Armorican Massif [Granite],7929,7462,7462,5411999744,1624000,7,7,12,4,A,h,r,pa,Ahr_pa,700007001204,1,111,A,Ah,Ahr,Ahr_pa,7462,Atlantic Central,100-200,Crystalline rocks and migmatites,Pastures,Atlantic-Hills-Rocks-Pastures,146,146,"Hercynian, Armorican Massif",9,331,144,1,2,74,119,92,48,73,57,60,96,75,66,112,86,24,27,25,47,51,48,49,50,49,35,39,36,3,6,4,8,10,8,16,18,17,11,13,11,40,330562,B,Cambisol,Good,F76,F76,F5a,Lowland to submontane types,71,67,48.08981,-1.960517,F13-074,0.716724,0.000038,0.716132,0.000013,Grass,-0.000592,Granite,Armorican Massif,Armorican Massif [Granite],Al,Granite_Al,3,"monzogranites, granodiorites",,T,Proterozoic,Neoproterozoic,Upper Brioverian,580-540 Ma,580,540,plutonic,peraluminous,continental collision,nulle ou faible,not applicable,not applicable,not applicable,not applicable,Bloc Cadomien,Indifférencié,Massifs varisques,Plutons cadomiens,2061,2064,granitoides peraluminous - granites et granodiorites - T
France_T2.416,416,POINT (-0.5954569996407599 48.87584699993914),416,1,474,475,1,415,48.875847,-0.595457,F13-075,b2,0.714994,0.000033,0.714893,0.000012,Grass,-0.000101,Schist,Armorican Massif,Armorican Massif [Schist],7929,7462,7462,5411999744,1624000,7,7,12,4,A,h,r,pa,Ahr_pa,700007001204,1,111,A,Ah,Ahr,Ahr_pa,7462,Atlantic Central,100-200,Crystalline rocks and migmatites,Pastures,Atlantic-Hills-Rocks-Pastures,146,146,"Hercynian, Armorican Massif",9,331,144,1,2,74,119,92,48,73,57,60,96,75,66,112,86,24,27,25,47,51,48,49,50,49,35,39,36,3,6,4,8,10,8,16,18,17,11,13,11,40,330562,B,Cambisol,Good,F76,F76,F5a,Lowland to submontane types,71,467,47.954547,-2.143679,F13-075,0.714994,0.000033,0.714893,0.000012,Grass,-0.000101,Schist,Armorican Massif,Armorican Massif [Schist],Al,Schist_Al,b2,"shales, sandstones, wackes",,T,Proterozoic,Neoproterozoic,Upper Brioverian,580-540 Ma,580,540,sedimentary,"siliceous, aluminous",intracontinental basin,plissement isopaque,stratification,varisque,not applicable,not applicable,Bloc Cadomien,Indifférencié,Massifs varisques,Socle cadomien,2021,2021,T
France_T2.417,417,POINT (-0.918557000405201 48.772215999968466),417,1,475,476,1,416,48.772216,-0.918557,F13-076,3,0.711807,0.00009,0.711926,0.000014,Grass,0.000119,Granite,Armorican Massif,Armorican Massif [Granite],7834,7551,7551,2736999936,816000,7,8,12,4,A,h,r,pa,Ahr_pa,700008001204,1,111,A,Ah,Ahr,Ahr_pa,7551,Atlantic Central,200-300,Crystalline rocks and migmatites,Pastures,Atlantic-Hills-Rocks-Pastures,146,146,"Hercynian, Armorican Massif",75,397,238,1,3,78,119,90,52,73,58,65,96,75,70,110,82,23,26,25,48,50,49,47,50,49,35,38,36,3,5,3,8,9,8,16,17,16,10,12,10,44,330562,B,Cambisol,Good,F76,F76,F5a,Lowland to submontane types,71,68,47.892967,-1.868582,F13-076,0.711807,0.00009,0.711926,0.000014,Grass,0.000119,Granite,Armorican Massif,Armorican Massif [Granite],Al,Granite_Al,3,"monzogranites, granodiorites",,T,Proterozoic,Neoproterozoic,Upper Brioverian,580-540 Ma,580,540,plutonic,peraluminous,continental collision,nulle ou faible,not applicable,not applicable,not applicable,not applicable,Bloc Cadomien,Indifférencié,Massifs varisques,Plutons cadomiens,2061,2064,granitoides peraluminous - granites et granodiorites - T
France_T2.418,418,POINT (-0.70262099975929 48.930525999775114),418,1,476,477,1,417,48.930526,-0.702621,F13-077,k,0.718218,0.000021,0.718675,0.000012,Grass,0.000457,Sandstone,Armorican Massif,Armorican Massif [Sandstone],7929,7462,7462,5411999744,1624000,7,7,12,4,A,h,r,pa,Ahr_pa,700007001204,1,111,A,Ah,Ahr,Ahr_pa,7462,Atlantic Central,100-200,Crystalline rocks and migmatites,Pastures,Atlantic-Hills-Rocks-Pastures,146,146,"Hercynian, Armorican Massif",9,331,144,1,2,74,119,92,48,73,57,60,96,75,66,112,86,24,27,25,47,51,48,49,50,49,35,39,36,3,6,4,8,10,8,16,18,17,11,13,11,40,330562,B,Cambisol,Good,F76,F76,F5a,Lowland to submontane types,71,436,47.927164,-1.774798,F13-077,0.718218,0.000021,0.718675,0.000012,Grass,0.000457,Sandstone,Armorican Massif,Armorican Massif [Sandstone],Al,Sandstone_Al,k,"shales, sandstones, arkoses, limestones",,T,Paleozoic,Cambrian,Cambrian,540-500 Ma,540,500,sedimentary,"siliceous, aluminous, carbonatic",continental shelf,plissement isopaque,stratification,varisque,not applicable,not applicable,Bloc Cadomien,Indifférencié,Massifs varisques,sediments et volcanics,1841,1841,T
France_T2.419,419,POINT (-0.6986690000742328 48.94344800032502),419,1,477,478,1,418,48.943448,-0.698669,F13-078,k,0.71588,0.000014,0.715245,0.000011,Ivy,-0.000635,Sandstone,Armorican Massif,Armorican Massif [Sandstone],7391,7486,7486,30000000,46000,7,8,12,5,A,h,r,ha,Ahr_ha,700008001205,1,112,A,Ah,Ahr,Ahr_ha,7486,Atlantic Central,200-300,Crystalline rocks and migmatites,Heterogeneous agric. areas,Atlantic-Hills-Rocks-Heterogeneous agric. areas,146,146,"Hercynian, Armorican Massif",178,304,243,1,2,93,107,96,59,67,62,77,88,80,95,103,95,26,27,26,48,49,48,50,50,50,36,37,36,4,4,4,8,9,8,17,17,17,11,12,11,27,330634,B,Cambisol,Good,F76,F76,F5a,Lowland to submontane types,114,437,48.276726,-1.424247,F13-078,0.71588,0.000014,0.715245,0.000011,Ivy,-0.000635,Sandstone,Armorican Massif,Armorican Massif [Sandstone],Al,Sandstone_Al,k,"shales, sandstones, arkoses, limestones",,T,Paleozoic,Cambrian,Cambrian,540-500 Ma,540,500,sedimentary,"siliceous, aluminous, carbonatic",continental shelf,plissement isopaque,stratification,varisque,not applicable,not applicable,Bloc Cadomien,Indifférencié,Massifs varisques,sediments et volcanics,1841,1841,T
France_T2.420,420,POINT (-1.1171410003568099 49.09360099988629),420,1,479,480,1,419,49.093601,-1.117141,F13-080,b1,0.713719,0.000015,0.714019,0.000013,Grass,0.0003,Schist,Armorican Massif,Armorican Massif [Schist],7387,7369,7369,1431000064,310000,7,7,9,4,A,h,s,pa,Ahs_pa,700007000904,1,120,A,Ah,Ahs,Ahs_pa,7369,Atlantic Central,100-200,Soft loam,Pastures,Atlantic-Hills-Sediments-Pastures,146,146,"Hercynian, Armorican Massif",10,231,94,1,2,82,108,95,46,66,56,70,89,79,81,106,95,26,27,26,47,49,47,50,51,50,33,37,34,4,6,4,9,10,9,17,18,17,12,13,12,37,332480,L,Luvisol,Good,F76,F76,F5a,Lowland to submontane types,105,468,48.332691,-1.117897,F13-080,0.713719,0.000015,0.714019,0.000013,Grass,0.0003,Schist,Armorican Massif,Armorican Massif [Schist],Al,Schist_Al,b1,"shales, sandstones, tuffites, phtanites",,T,Proterozoic,Neoproterozoic,Lower Brioverian,670-580 Ma,670,580,sedimentary,"siliceous, aluminous",continental shelf,plissement isopaque,stratification,cadomien,not applicable,not applicable,Bloc Cadomien,Indifférencié,Massifs varisques,Socle cadomien,2101,2101,T
France_T2.421,421,POINT (-1.340990999934661 49.550035999861564),421,1,480,481,1,420,49.550036,-1.340991,F13-081,t,0.710456,0.000018,0,0,Grass,0,Clay,Armorican Massif,Armorican Massif [Clay],7411,7105,7105,2110000000,816000,7,5,5,4,A,l,s,pa,Als_pa,700005000504,1,95,A,Al,Als,Als_pa,7105,Atlantic Central,20-50,Soft clayey materials,Pastures,Atlantic-Lowland-Sediments-Pastures,146,146,"Hercynian, Armorican Massif",0,168,36,0,1,77,113,92,46,57,49,66,82,76,81,101,91,25,27,25,45,48,46,49,51,50,30,37,32,5,6,5,8,10,9,16,18,17,12,13,12,35,330553,B,Cambisol,Good,F76,F76,F5a,Lowland to submontane types,160,13,48.085939,-0.77662,F13-081,0.710456,0.000018,0,0,Grass,0,Clay,Armorican Massif,Armorican Massif [Clay],Al,Clay_Al,t,"clays, cobbles, sands",,T,Mesozoic,Triassic,Triassic,250-203 Ma,250,203,sedimentary,"siliceous, aluminous",continental,nulle ou faible,stratification,not applicable,not applicable,not applicable,Bloc Cadomien,Indifférencié,basins et Fossés,sediments et volcanics,1061,1061,T
France_T2.422,422,POINT (-1.3188139997662347 49.57052799966749),422,1,481,482,1,421,49.570528,-1.318814,F13-082,b1,0.710338,0.000024,0.710387,0.000013,Grass,0.000049,Schist,Armorican Massif,Armorican Massif [Schist],7411,7105,7105,2110000000,816000,7,5,5,4,A,l,s,pa,Als_pa,700005000504,1,95,A,Al,Als,Als_pa,7105,Atlantic Central,20-50,Soft clayey materials,Pastures,Atlantic-Lowland-Sediments-Pastures,146,146,"Hercynian, Armorican Massif",0,168,36,0,1,77,113,92,46,57,49,66,82,76,81,101,91,25,27,25,45,48,46,49,51,50,30,37,32,5,6,5,8,10,9,16,18,17,12,13,12,35,330553,B,Cambisol,Good,F76,F76,F5a,Lowland to submontane types,160,469,47.990478,-0.628169,F13-082,0.710338,0.000024,0.710387,0.000013,Grass,0.000049,Schist,Armorican Massif,Armorican Massif [Schist],Al,Schist_Al,b1,"shales, sandstones, tuffites, phtanites",,T,Proterozoic,Neoproterozoic,Lower Brioverian,670-580 Ma,670,580,sedimentary,"siliceous, aluminous",continental shelf,plissement isopaque,stratification,cadomien,not applicable,not applicable,Bloc Cadomien,Indifférencié,Massifs varisques,Socle cadomien,2101,2101,T
France_T2.423,423,POINT (-1.4012299998645403 49.682493999998144),423,1,482,483,1,422,49.682494,-1.40123,F13-084,16,0.714204,0.000045,0.714779,0.000012,Ivy,0.000575,Granite,Armorican Massif,Armorican Massif [Granite],7411,7105,7105,2110000000,816000,7,5,5,4,A,l,s,pa,Als_pa,700005000504,1,95,A,Al,Als,Als_pa,7105,Atlantic Central,20-50,Soft clayey materials,Pastures,Atlantic-Lowland-Sediments-Pastures,146,146,"Hercynian, Armorican Massif",0,168,36,0,1,77,113,92,46,57,49,66,82,76,81,101,91,25,27,25,45,48,46,49,51,50,30,37,32,5,6,5,8,10,9,16,18,17,12,13,12,35,330553,B,Cambisol,Good,F76,F76,F5a,Lowland to submontane types,160,69,48.098405,-0.459474,F13-084,0.714204,0.000045,0.714779,0.000012,Ivy,0.000575,Granite,Armorican Massif,Armorican Massif [Granite],Al,Granite_Al,16,"monzogranites, granodiorites",,T,Paleozoic,Carboniferous,"Dinantian, Namurian, Westphalian",355-305 Ma,355,305,plutonic,subalkaline,continental collision,nulle ou faible,not applicable,not applicable,not applicable,not applicable,Bloc Cadomien,Indifférencié,Massifs varisques,Plutons varisques,1441,1445,granitoides calc-alkalines - subalcalins potassiques - T
France_T2.425,425,POINT (3.9137440001854884 49.94647000009047),425,1,484,485,1,424,49.94647,3.913744,F13-087,c2,0.707696,0.000013,0.708077,0.000012,Grass,0.000381,Chalk,Paris Basin,Paris Basin [Chalk],7299,7227,7227,2132999936,1030000,6,8,9,4,C,h,s,pa,Chs_pa,600008000904,1,286,C,Ch,Chs,Chs_pa,7227,Continental,200-300,Soft loam,Pastures,Continental-Hills-Sediments-Pastures,133,133,"Hercynian, Middle Rhine Highlands & Ardennes; Eifel, Hunsrck, Taunus, Westerwald, Siegerland, Sauerland, Ardennes",90,311,202,1,2,59,96,72,44,71,56,70,89,78,55,89,66,20,23,21,40,43,40,42,43,42,34,36,34,1,2,1,7,9,8,16,17,16,9,10,9,38,332782,L,Luvisol,Good,F107,F107,F5a,Lowland to submontane types,95,3,48.218507,-0.47038,F13-087,0.707696,0.000013,0.708077,0.000012,Grass,0.000381,Chalk,Paris Basin,Paris Basin [Chalk],Al,Chalk_Al,c2,"chalks, limestones, marls, tufa (limestone), sands",,T,Mesozoic,Cretaceous,Upper Cretaceous,96-65 Ma,96,65,sedimentary,"siliceous, aluminous, carbonatic",continental shelf,nulle ou faible,stratification,not applicable,not applicable,not applicable,Indifférencié,Indifférencié,basins et Fossés,sediments et volcanics,621,621,T
France_T2.426,426,POINT (4.388516999559954 50.06843900035966),426,1,486,487,1,425,50.068439,4.388517,F13-089,fra,0.710117,0.000017,0.711787,0.000011,Grass,0.00167,Schist,Ardenne-Hunsrück-Taunus,Ardenne-Hunsrück-Taunus [Schist],7299,7227,7227,2132999936,1030000,6,8,9,4,C,h,s,pa,Chs_pa,600008000904,1,286,C,Ch,Chs,Chs_pa,7227,Continental,200-300,Soft loam,Pastures,Continental-Hills-Sediments-Pastures,133,133,"Hercynian, Middle Rhine Highlands & Ardennes; Eifel, Hunsrck, Taunus, Westerwald, Siegerland, Sauerland, Ardennes",90,311,202,1,2,59,96,72,44,71,56,70,89,78,55,89,66,20,23,21,40,43,40,42,43,42,34,36,34,1,2,1,7,9,8,16,17,16,9,10,9,38,332782,L,Luvisol,Good,F107,F107,F5a,Lowland to submontane types,95,450,48.772216,-0.918557,F13-089,0.710117,0.000017,0.711787,0.000011,Grass,0.00167,Schist,Ardenne-Hunsrück-Taunus,Ardenne-Hunsrück-Taunus [Schist],Al,Schist_Al,d2,"limestones, sandstones, shales",,T,Paleozoic,Devonian,Middle-Upper Devonian,390-355 Ma,390,355,sedimentary,"siliceous, aluminous, carbonatic",continental shelf,plissement isopaque,stratification,varisque,not applicable,not applicable,Zone Rhéno-Hercynienne,Indifférencié,Massifs varisques,sediments et volcanics,1481,1481,T
France_T2.427,427,POINT (4.496841000112113 50.028057999776934),427,1,487,488,1,426,50.028058,4.496841,F13-090,Vill?,0,0,0.717021,0.000014,Grass,0,Sandstone,Ardenne-Hunsrück-Taunus,Ardenne-Hunsrück-Taunus [Sandstone],7454,7358,7358,1294000000,372000,6,9,12,6,C,h,r,fo,Chr_fo,600009001206,1,281,C,Ch,Chr,Chr_fo,7358,Continental,300-500,Crystalline rocks and migmatites,Forest,Continental-Hills-Rocks-Forest,136,136,"Mesozoic & Tertiary lowlands and scarplands, Paris Basin; Champagne & Lorraine",110,488,292,2,5,70,112,97,53,76,63,80,105,90,62,104,79,20,23,21,41,42,41,42,43,42,34,36,35,0,2,1,7,9,7,15,17,16,8,10,9,68,332785,B,Cambisol,Good,F83,F83,F5a,Lowland to submontane types,59,432,48.930526,-0.702621,F13-090,0,0,0.717021,0.000014,Grass,0,Sandstone,Ardenne-Hunsrück-Taunus,Ardenne-Hunsrück-Taunus [Sandstone],Al,Sandstone_Al,d1,"shales, sandstones, quartzites",,T,Paleozoic,Devonian,Lower Devonian,410-390 Ma,410,390,sedimentary,"siliceous, aluminous",continental shelf,plissement isopaque,stratification,varisque,not applicable,not applicable,Zone Rhéno-Hercynienne,Indifférencié,Massifs varisques,sediments et volcanics,1561,1561,T
France_T2.428,428,POINT (4.514423999767814 49.85907999994208),428,1,488,489,1,427,49.85908,4.514424,F13-092,k,0.712537,0.000085,0.712317,0.000014,Tree,-0.00022,Schist,Ardenne-Hunsrück-Taunus,Ardenne-Hunsrück-Taunus [Schist],7454,7358,7358,1294000000,372000,6,9,12,6,C,h,r,fo,Chr_fo,600009001206,1,281,C,Ch,Chr,Chr_fo,7358,Continental,300-500,Crystalline rocks and migmatites,Forest,Continental-Hills-Rocks-Forest,136,136,"Mesozoic & Tertiary lowlands and scarplands, Paris Basin; Champagne & Lorraine",110,488,292,2,5,70,112,97,53,76,63,80,105,90,62,104,79,20,23,21,41,42,41,42,43,42,34,36,35,0,2,1,7,9,7,15,17,16,8,10,9,68,332785,B,Cambisol,Good,F83,F83,F5a,Lowland to submontane types,59,451,48.943448,-0.698669,F13-092,0.712537,0.000085,0.712317,0.000014,Tree,-0.00022,Schist,Ardenne-Hunsrück-Taunus,Ardenne-Hunsrück-Taunus [Schist],Al,Schist_Al,k,"wackes, quartzites, shales",,T,Paleozoic,Cambrian,Cambrian,540-500 Ma,540,500,sedimentary,"siliceous, aluminous",continental shelf,plissement isopaque,stratification,varisque,not applicable,not applicable,Zone Rhéno-Hercynienne,Indifférencié,Massifs varisques,sediments et volcanics,1841,1841,T
France_T2.429,429,POINT (5.106657000120492 49.58164100043189),429,1,491,492,1,428,49.581641,5.106657,F13-095,j2,0,0,0.7086,0.000012,Ivy,0,Limestone,Paris Basin,Paris Basin [Limestone],8672,7626,7626,9888000000,1984000,7,8,4,6,A,h,r,fo,Ahr_fo,700008000406,1,113,A,Ah,Ahr,Ahr_fo,7626,Atlantic Central,200-300,Calcereous rocks,Forest,Atlantic-Hills-Rocks-Forest,136,136,"Mesozoic & Tertiary lowlands and scarplands, Paris Basin; Champagne & Lorraine",153,488,297,1,3,45,116,84,40,80,56,61,117,85,42,105,71,18,22,20,41,48,43,43,54,47,33,39,35,0,2,1,8,10,9,16,19,17,9,11,10,60,332364,B,Cambisol,Good,F110,F110,F5a,Lowland to submontane types,79,279,49.550036,-1.340991,F13-095,0,0,0.7086,0.000012,Ivy,0,Limestone,Paris Basin,Paris Basin [Limestone],Al,Limestone_Al,j2,"limestones, marls",,T,Mesozoic,Jurassic,Middle Jurassic,175-154 Ma,175,154,sedimentary,carbonatic,continental shelf,nulle ou faible,stratification,not applicable,not applicable,not applicable,Indifférencié,Indifférencié,basins et Fossés,sediments et volcanics,801,801,T
France_T2.430,430,POINT (5.5937649999548285 49.463227000425775),430,1,492,493,1,429,49.463227,5.593765,F13-096,j2,0.708255,0.00001,0.708746,0.000015,Grass,0.000491,Limestone,Paris Basin,Paris Basin [Limestone],8163,7423,7423,1082000000,982000,3,8,1,4,A,h,s,pa,Ahs_pa,300008000104,1,120,A,Ah,Ahs,Ahs_pa,7423,Nemoral,200-300,River alluvium,Pastures,Atlantic-Hills-Sediments-Pastures,136,136,"Mesozoic & Tertiary lowlands and scarplands, Paris Basin; Champagne & Lorraine",104,391,210,1,3,60,106,89,44,67,58,70,99,85,55,90,74,19,23,20,41,44,42,42,47,43,34,36,35,1,2,1,7,9,8,16,18,16,9,10,9,44,330350,J,Fluvisol,Hydromorphic,U9,U9,U1,Flood-plain vegetation and moist lowland forests,105,280,49.570528,-1.318814,F13-096,0.708255,0.00001,0.708746,0.000015,Grass,0.000491,Limestone,Paris Basin,Paris Basin [Limestone],Al,Limestone_Al,j2,"limestones, marls",,T,Mesozoic,Jurassic,Middle Jurassic,175-154 Ma,175,154,sedimentary,carbonatic,continental shelf,nulle ou faible,stratification,not applicable,not applicable,not applicable,Indifférencié,Indifférencié,basins et Fossés,sediments et volcanics,801,801,T
France_T2.431,431,POINT (6.257648000355005 49.323662999947544),431,1,493,494,1,430,49.323663,6.257648,F13-097,j1,0.709147,0.000016,0.709297,0.000015,Grass,0.00015,Limestone,Paris Basin,Paris Basin [Limestone],8142,7856,7856,1740000000,548000,7,8,4,2,A,h,r,al,Ahr_al,700008000402,1,109,A,Ah,Ahr,Ahr_al,7856,Atlantic Central,200-300,Calcereous rocks,Arable land,Atlantic-Hills-Rocks-Arable land,136,136,"Mesozoic & Tertiary lowlands and scarplands, Paris Basin; Champagne & Lorraine",155,400,250,1,2,51,71,60,45,57,50,65,80,71,55,66,61,18,19,18,42,42,42,44,46,45,32,34,33,0,1,0,9,10,9,17,18,17,10,10,10,36,330604,B,Cambisol,Good,F50,F50,F3,Mixed oak-hornbeam forests,61,281,49.682494,-1.40123,F13-097,0.709147,0.000016,0.709297,0.000015,Grass,0.00015,Limestone,Paris Basin,Paris Basin [Limestone],Al,Limestone_Al,j1,"limestones, marls, sandstones, clays, dolomites",,T,Mesozoic,Jurassic,Lower Jurassic,203-175 Ma,203,175,sedimentary,"siliceous, aluminous, carbonatic",continental shelf,nulle ou faible,stratification,not applicable,not applicable,not applicable,Indifférencié,Indifférencié,basins et Fossés,sediments et volcanics,901,901,T
France_T2.432,432,POINT (6.6263169999296565 49.29855100022854),432,1,494,495,1,431,49.298551,6.626317,F13-099,t2,0.709736,0.000084,0.710182,0.000013,Grass,0.000446,Impure carbonate sedimentary rock,Paris Basin,Paris Basin [Impure carbonate sedimentary rock],8175,7524,7524,5388000256,1754000,7,8,4,2,A,h,r,al,Ahr_al,700008000402,1,109,A,Ah,Ahr,Ahr_al,7524,Atlantic Central,200-300,Calcereous rocks,Arable land,Atlantic-Hills-Rocks-Arable land,136,136,"Mesozoic & Tertiary lowlands and scarplands, Paris Basin; Champagne & Lorraine",139,433,277,1,3,48,102,68,42,75,54,63,96,77,44,84,61,17,19,17,41,42,41,41,47,44,32,34,32,-1,1,0,7,10,8,15,18,17,8,10,9,50,330604,B,Cambisol,Good,F110,F110,F5a,Lowland to submontane types,61,213,49.444119,-1.208598,F13-099,0.709736,0.000084,0.710182,0.000013,Grass,0.000446,Impure carbonate sedimentary rock,Paris Basin,Paris Basin [Impure carbonate sedimentary rock],Al,Impure carbonate sedimentary rock_Al,t2,"marls, dolomites, sandstones, clays",,T,Mesozoic,Triassic,Middle Triassic,240-230 Ma,240,230,sedimentary,"siliceous, aluminous, carbonatic",continental shelf,nulle ou faible,stratification,not applicable,not applicable,not applicable,Indifférencié,Indifférencié,basins et Fossés,sediments et volcanics,981,981,T
France_T2.433,433,POINT (7.3426010003359465 48.75319399960347),433,1,497,498,1,432,48.753194,7.342601,F13-103,t1,0.710406,0.00008,0.711537,0.000025,Grass,0.001131,Sandstone,Paris Basin,Paris Basin [Sandstone],8324,7857,7857,2996999936,974000,7,9,8,6,A,h,r,fo,Ahr_fo,700009000806,1,113,A,Ah,Ahr,Ahr_fo,7857,Atlantic Central,300-500,Sandstone,Forest,Atlantic-Hills-Rocks-Forest,136,136,"Mesozoic & Tertiary lowlands and scarplands, Paris Basin; Champagne & Lorraine",179,794,348,3,6,54,163,83,47,100,63,64,126,84,48,126,69,17,20,18,41,43,41,44,48,46,32,34,33,-1,1,0,7,10,8,16,19,17,8,10,9,71,490270,B,Cambisol,Good,F83,F83,F5a,Lowland to submontane types,79,444,50.068439,4.388517,F13-103,0.710406,0.00008,0.711537,0.000025,Grass,0.001131,Sandstone,Paris Basin,Paris Basin [Sandstone],Al,Sandstone_Al,t1,"sandstones, conglomerates, quartzites",,T,Mesozoic,Triassic,Lower Triassic,250-240 Ma,250,240,sedimentary,"siliceous, aluminous",continental shelf,nulle ou faible,stratification,not applicable,not applicable,not applicable,Indifférencié,Indifférencié,basins et Fossés,sediments et volcanics,1041,1041,T
France_T2.434,434,POINT (7.133410999617979 48.06772800034702),434,1,499,500,1,433,48.067728,7.133411,F13-105,15,0.722566,0.000011,0.7222,0.000012,Grass,-0.000366,Granite,Vosges-Black Forest,Vosges-Black Forest [Granite],8523,8279,8279,3009999872,1046000,6,10,8,6,C,m,r,fo,Cmr_fo,600010000806,1,300,C,Cm,Cmr,Cmr_fo,8279,Continental,500-700,Sandstone,Forest,Continental-Mountains-Rocks-Forest,135,135,"Hercynian, Vosges Mountains",195,1289,605,6,11,41,240,146,39,135,92,68,159,117,44,161,111,18,21,19,41,44,41,44,49,44,33,35,34,-2,1,-1,6,10,7,15,19,16,7,10,8,199,330400,B,Cambisol,Good,F93,F93,F5b,"Montane to altimontane types, partly with fir and spruce",41,128,49.85908,4.514424,F13-105,0.722566,0.000011,0.7222,0.000012,Grass,-0.000366,Granite,Vosges-Black Forest,Vosges-Black Forest [Granite],Al,Granite_Al,15,"monzogranites, granodiorites",,T,Paleozoic,Carboniferous,"Tournaisian, Lower Viséan",355-335 Ma,355,335,plutonic,peraluminous,continental collision,nulle ou faible,not applicable,not applicable,not applicable,not applicable,Zone Moldanubienne,Indifférencié,Massifs varisques,Plutons varisques,1421,1426,granitoides peraluminous - granites et granodiorites - T
France_T2.435,435,POINT (7.127665999985936 48.05349799973294),435,1,500,501,1,434,48.053498,7.127666,F13-106,15,0.718081,0.000016,0.718454,0.000015,Grass,0.000373,Granite,Vosges-Black Forest,Vosges-Black Forest [Granite],8523,8279,8279,3009999872,1046000,6,10,8,6,C,m,r,fo,Cmr_fo,600010000806,1,300,C,Cm,Cmr,Cmr_fo,8279,Continental,500-700,Sandstone,Forest,Continental-Mountains-Rocks-Forest,135,135,"Hercynian, Vosges Mountains",195,1289,605,6,11,41,240,146,39,135,92,68,159,117,44,161,111,18,21,19,41,44,41,44,49,44,33,35,34,-2,1,-1,6,10,7,15,19,16,7,10,8,199,330400,B,Cambisol,Good,F93,F93,F5b,"Montane to altimontane types, partly with fir and spruce",41,129,49.726131,5.013064,F13-106,0.718081,0.000016,0.718454,0.000015,Grass,0.000373,Granite,Vosges-Black Forest,Vosges-Black Forest [Granite],Al,Granite_Al,15,"monzogranites, granodiorites",,T,Paleozoic,Carboniferous,"Tournaisian, Lower Viséan",355-335 Ma,355,335,plutonic,peraluminous,continental collision,nulle ou faible,not applicable,not applicable,not applicable,not applicable,Zone Moldanubienne,Indifférencié,Massifs varisques,Plutons varisques,1421,1426,granitoides peraluminous - granites et granodiorites - T
France_T2.436,436,POINT (7.071530999556046 48.01754900028618),436,1,501,502,1,435,48.017549,7.071531,F13-107,17,0,0,0.715015,0.000031,Grass,0,Granite,Vosges-Black Forest,Vosges-Black Forest [Granite],8682,8476,8476,864000000,534000,7,9,9,2,A,h,s,al,Ahs_al,700009000902,1,118,A,Ah,Ahs,Ahs_al,8476,Atlantic Central,300-500,Soft loam,Arable land,Atlantic-Hills-Sediments-Arable land,129,129,"Mesozoic & Tertiary lowlands and scarplands, Rhine rift valley",169,900,310,2,3,39,233,112,38,133,73,66,155,95,42,158,83,19,21,20,41,43,42,44,48,46,34,35,34,-2,1,0,6,10,9,15,19,17,7,11,9,108,332545,L,Luvisol,Good,F35,F35,F3,Mixed oak-hornbeam forests,102,130,49.783942,5.061525,F13-107,0,0,0.715015,0.000031,Grass,0,Granite,Vosges-Black Forest,Vosges-Black Forest [Granite],Al,Granite_Al,17,"monzogranites, granodiorites",,T,Paleozoic,Carboniferous,"Upper Viséan, Namurian",335-305 Ma,335,305,plutonic,subalkaline,continental collision,nulle ou faible,not applicable,not applicable,not applicable,not applicable,Zone Moldanubienne,Indifférencié,Massifs varisques,Plutons varisques,1321,1327,granitoides calc-alkalines - subalcalins potassiques - T
France_T2.437,437,POINT (7.066385999714157 47.99437900019075),437,1,502,503,1,436,47.994379,7.066386,F13-108,d2h,0.70994,0.00003,0.709265,0.000022,Grass,-0.000675,Impure carbonate sedimentary rock,Vosges-Black Forest,Vosges-Black Forest [Impure carbonate sedimentary rock],8516,8509,8509,383000000,206000,6,10,12,6,C,m,r,fo,Cmr_fo,600010001206,1,300,C,Cm,Cmr,Cmr_fo,8509,Continental,500-700,Crystalline rocks and migmatites,Forest,Continental-Mountains-Rocks-Forest,135,135,"Hercynian, Vosges Mountains",242,1289,727,9,17,83,240,183,56,135,106,78,158,128,65,161,126,20,21,20,41,42,41,44,47,44,34,35,34,-2,1,-2,6,10,6,15,19,15,7,11,8,279,330403,B,Cambisol,Good,F93,F93,F5b,"Montane to altimontane types, partly with fir and spruce",41,225,49.581641,5.106657,F13-108,0.70994,0.00003,0.709265,0.000022,Grass,-0.000675,Impure carbonate sedimentary rock,Vosges-Black Forest,Vosges-Black Forest [Impure carbonate sedimentary rock],Al,Impure carbonate sedimentary rock_Al,d2h,"shales, metawackes, sandstones",,T,Paleozoic,"Devonian, Carboniferous","Upper Devonian, Dinantian",390-335 Ma,390,335,metamorphic,"siliceous, aluminous",intracontinental basin,plissement anisopaque,schistosité,varisque,mésovarisque,schiste vert,Zone Moldanubienne,Indifférencié,Massifs varisques,Roches metamorphics,1501,1501,T
France_T2.438,438,POINT (7.020962000396025 47.94282699976628),438,1,503,504,1,437,47.942827,7.020962,F13-109,d2h,0.712409,0.000024,0.71253,0.000012,Grass,0.000121,Impure carbonate sedimentary rock,Vosges-Black Forest,Vosges-Black Forest [Impure carbonate sedimentary rock],8516,8509,8509,383000000,206000,6,10,12,6,C,m,r,fo,Cmr_fo,600010001206,1,300,C,Cm,Cmr,Cmr_fo,8509,Continental,500-700,Crystalline rocks and migmatites,Forest,Continental-Mountains-Rocks-Forest,135,135,"Hercynian, Vosges Mountains",242,1289,727,9,17,83,240,183,56,135,106,78,158,128,65,161,126,20,21,20,41,42,41,44,47,44,34,35,34,-2,1,-2,6,10,6,15,19,15,7,11,8,279,330403,B,Cambisol,Good,F93,F93,F5b,"Montane to altimontane types, partly with fir and spruce",41,226,49.463227,5.593765,F13-109,0.712409,0.000024,0.71253,0.000012,Grass,0.000121,Impure carbonate sedimentary rock,Vosges-Black Forest,Vosges-Black Forest [Impure carbonate sedimentary rock],Al,Impure carbonate sedimentary rock_Al,d2h,"shales, metawackes, sandstones",,T,Paleozoic,"Devonian, Carboniferous","Upper Devonian, Dinantian",390-335 Ma,390,335,metamorphic,"siliceous, aluminous",intracontinental basin,plissement anisopaque,schistosité,varisque,mésovarisque,schiste vert,Zone Moldanubienne,Indifférencié,Massifs varisques,Roches metamorphics,1501,1501,T
France_T2.439,439,POINT (7.316824999674054 47.91343000029434),439,1,504,505,1,438,47.91343,7.316825,F13-111,q3,0.71133,0.000035,0.711444,0.000014,Clover,0.000114,Sand,Paris Basin,Paris Basin [Sand],8682,8476,8476,864000000,534000,7,9,9,2,A,h,s,al,Ahs_al,700009000902,1,118,A,Ah,Ahs,Ahs_al,8476,Atlantic Central,300-500,Soft loam,Arable land,Atlantic-Hills-Sediments-Arable land,129,129,"Mesozoic & Tertiary lowlands and scarplands, Rhine rift valley",169,900,310,2,3,39,233,112,38,133,73,66,155,95,42,158,83,19,21,20,41,43,42,44,48,46,34,35,34,-2,1,0,6,10,9,15,19,17,7,11,9,108,332545,L,Luvisol,Good,F35,F35,F3,Mixed oak-hornbeam forests,102,424,49.310811,6.502566,F13-111,0.71133,0.000035,0.711444,0.000014,Clover,0.000114,Sand,Paris Basin,Paris Basin [Sand],Al,Sand_Al,q3,"sands, clays, gravels, pebbles",,T,Cenozoic,Quaternary,Holocene,"0,01-0,00 Ma",0.01,0,sedimentary,"siliceous, aluminous",continental,nulle ou faible,stratification,not applicable,not applicable,not applicable,Indifférencié,Indifférencié,Formations superficielles,Formations superficielles,1,1,T
France_T2.440,440,POINT (7.206843000004483 47.7266060003667),440,1,505,506,1,439,47.726606,7.206843,F13-112,q2,0.70958,0.000071,0.709851,0.000017,Shrub,0.000271,Clay,Paris Basin,Paris Basin [Clay],8658,8683,8683,288000000,120000,7,9,4,2,A,h,r,al,Ahr_al,700009000402,1,109,A,Ah,Ahr,Ahr_al,8683,Atlantic Central,300-500,Calcereous rocks,Arable land,Atlantic-Hills-Rocks-Arable land,129,129,"Mesozoic & Tertiary lowlands and scarplands, Rhine rift valley",240,487,328,1,3,56,163,74,50,96,56,72,115,79,52,110,61,20,21,20,42,42,42,45,48,46,34,34,34,0,1,0,9,10,9,18,19,18,10,11,10,52,332381,B,Cambisol,Good,F110,F110,F5a,Lowland to submontane types,61,24,49.298551,6.626317,F13-112,0.70958,0.000071,0.709851,0.000017,Shrub,0.000271,Clay,Paris Basin,Paris Basin [Clay],Al,Clay_Al,q2,"clays, sands, gravels, pebbles",,T,Cenozoic,Quaternary,Middle-Upper Pleistocene,"0,75-0,01 Ma",0.75,0.01,sedimentary,"siliceous, aluminous",continental,nulle ou faible,stratification,not applicable,not applicable,not applicable,Indifférencié,Indifférencié,Formations superficielles,Formations superficielles,21,21,T
France_T2.441,441,POINT (7.122622000305114 47.657088999757605),441,1,506,507,1,440,47.657089,7.122622,F13-113,g,0.70898,0.000008,0.709679,0.000008,Tree root,0.000699,Impure carbonate sedimentary rock,Rhine Graben,Rhine Graben  [Impure carbonate sedimentary rock],8682,8476,8476,864000000,534000,7,9,9,2,A,h,s,al,Ahs_al,700009000902,1,118,A,Ah,Ahs,Ahs_al,8476,Atlantic Central,300-500,Soft loam,Arable land,Atlantic-Hills-Sediments-Arable land,129,129,"Mesozoic & Tertiary lowlands and scarplands, Rhine rift valley",169,900,310,2,3,39,233,112,38,133,73,66,155,95,42,158,83,19,21,20,41,43,42,44,48,46,34,35,34,-2,1,0,6,10,9,15,19,17,7,11,9,108,332545,L,Luvisol,Good,F35,F35,F3,Mixed oak-hornbeam forests,102,224,49.317306,7.054169,F13-113,0.70898,0.000008,0.709679,0.000008,Tree root,0.000699,Impure carbonate sedimentary rock,Rhine Graben,Rhine Graben  [Impure carbonate sedimentary rock],Ah,Impure carbonate sedimentary rock_Ah,g,"marls, conglomerates, sandstones",,T,Cenozoic,Paleogene,Oligocene,"33,7-23,5 Ma",33.7,23.5,sedimentary,"siliceous, aluminous, carbonatic",intracontinental basin,"fracturation, basculement",stratification,alpin,not applicable,not applicable,Graben du Rhin supérieur,Indifférencié,basins et Fossés,sediments et volcanics,301,301,T
France_T2.442,442,POINT (7.053432000386579 47.637759999624336),442,1,507,508,1,441,47.63776,7.053432,F13-114,p,0.711051,0.000078,0.711291,0.000016,Tree,0.00024,Clay,Rhine Graben,Rhine Graben  [Clay],8682,8476,8476,864000000,534000,7,9,9,2,A,h,s,al,Ahs_al,700009000902,1,118,A,Ah,Ahs,Ahs_al,8476,Atlantic Central,300-500,Soft loam,Arable land,Atlantic-Hills-Sediments-Arable land,129,129,"Mesozoic & Tertiary lowlands and scarplands, Rhine rift valley",169,900,310,2,3,39,233,112,38,133,73,66,155,95,42,158,83,19,21,20,41,43,42,44,48,46,34,35,34,-2,1,0,6,10,9,15,19,17,7,11,9,108,332545,L,Luvisol,Good,F35,F35,F3,Mixed oak-hornbeam forests,102,27,49.414895,6.981058,F13-114,0.711051,0.000078,0.711291,0.000016,Tree,0.00024,Clay,Rhine Graben,Rhine Graben  [Clay],Ah,Clay_Ah,p,"clays, sands, gravels",,T,Cenozoic,Neogene,Pliocene,"5,30-1,75 Ma",5.3,1.75,sedimentary,"siliceous, aluminous",continental,nulle ou faible,stratification,not applicable,not applicable,not applicable,Graben du Rhin supérieur,Indifférencié,basins et Fossés,sediments et volcanics,141,141,T
France_T2.443,443,POINT (6.888991000234512 47.643627000385834),443,1,508,509,1,442,47.643627,6.888991,F13-115,j3,0.709033,0.000018,0,0,Grass,0,Impure carbonate sedimentary rock,Jura-Alps,Jura-Alps [Impure carbonate sedimentary rock],9365,8679,8679,5088999936,1672000,7,9,4,6,A,h,r,fo,Ahr_fo,700009000406,1,113,A,Ah,Ahr,Ahr_fo,8679,Atlantic Central,300-500,Calcereous rocks,Forest,Atlantic-Hills-Rocks-Forest,102,102,"Mesozoic & Tertiary lowlands and scarplands, Jura Mountains",190,979,437,3,6,54,164,124,50,113,90,73,154,123,52,145,111,20,27,21,41,51,46,45,59,51,33,42,37,-2,2,0,7,11,8,16,20,17,8,12,9,123,330623,B,Cambisol,Good,F113,F113,F5a,Lowland to submontane types,79,176,49.455626,6.940769,F13-115,0.709033,0.000018,0,0,Grass,0,Impure carbonate sedimentary rock,Jura-Alps,Jura-Alps [Impure carbonate sedimentary rock],Ah,Impure carbonate sedimentary rock_Ah,j3,"marls, black shales, limestones",,T,Mesozoic,Jurassic,Upper Jurassic,154-135 Ma,154,135,sedimentary,"aluminous, carbonaceous, carbonatic","platform, basin",plissement isopaque,stratification,alpin,not applicable,not applicable,Jura,Indifférencié,Chaînes alpines,sediments et volcanics,761,761,T
France_T2.444,444,POINT (6.757922000300141 47.65378300018534),444,1,509,510,1,443,47.653783,6.757922,F13-116,r,0.711723,0.000049,0,0,Fern,0,Sandstone,Vosges-Black Forest,Vosges-Black Forest [Sandstone],8604,8659,8659,411000000,240000,7,9,8,6,A,h,r,fo,Ahr_fo,700009000806,1,113,A,Ah,Ahr,Ahr_fo,8659,Atlantic Central,300-500,Sandstone,Forest,Atlantic-Hills-Rocks-Forest,103,103,"Mesozoic & Tertiary lowlands and scarplands, Tabular Jura and Burgundian gate",285,745,389,1,3,91,226,138,62,131,88,100,154,119,76,152,103,20,21,20,42,44,43,45,47,45,34,36,35,-2,1,-1,6,10,8,15,18,17,7,10,9,43,330400,B,Cambisol,Good,F83,F83,F5a,Lowland to submontane types,79,447,48.753194,7.342601,F13-116,0.711723,0.000049,0,0,Fern,0,Sandstone,Vosges-Black Forest,Vosges-Black Forest [Sandstone],Ah,Sandstone_Ah,r,"sandstones, conglomerates, shales, coals",,T,Paleozoic,Permian,Permian,295-250 Ma,295,250,sedimentary,"siliceous, aluminous, carbonaceous",continental,nulle ou faible,stratification,not applicable,not applicable,not applicable,Zone Moldanubienne,Indifférencié,basins et Fossés,sediments et volcanics,1101,1101,T
France_T2.445,445,POINT (6.733009999911587 47.70280900013529),445,1,510,511,1,444,47.702809,6.73301,F13-117,h1,0,0,0.713346,0.000014,Grass,0,Schist,Vosges-Black Forest,Vosges-Black Forest [Schist],8604,8659,8659,411000000,240000,7,9,8,6,A,h,r,fo,Ahr_fo,700009000806,1,113,A,Ah,Ahr,Ahr_fo,8659,Atlantic Central,300-500,Sandstone,Forest,Atlantic-Hills-Rocks-Forest,103,103,"Mesozoic & Tertiary lowlands and scarplands, Tabular Jura and Burgundian gate",285,745,389,1,3,91,226,138,62,131,88,100,154,119,76,152,103,20,21,20,42,44,43,45,47,45,34,36,35,-2,1,-1,6,10,8,15,18,17,7,10,9,43,330400,B,Cambisol,Good,F83,F83,F5a,Lowland to submontane types,79,506,48.078995,7.155515,F13-117,0,0,0.713346,0.000014,Grass,0,Schist,Vosges-Black Forest,Vosges-Black Forest [Schist],Ah,Schist_Ah,h1,"shales, limestones, sandstones, ampelites",,T,Paleozoic,Carboniferous,"Tournaisian, Viséan",355-335 Ma,355,335,sedimentary,"siliceous, aluminous, carbonatic",intracontinental basin,plissement isopaque,stratification,varisque,not applicable,not applicable,Zone Moldanubienne,Indifférencié,Massifs varisques,sediments et volcanics,1381,1381,T
France_T2.446,446,POINT (6.734115999653682 47.754734999820414),446,1,511,512,1,445,47.754735,6.734116,F13-118,h2,0.712002,0.000049,0,0,Grass,0,Rhyolitoid,Vosges-Black Forest,Vosges-Black Forest [Rhyolitoid],8539,8480,8480,1099000064,460000,6,9,12,6,C,h,r,fo,Chr_fo,600009001206,1,281,C,Ch,Chr,Chr_fo,8480,Continental,300-500,Crystalline rocks and migmatites,Forest,Continental-Hills-Rocks-Forest,135,135,"Hercynian, Vosges Mountains",308,1147,577,6,11,91,240,164,62,135,99,97,159,127,76,161,119,20,21,20,41,44,42,44,47,44,34,36,35,-2,1,-1,6,9,7,15,18,16,7,10,8,171,330403,B,Cambisol,Good,F83,F83,F5a,Lowland to submontane types,59,378,48.067728,7.133411,F13-118,0.712002,0.000049,0,0,Grass,0,Rhyolitoid,Vosges-Black Forest,Vosges-Black Forest [Rhyolitoid],Ah,Rhyolitoid_Ah,h2,"rhyodacites, andesites, ignimbrites",,T,Paleozoic,Carboniferous,"Upper Viséan, Namurian",335-305 Ma,335,305,volcanic,"calc-alkaline, subalkaline",continental collision,plissement isopaque,stratification,varisque,not applicable,not applicable,Zone Moldanubienne,Indifférencié,Massifs varisques,sediments et volcanics,1241,1242,volcanisme acide - calc-alkaline à alcalin - T
France_T2.447,447,POINT (7.348917000219444 48.3152780001796),447,1,512,513,1,446,48.315278,7.348917,F13-119,r,0.718293,0.000017,0.717448,0.000013,Grass,-0.000845,Sandstone,Vosges-Black Forest,Vosges-Black Forest [Sandstone],8523,8279,8279,3009999872,1046000,6,10,8,6,C,m,r,fo,Cmr_fo,600010000806,1,300,C,Cm,Cmr,Cmr_fo,8279,Continental,500-700,Sandstone,Forest,Continental-Mountains-Rocks-Forest,135,135,"Hercynian, Vosges Mountains",195,1289,605,6,11,41,240,146,39,135,92,68,159,117,44,161,111,18,21,19,41,44,41,44,49,44,33,35,34,-2,1,-1,6,10,7,15,19,16,7,10,8,199,330400,B,Cambisol,Good,F93,F93,F5b,"Montane to altimontane types, partly with fir and spruce",41,448,48.053498,7.127666,F13-119,0.718293,0.000017,0.717448,0.000013,Grass,-0.000845,Sandstone,Vosges-Black Forest,Vosges-Black Forest [Sandstone],Ah,Sandstone_Ah,r,"sandstones, conglomerates, shales, coals",,T,Paleozoic,Permian,Permian,295-250 Ma,295,250,sedimentary,"siliceous, aluminous, carbonaceous",continental,nulle ou faible,stratification,not applicable,not applicable,not applicable,Zone Moldanubienne,Indifférencié,basins et Fossés,sediments et volcanics,1101,1101,T
France_T2.448,448,POINT (7.28739499957959 48.354000999846335),448,1,513,514,1,447,48.354001,7.287395,F13-120,bo,0.71752,0.000072,0.716987,0.000018,Grass,-0.000533,Schist,Vosges-Black Forest,Vosges-Black Forest [Schist],8523,8279,8279,3009999872,1046000,6,10,8,6,C,m,r,fo,Cmr_fo,600010000806,1,300,C,Cm,Cmr,Cmr_fo,8279,Continental,500-700,Sandstone,Forest,Continental-Mountains-Rocks-Forest,135,135,"Hercynian, Vosges Mountains",195,1289,605,6,11,41,240,146,39,135,92,68,159,117,44,161,111,18,21,19,41,44,41,44,49,44,33,35,34,-2,1,-1,6,10,7,15,19,16,7,10,8,199,330400,B,Cambisol,Good,F93,F93,F5b,"Montane to altimontane types, partly with fir and spruce",41,507,48.017549,7.071531,F13-120,0.71752,0.000072,0.716987,0.000018,Grass,-0.000533,Schist,Vosges-Black Forest,Vosges-Black Forest [Schist],Ah,Schist_Ah,bo,"shales, metawackes, quartzites",,T,"Proterozoic, Paleozoic","Neoproterozoic, Ordovician","Brioverian, Cambrian, Ordovician",670-435 Ma,670,435,metamorphic,"siliceous, aluminous",indeterminate,plissement anisopaque,schistosité,varisque,mésovarisque,schiste vert,Zone Saxo-Thuringienne,Indifférencié,Massifs varisques,Roches metamorphics,2221,2221,T
France_T2.449,449,POINT (7.291885999839053 48.36945200010979),449,1,514,515,1,448,48.369452,7.291886,F13-121,os,0.714116,0.000027,0.714787,0.000013,Grass,0.000671,Schist,Vosges-Black Forest,Vosges-Black Forest [Schist],8523,8279,8279,3009999872,1046000,6,10,8,6,C,m,r,fo,Cmr_fo,600010000806,1,300,C,Cm,Cmr,Cmr_fo,8279,Continental,500-700,Sandstone,Forest,Continental-Mountains-Rocks-Forest,135,135,"Hercynian, Vosges Mountains",195,1289,605,6,11,41,240,146,39,135,92,68,159,117,44,161,111,18,21,19,41,44,41,44,49,44,33,35,34,-2,1,-1,6,10,7,15,19,16,7,10,8,199,330400,B,Cambisol,Good,F93,F93,F5b,"Montane to altimontane types, partly with fir and spruce",41,508,47.994379,7.066386,F13-121,0.714116,0.000027,0.714787,0.000013,Grass,0.000671,Schist,Vosges-Black Forest,Vosges-Black Forest [Schist],Ah,Schist_Ah,os,"shales, sandstones, quartzites",,T,Paleozoic,"Ordovician, Silurian","Ordovician, Silurian",500-410 Ma,500,410,metamorphic,"siliceous, aluminous",indeterminate,plissement anisopaque,schistosité,varisque,mésovarisque,schiste vert,Zone Saxo-Thuringienne,Indifférencié,Massifs varisques,Roches metamorphics,1721,1721,T
France_T2.450,450,POINT (7.289506999848186 48.379814999562655),450,1,515,516,1,449,48.379815,7.289507,F13-122,17,0.708803,0.000013,0.709258,0.000012,Grass,0.000455,Granite,Vosges-Black Forest,Vosges-Black Forest [Granite],8523,8279,8279,3009999872,1046000,6,10,8,6,C,m,r,fo,Cmr_fo,600010000806,1,300,C,Cm,Cmr,Cmr_fo,8279,Continental,500-700,Sandstone,Forest,Continental-Mountains-Rocks-Forest,135,135,"Hercynian, Vosges Mountains",195,1289,605,6,11,41,240,146,39,135,92,68,159,117,44,161,111,18,21,19,41,44,41,44,49,44,33,35,34,-2,1,-1,6,10,7,15,19,16,7,10,8,199,330400,B,Cambisol,Good,F93,F93,F5b,"Montane to altimontane types, partly with fir and spruce",41,131,47.942827,7.020962,F13-122,0.708803,0.000013,0.709258,0.000012,Grass,0.000455,Granite,Vosges-Black Forest,Vosges-Black Forest [Granite],Ah,Granite_Ah,17,"monzogranites, granodiorites",,T,Paleozoic,Carboniferous,"Upper Viséan, Namurian",335-305 Ma,335,305,plutonic,calc-alkaline,continental collision,nulle ou faible,not applicable,not applicable,not applicable,not applicable,Zone Saxo-Thuringienne,Indifférencié,Massifs varisques,Plutons varisques,1321,1328,granitoides calc-alkalines - T
France_T2.451,451,POINT (6.98420100037589 48.062052000299616),451,1,516,517,1,450,48.062052,6.984201,F13-123,17,0.712302,0.000021,0,0,Grass,0,Granite,Vosges-Black Forest,Vosges-Black Forest [Granite],8523,8279,8279,3009999872,1046000,6,10,8,6,C,m,r,fo,Cmr_fo,600010000806,1,300,C,Cm,Cmr,Cmr_fo,8279,Continental,500-700,Sandstone,Forest,Continental-Mountains-Rocks-Forest,135,135,"Hercynian, Vosges Mountains",195,1289,605,6,11,41,240,146,39,135,92,68,159,117,44,161,111,18,21,19,41,44,41,44,49,44,33,35,34,-2,1,-1,6,10,7,15,19,16,7,10,8,199,330400,B,Cambisol,Good,F93,F93,F5b,"Montane to altimontane types, partly with fir and spruce",41,132,47.920375,7.193771,F13-123,0.712302,0.000021,0,0,Grass,0,Granite,Vosges-Black Forest,Vosges-Black Forest [Granite],Ah,Granite_Ah,17,peraluminous leucogranites,,T,Paleozoic,Carboniferous,"Upper Viséan, Namurian",335-305 Ma,335,305,plutonic,peraluminous,continental collision,"aplatissement, cisaillement",structure planaire,varisque,not applicable,not applicable,Zone Moldanubienne,Indifférencié,Massifs varisques,Plutons varisques,1321,1321,T
France_T2.452,452,POINT (6.948421999775519 48.08134200043304),452,1,517,518,1,451,48.081342,6.948422,F13-124,15,0.708801,0.000021,0.70894,0.000009,Grass,0.000139,Granite,Vosges-Black Forest,Vosges-Black Forest [Granite],8523,8279,8279,3009999872,1046000,6,10,8,6,C,m,r,fo,Cmr_fo,600010000806,1,300,C,Cm,Cmr,Cmr_fo,8279,Continental,500-700,Sandstone,Forest,Continental-Mountains-Rocks-Forest,135,135,"Hercynian, Vosges Mountains",195,1289,605,6,11,41,240,146,39,135,92,68,159,117,44,161,111,18,21,19,41,44,41,44,49,44,33,35,34,-2,1,-1,6,10,7,15,19,16,7,10,8,199,330400,B,Cambisol,Good,F93,F93,F5b,"Montane to altimontane types, partly with fir and spruce",41,133,47.91343,7.316825,F13-124,0.708801,0.000021,0.70894,0.000009,Grass,0.000139,Granite,Vosges-Black Forest,Vosges-Black Forest [Granite],Ah,Granite_Ah,15,"monzogranites, granodiorites",,T,Paleozoic,Carboniferous,"Tournaisian, Lower Viséan",355-335 Ma,355,335,plutonic,peraluminous,continental collision,nulle ou faible,not applicable,not applicable,not applicable,not applicable,Zone Moldanubienne,Indifférencié,Massifs varisques,Plutons varisques,1421,1426,granitoides peraluminous - granites et granodiorites - T
France_T2.453,453,POINT (6.867732000131753 48.159910000246384),453,1,518,519,1,452,48.15991,6.867732,F13-125,bk,0.714371,0.000033,0.713535,0.000012,Grass,-0.000836,Migmatite,Vosges-Black Forest,Vosges-Black Forest [Migmatite],8523,8279,8279,3009999872,1046000,6,10,8,6,C,m,r,fo,Cmr_fo,600010000806,1,300,C,Cm,Cmr,Cmr_fo,8279,Continental,500-700,Sandstone,Forest,Continental-Mountains-Rocks-Forest,135,135,"Hercynian, Vosges Mountains",195,1289,605,6,11,41,240,146,39,135,92,68,159,117,44,161,111,18,21,19,41,44,41,44,49,44,33,35,34,-2,1,-1,6,10,7,15,19,16,7,10,8,199,330400,B,Cambisol,Good,F93,F93,F5b,"Montane to altimontane types, partly with fir and spruce",41,322,47.726606,7.206843,F13-125,0.714371,0.000033,0.713535,0.000012,Grass,-0.000836,Migmatite,Vosges-Black Forest,Vosges-Black Forest [Migmatite],Ah,Migmatite_Ah,bk,para-migmatites,,T,"Proterozoic, Paleozoic","Neoproterozoic, Cambrian","Brioverian, Cambrian",670-500 Ma,670,500,metamorphic,"siliceous, aluminous",indeterminate,"cisaillement, écoulement",foliation,varisque,mésovarisque,anatexie,Zone Moldanubienne,Indifférencié,Massifs varisques,Roches metamorphics,2201,2201,T
France_T2.454,454,POINT (6.884986999950115 48.20603899970013),454,1,519,520,1,453,48.206039,6.884987,F13-126,r,0.715062,0.000013,0.715192,0.000011,Grass,0.00013,Sandstone,Vosges-Black Forest,Vosges-Black Forest [Sandstone],8523,8279,8279,3009999872,1046000,6,10,8,6,C,m,r,fo,Cmr_fo,600010000806,1,300,C,Cm,Cmr,Cmr_fo,8279,Continental,500-700,Sandstone,Forest,Continental-Mountains-Rocks-Forest,135,135,"Hercynian, Vosges Mountains",195,1289,605,6,11,41,240,146,39,135,92,68,159,117,44,161,111,18,21,19,41,44,41,44,49,44,33,35,34,-2,1,-1,6,10,7,15,19,16,7,10,8,199,330400,B,Cambisol,Good,F93,F93,F5b,"Montane to altimontane types, partly with fir and spruce",41,449,47.657089,7.122622,F13-126,0.715062,0.000013,0.715192,0.000011,Grass,0.00013,Sandstone,Vosges-Black Forest,Vosges-Black Forest [Sandstone],Ah,Sandstone_Ah,r,"sandstones, conglomerates, shales, coals",,T,Paleozoic,Permian,Permian,295-250 Ma,295,250,sedimentary,"siliceous, aluminous, carbonaceous",continental,nulle ou faible,stratification,not applicable,not applicable,not applicable,Zone Moldanubienne,Indifférencié,basins et Fossés,sediments et volcanics,1101,1101,T
France_T2.455,455,POINT (6.852311000352415 48.27506800028806),455,1,520,521,1,454,48.275068,6.852311,F13-127,t1,0.712456,0.000016,0.712293,0.000011,Grass,-0.000163,Conglomerate,Paris Basin,Paris Basin [Conglomerate],8523,8279,8279,3009999872,1046000,6,10,8,6,C,m,r,fo,Cmr_fo,600010000806,1,300,C,Cm,Cmr,Cmr_fo,8279,Continental,500-700,Sandstone,Forest,Continental-Mountains-Rocks-Forest,135,135,"Hercynian, Vosges Mountains",195,1289,605,6,11,41,240,146,39,135,92,68,159,117,44,161,111,18,21,19,41,44,41,44,49,44,33,35,34,-2,1,-1,6,10,7,15,19,16,7,10,8,199,330400,B,Cambisol,Good,F93,F93,F5b,"Montane to altimontane types, partly with fir and spruce",41,39,47.63776,7.053432,F13-127,0.712456,0.000016,0.712293,0.000011,Grass,-0.000163,Conglomerate,Paris Basin,Paris Basin [Conglomerate],Ah,Conglomerate_Ah,t1,"sandstones, conglomerates, quartzites",,T,Mesozoic,Triassic,Lower Triassic,250-240 Ma,250,240,sedimentary,"siliceous, aluminous",continental shelf,nulle ou faible,stratification,not applicable,not applicable,not applicable,Indifférencié,Indifférencié,basins et Fossés,sediments et volcanics,1041,1041,T
France_T2.456,456,POINT (6.309888000131139 48.21984899983153),456,1,522,523,1,455,48.219849,6.309888,F13-130,t2,0.709641,0.00002,0.710431,0.000011,Grass,0.00079,Impure carbonate sedimentary rock,Paris Basin,Paris Basin [Impure carbonate sedimentary rock],8672,7626,7626,9888000000,1984000,7,8,4,6,A,h,r,fo,Ahr_fo,700008000406,1,113,A,Ah,Ahr,Ahr_fo,7626,Atlantic Central,200-300,Calcereous rocks,Forest,Atlantic-Hills-Rocks-Forest,136,136,"Mesozoic & Tertiary lowlands and scarplands, Paris Basin; Champagne & Lorraine",153,488,297,1,3,45,116,84,40,80,56,61,117,85,42,105,71,18,22,20,41,48,43,43,54,47,33,39,35,0,2,1,8,10,9,16,19,17,9,11,10,60,332364,B,Cambisol,Good,F110,F110,F5a,Lowland to submontane types,79,214,47.653783,6.757922,F13-130,0.709641,0.00002,0.710431,0.000011,Grass,0.00079,Impure carbonate sedimentary rock,Paris Basin,Paris Basin [Impure carbonate sedimentary rock],Ah,Impure carbonate sedimentary rock_Ah,t2,"marls, dolomites, sandstones, clays",,T,Mesozoic,Triassic,Middle Triassic,240-230 Ma,240,230,sedimentary,"siliceous, aluminous, carbonatic",continental shelf,nulle ou faible,stratification,not applicable,not applicable,not applicable,Indifférencié,Indifférencié,basins et Fossés,sediments et volcanics,981,981,T
France_T2.457,457,POINT (6.3051330002877535 48.25621899980706),457,1,523,524,1,456,48.256219,6.305133,F13-131,t3,0.711828,0.000017,0.711791,0.000012,Grass,-0.000037,Clay,Paris Basin,Paris Basin [Clay],8672,7626,7626,9888000000,1984000,7,8,4,6,A,h,r,fo,Ahr_fo,700008000406,1,113,A,Ah,Ahr,Ahr_fo,7626,Atlantic Central,200-300,Calcereous rocks,Forest,Atlantic-Hills-Rocks-Forest,136,136,"Mesozoic & Tertiary lowlands and scarplands, Paris Basin; Champagne & Lorraine",153,488,297,1,3,45,116,84,40,80,56,61,117,85,42,105,71,18,22,20,41,48,43,43,54,47,33,39,35,0,2,1,8,10,9,16,19,17,9,11,10,60,332364,B,Cambisol,Good,F110,F110,F5a,Lowland to submontane types,79,25,47.702809,6.73301,F13-131,0.711828,0.000017,0.711791,0.000012,Grass,-0.000037,Clay,Paris Basin,Paris Basin [Clay],Ah,Clay_Ah,t3,"marls, clays, sandstones, dolomites",,T,Mesozoic,Triassic,Upper Triassic,230-203 Ma,230,203,sedimentary,"siliceous, aluminous, carbonatic",continental shelf,nulle ou faible,stratification,not applicable,not applicable,not applicable,Indifférencié,Indifférencié,basins et Fossés,sediments et volcanics,961,961,T
France_T2.458,458,POINT (5.358178999661163 47.05171000021642),458,1,524,525,1,457,47.05171,5.358179,F13-132,q2,0.711682,0.000025,0.711141,0.000013,Grass,-0.000541,Clay,Vosges-Black Forest,Vosges-Black Forest [Clay],8838,8783,8783,1291000064,350000,7,8,9,6,A,h,s,fo,Ahs_fo,700008000906,1,122,A,Ah,Ahs,Ahs_fo,8783,Atlantic Central,200-300,Soft loam,Forest,Atlantic-Hills-Sediments-Forest,101,101,"Mesozoic & Tertiary lowlands and scarplands, Sa“ne rift valley",180,469,237,1,2,67,138,89,52,101,69,81,135,103,67,133,95,21,23,21,46,49,47,50,56,54,37,40,38,0,2,1,8,11,9,17,19,18,10,11,10,36,332585,D,Podzoluvisol,Intermediate,F110,F110,F5a,Lowland to submontane types,74,28,47.754735,6.734116,F13-132,0.711682,0.000025,0.711141,0.000013,Grass,-0.000541,Clay,Vosges-Black Forest,Vosges-Black Forest [Clay],Ah,Clay_Ah,q2,"clays, sands, gravels, pebbles",,T,Cenozoic,Quaternary,Middle-Upper Pleistocene,"0,75-0,01 Ma",0.75,0.01,sedimentary,"siliceous, aluminous",continental,nulle ou faible,stratification,not applicable,not applicable,not applicable,Indifférencié,Indifférencié,Formations superficielles,Formations superficielles,21,21,T
France_T2.459,459,POINT (5.364800000119942 46.915860000138935),459,1,525,526,1,458,46.91586,5.3648,F13-133,p,0.71354,0.000037,0.713741,0.000013,Grass,0.000201,Sand,Alpine Foreland,Alpine Foreland [Sand],9186,8937,8937,2507000064,400000,7,8,9,4,A,h,s,pa,Ahs_pa,700008000904,1,120,A,Ah,Ahs,Ahs_pa,8937,Atlantic Central,200-300,Soft loam,Pastures,Atlantic-Hills-Sediments-Pastures,101,101,"Mesozoic & Tertiary lowlands and scarplands, Sa“ne rift valley",175,555,212,0,1,60,130,78,53,98,65,74,121,92,62,121,85,21,24,22,48,50,49,55,58,56,39,41,39,1,2,1,9,11,10,18,20,19,10,12,11,30,332758,L,Luvisol,Good,F36,F36,F3,Mixed oak-hornbeam forests,105,380,48.315278,7.348917,F13-133,0.71354,0.000037,0.713741,0.000013,Grass,0.000201,Sand,Alpine Foreland,Alpine Foreland [Sand],Ah,Sand_Ah,p,"sands, cobbles, clays",,T,Cenozoic,Neogene,Pliocene,"5,30-1,75 Ma",5.3,1.75,sedimentary,"siliceous, aluminous, carbonatic",continental,nulle ou faible,stratification,not applicable,not applicable,not applicable,molasse basin,basin de Bresse,basins et Fossés,sediments et volcanics,141,141,T
France_T2.460,460,POINT (5.735179000310666 46.8215520002247),460,1,526,527,1,459,46.821552,5.735179,F13-135,j1,0.708319,0.000017,0.709494,0.000013,Grass,0.001175,Impure carbonate sedimentary rock,Jura-Alps,Jura-Alps [Impure carbonate sedimentary rock],9054,8950,8950,1812000000,882000,6,10,4,4,C,m,r,pa,Cmr_pa,600010000404,1,298,C,Cm,Cmr,Cmr_pa,8950,Continental,500-700,Calcereous rocks,Pastures,Continental-Mountains-Rocks-Pastures,102,102,"Mesozoic & Tertiary lowlands and scarplands, Jura Mountains",320,1338,746,3,5,97,166,142,79,117,105,116,170,146,109,152,136,21,24,22,45,50,46,52,57,54,37,40,38,-3,2,-1,5,10,7,14,19,16,7,11,9,182,330623,B,Cambisol,Good,F113,F113,F5a,Lowland to submontane types,69,177,48.354001,7.287395,F13-135,0.708319,0.000017,0.709494,0.000013,Grass,0.001175,Impure carbonate sedimentary rock,Jura-Alps,Jura-Alps [Impure carbonate sedimentary rock],Ah,Impure carbonate sedimentary rock_Ah,j1,"marls, limestones, shales",,T,Mesozoic,Jurassic,Lower Jurassic,203-175 Ma,203,175,sedimentary,"aluminous, carbonatic","platform, basin",plissement isopaque,stratification,alpin,not applicable,not applicable,Jura,Indifférencié,Chaînes alpines,sediments et volcanics,901,901,T
France_T2.461,461,POINT (5.767293000071959 46.815145999788115),461,1,527,528,1,460,46.815146,5.767293,F13-136,j2,0.70741,0.000015,0.707972,0.000012,Grass,0.000562,Limestone,Jura-Alps,Jura-Alps [Limestone],9054,8950,8950,1812000000,882000,6,10,4,4,C,m,r,pa,Cmr_pa,600010000404,1,298,C,Cm,Cmr,Cmr_pa,8950,Continental,500-700,Calcereous rocks,Pastures,Continental-Mountains-Rocks-Pastures,102,102,"Mesozoic & Tertiary lowlands and scarplands, Jura Mountains",320,1338,746,3,5,97,166,142,79,117,105,116,170,146,109,152,136,21,24,22,45,50,46,52,57,54,37,40,38,-3,2,-1,5,10,7,14,19,16,7,11,9,182,330623,B,Cambisol,Good,F113,F113,F5a,Lowland to submontane types,69,252,48.369452,7.291886,F13-136,0.70741,0.000015,0.707972,0.000012,Grass,0.000562,Limestone,Jura-Alps,Jura-Alps [Limestone],Ah,Limestone_Ah,j2,"limestones, calcschists, marls",,T,Mesozoic,Jurassic,Middle Jurassic,175-154 Ma,175,154,sedimentary,"aluminous, carbonatic","platform, basin",plissement isopaque,stratification,alpin,not applicable,not applicable,Jura,Indifférencié,Chaînes alpines,sediments et volcanics,801,801,T
France_T2.462,462,POINT (5.988365000144711 46.77745199990994),462,1,528,529,1,461,46.777452,5.988365,F13-137,j3,0.70909,0.000014,0,0,Grass,0,Limestone,Jura-Alps,Jura-Alps [Limestone],9054,8950,8950,1812000000,882000,6,10,4,4,C,m,r,pa,Cmr_pa,600010000404,1,298,C,Cm,Cmr,Cmr_pa,8950,Continental,500-700,Calcereous rocks,Pastures,Continental-Mountains-Rocks-Pastures,102,102,"Mesozoic & Tertiary lowlands and scarplands, Jura Mountains",320,1338,746,3,5,97,166,142,79,117,105,116,170,146,109,152,136,21,24,22,45,50,46,52,57,54,37,40,38,-3,2,-1,5,10,7,14,19,16,7,11,9,182,330623,B,Cambisol,Good,F113,F113,F5a,Lowland to submontane types,69,253,48.379815,7.289507,F13-137,0.70909,0.000014,0,0,Grass,0,Limestone,Jura-Alps,Jura-Alps [Limestone],Ah,Limestone_Ah,j3,"marls, black shales, limestones",,T,Mesozoic,Jurassic,Upper Jurassic,154-135 Ma,154,135,sedimentary,"aluminous, carbonaceous, carbonatic","platform, basin",plissement isopaque,stratification,alpin,not applicable,not applicable,Jura,Indifférencié,Chaînes alpines,sediments et volcanics,761,761,T
France_T2.463,463,POINT (6.009233000202869 46.78727699973382),463,1,529,530,1,462,46.787277,6.009233,F13-138,c1,0.708383,0.00002,0.709134,0.000014,Grass,0.000751,Impure carbonate sedimentary rock,Jura-Alps,Jura-Alps [Impure carbonate sedimentary rock],9054,8950,8950,1812000000,882000,6,10,4,4,C,m,r,pa,Cmr_pa,600010000404,1,298,C,Cm,Cmr,Cmr_pa,8950,Continental,500-700,Calcereous rocks,Pastures,Continental-Mountains-Rocks-Pastures,102,102,"Mesozoic & Tertiary lowlands and scarplands, Jura Mountains",320,1338,746,3,5,97,166,142,79,117,105,116,170,146,109,152,136,21,24,22,45,50,46,52,57,54,37,40,38,-3,2,-1,5,10,7,14,19,16,7,11,9,182,330623,B,Cambisol,Good,F113,F113,F5a,Lowland to submontane types,69,178,48.062052,6.984201,F13-138,0.708383,0.00002,0.709134,0.000014,Grass,0.000751,Impure carbonate sedimentary rock,Jura-Alps,Jura-Alps [Impure carbonate sedimentary rock],Ah,Impure carbonate sedimentary rock_Ah,c1,"marls, sandstones, shales, limestones",,T,Mesozoic,Cretaceous,Lower Cretaceous,135-96 Ma,135,96,sedimentary,"siliceous, aluminous, carbonatic","platform, basin",plissement isopaque,stratification,alpin,not applicable,not applicable,Jura,Indifférencié,Chaînes alpines,sediments et volcanics,701,701,T
France_T2.464,464,POINT (5.998367000037092 46.77802500025359),464,1,530,531,1,463,46.778025,5.998367,F13-139,c1,0.708607,0.000026,0.708807,0.00001,Grass,0.0002,Impure carbonate sedimentary rock,Jura-Alps,Jura-Alps [Impure carbonate sedimentary rock],9054,8950,8950,1812000000,882000,6,10,4,4,C,m,r,pa,Cmr_pa,600010000404,1,298,C,Cm,Cmr,Cmr_pa,8950,Continental,500-700,Calcereous rocks,Pastures,Continental-Mountains-Rocks-Pastures,102,102,"Mesozoic & Tertiary lowlands and scarplands, Jura Mountains",320,1338,746,3,5,97,166,142,79,117,105,116,170,146,109,152,136,21,24,22,45,50,46,52,57,54,37,40,38,-3,2,-1,5,10,7,14,19,16,7,11,9,182,330623,B,Cambisol,Good,F113,F113,F5a,Lowland to submontane types,69,179,48.081342,6.948422,F13-139,0.708607,0.000026,0.708807,0.00001,Grass,0.0002,Impure carbonate sedimentary rock,Jura-Alps,Jura-Alps [Impure carbonate sedimentary rock],Ah,Impure carbonate sedimentary rock_Ah,c1,"marls, sandstones, shales, limestones",,T,Mesozoic,Cretaceous,Lower Cretaceous,135-96 Ma,135,96,sedimentary,"siliceous, aluminous, carbonatic","platform, basin",plissement isopaque,stratification,alpin,not applicable,not applicable,Jura,Indifférencié,Chaînes alpines,sediments et volcanics,701,701,T
France_T2.465,465,POINT (6.095711999709067 46.806080999938274),465,1,531,532,1,464,46.806081,6.095712,F13-140,q2,0.707918,0.000022,0.708396,0.000016,Grass,0.000478,Limestone,Vosges-Black Forest,Vosges-Black Forest [Limestone],9054,8950,8950,1812000000,882000,6,10,4,4,C,m,r,pa,Cmr_pa,600010000404,1,298,C,Cm,Cmr,Cmr_pa,8950,Continental,500-700,Calcereous rocks,Pastures,Continental-Mountains-Rocks-Pastures,102,102,"Mesozoic & Tertiary lowlands and scarplands, Jura Mountains",320,1338,746,3,5,97,166,142,79,117,105,116,170,146,109,152,136,21,24,22,45,50,46,52,57,54,37,40,38,-3,2,-1,5,10,7,14,19,16,7,11,9,182,330623,B,Cambisol,Good,F113,F113,F5a,Lowland to submontane types,69,292,48.15991,6.867732,F13-140,0.707918,0.000022,0.708396,0.000016,Grass,0.000478,Limestone,Vosges-Black Forest,Vosges-Black Forest [Limestone],Ah,Limestone_Ah,q2,"clays, cobbles, boulders",,T,Cenozoic,Quaternary,Middle-Upper Pleistocene,"0,75-0,01 Ma",0.75,0.01,sedimentary,"siliceous, aluminous",continental,nulle ou faible,stratification,not applicable,not applicable,not applicable,Indifférencié,Indifférencié,Formations superficielles,Formations superficielles,21,23,"dépôts glaciaires, moraines - T"
France_T2.466,466,POINT (6.365041000242002 47.309554999963325),466,1,532,533,1,465,47.309555,6.365041,F13-141,j2,0.707928,0.000018,0.70756,0.000011,Grass,-0.000368,Limestone,Jura-Alps,Jura-Alps [Limestone],9365,8679,8679,5088999936,1672000,7,9,4,6,A,h,r,fo,Ahr_fo,700009000406,1,113,A,Ah,Ahr,Ahr_fo,8679,Atlantic Central,300-500,Calcereous rocks,Forest,Atlantic-Hills-Rocks-Forest,102,102,"Mesozoic & Tertiary lowlands and scarplands, Jura Mountains",190,979,437,3,6,54,164,124,50,113,90,73,154,123,52,145,111,20,27,21,41,51,46,45,59,51,33,42,37,-2,2,0,7,11,8,16,20,17,8,12,9,123,330623,B,Cambisol,Good,F113,F113,F5a,Lowland to submontane types,79,254,48.206039,6.884987,F13-141,0.707928,0.000018,0.70756,0.000011,Grass,-0.000368,Limestone,Jura-Alps,Jura-Alps [Limestone],Ah,Limestone_Ah,j2,"limestones, calcschists, marls",,T,Mesozoic,Jurassic,Middle Jurassic,175-154 Ma,175,154,sedimentary,"aluminous, carbonatic","platform, basin",plissement isopaque,stratification,alpin,not applicable,not applicable,Jura,Indifférencié,Chaînes alpines,sediments et volcanics,801,801,T
France_T2.467,467,POINT (7.6365929996672435 48.07239199959116),467,1,533,534,1,466,48.072392,7.636593,F13-142,Paleogene-Neogene,0.704114,0.000008,0.704354,0.000007,Grass,0.00024,"Volcanics (Basanites, Tephrites, Pyroclastica)",Rhine Graben,"Rhine Graben  [Volcanics (Basanites, Tephrites, Pyroclastica)]",8454,8504,8504,166000000,76000,7,7,9,2,A,h,s,al,Ahs_al,700007000902,1,118,A,Ah,Ahs,Ahs_al,8504,Atlantic Central,100-200,Soft loam,Arable land,Atlantic-Hills-Sediments-Arable land,129,129,"Mesozoic & Tertiary lowlands and scarplands, Rhine rift valley",169,443,235,2,3,33,72,40,42,68,47,71,102,78,46,75,51,19,20,19,41,42,41,49,50,49,34,34,34,0,1,0,9,10,9,18,19,18,9,10,9,68,490110,R,Regosol,Poor,F53,F53,F3,Mixed oak-hornbeam forests,102,533,48.275068,6.852311,F13-142,0.704114,0.000008,0.704354,0.000007,Grass,0.00024,"Volcanics (Basanites, Tephrites, Pyroclastica, Trachytes)",Rhine Graben,"Rhine Graben  [Volcanics (Basanites, Tephrites, Pyroclastica, Trachytes)]",Ah,"Volcanics (Basanites, Tephrites, Pyroclastica, Trachytes)_Ah",gm (b-h-t),"basanites, hawaiites, tephrites",,T,Cenozoic,"Paleogene, Neogene","Oligocene, Miocene","33,7-5,30 Ma",33.7,5.3,volcanic,"tholeiitic, peralkaline",continental extension,nulle ou faible,not applicable,not applicable,not applicable,not applicable,Volcanisme péri-alpin,Indifférencié,Volcanisme péri-alpin,volcanics Cenozoics,341,341,T
France_T2.468,468,POINT (7.752157999592043 48.064252000129784),468,1,534,535,1,467,48.064252,7.752158,F13-144,Holocene,0.713774,0.000021,0.713878,0.000013,Grass,0.000104,Sand,Paris Basin,Paris Basin [Sand],8628,7884,7884,4156999936,1612000,7,7,1,2,A,h,s,al,Ahs_al,700007000102,1,118,A,Ah,Ahs,Ahs_al,7884,Atlantic Central,100-200,River alluvium,Arable land,Atlantic-Hills-Sediments-Arable land,129,129,"Mesozoic & Tertiary lowlands and scarplands, Rhine rift valley",95,398,149,0,0,33,128,59,38,100,55,65,127,82,42,104,57,18,21,18,41,43,42,46,51,49,32,34,33,0,1,0,8,10,9,16,19,18,9,11,10,42,490281,J,Fluvisol,Hydromorphic,F35,F35,F3,Mixed oak-hornbeam forests,102,425,48.219849,6.309888,F13-144,0.713774,0.000021,0.713878,0.000013,Grass,0.000104,Sand,Paris Basin,Paris Basin [Sand],Ah,Sand_Ah,q3,"sands, clays, gravels, pebbles",,T,Cenozoic,Quaternary,Holocene,"0,01-0,00 Ma",0.01,0,sedimentary,"siliceous, aluminous",continental,nulle ou faible,stratification,not applicable,not applicable,not applicable,Indifférencié,Indifférencié,Formations superficielles,Formations superficielles,1,1,T
France_T2.469,469,POINT (6.586218999807045 46.07355899984799),469,1,535,536,1,468,46.073559,6.586219,F13-145,g,0.708569,0.000024,0.709354,0.00001,Grass,0.000785,Impure carbonate sedimentary rock,Jura-Alps,Jura-Alps [Impure carbonate sedimentary rock],9528,8989,8989,6766000128,1672000,6,13,4,6,C,m,r,fo,Cmr_fo,600013000406,1,300,C,Cm,Cmr,Cmr_fo,8989,Continental,1100-1500,Calcereous rocks,Forest,Continental-Mountains-Rocks-Forest,77,77,"Alpine fold mountain belt, Western Alps; Mountains",241,2956,1079,11,23,67,166,121,61,117,92,98,170,134,79,152,113,21,34,26,43,51,47,50,60,56,38,44,40,-7,2,-1,0,10,7,9,19,16,2,11,8,448,332354,B,Cambisol,Good,F132,F132,F5b,"Montane to altimontane types, partly with fir and spruce",41,180,48.256219,6.305133,F13-145,0.708569,0.000024,0.709354,0.00001,Grass,0.000785,Impure carbonate sedimentary rock,Jura-Alps,Jura-Alps [Impure carbonate sedimentary rock],Ah,Impure carbonate sedimentary rock_Ah,g,"marls, limestones, conglomerates, sandstones",,T,Cenozoic,Paleogene,Oligocene,"33,7-23,5 Ma",33.7,23.5,sedimentary,"siliceous, aluminous, carbonatic",molasse basin,"fracturation, basculement",stratification,alpin,not applicable,not applicable,Zone Dauphinoise et Ultra-Dauphinoise,Couverture post-Carboniferous,Chaînes alpines,sediments et volcanics,301,301,T
France_T2.470,470,POINT (6.560643000274297 46.08662099965949),470,1,536,537,1,469,46.086621,6.560643,F13-146,j1,0.707842,0.000013,0.708434,0.000016,Grass,0.000592,Limestone,Jura-Alps,Jura-Alps [Limestone],9528,8989,8989,6766000128,1672000,6,13,4,6,C,m,r,fo,Cmr_fo,600013000406,1,300,C,Cm,Cmr,Cmr_fo,8989,Continental,1100-1500,Calcereous rocks,Forest,Continental-Mountains-Rocks-Forest,77,77,"Alpine fold mountain belt, Western Alps; Mountains",241,2956,1079,11,23,67,166,121,61,117,92,98,170,134,79,152,113,21,34,26,43,51,47,50,60,56,38,44,40,-7,2,-1,0,10,7,9,19,16,2,11,8,448,332354,B,Cambisol,Good,F132,F132,F5b,"Montane to altimontane types, partly with fir and spruce",41,255,47.05171,5.358179,F13-146,0.707842,0.000013,0.708434,0.000016,Grass,0.000592,Limestone,Jura-Alps,Jura-Alps [Limestone],Ah,Limestone_Ah,j1,"marls, limestones, shales",,T,Mesozoic,Jurassic,Lower Jurassic,203-175 Ma,203,175,sedimentary,"aluminous, carbonatic","platform, basin",plissement isopaque,stratification,alpin,not applicable,not applicable,Zone Dauphinoise et Ultra-Dauphinoise,Couverture post-Carboniferous,Chaînes alpines,sediments et volcanics,901,901,T
France_T2.471,471,POINT (6.762953000280788 45.918980000326826),471,1,537,538,1,470,45.91898,6.762953,F13-147,h2,0.71378,0.000013,0.713725,0.000013,Grass,-0.000055,Schist,Jura-Alps,Jura-Alps [Schist],9528,8989,8989,6766000128,1672000,6,13,4,6,C,m,r,fo,Cmr_fo,600013000406,1,300,C,Cm,Cmr,Cmr_fo,8989,Continental,1100-1500,Calcereous rocks,Forest,Continental-Mountains-Rocks-Forest,77,77,"Alpine fold mountain belt, Western Alps; Mountains",241,2956,1079,11,23,67,166,121,61,117,92,98,170,134,79,152,113,21,34,26,43,51,47,50,60,56,38,44,40,-7,2,-1,0,10,7,9,19,16,2,11,8,448,332354,B,Cambisol,Good,F132,F132,F5b,"Montane to altimontane types, partly with fir and spruce",41,470,46.91586,5.3648,F13-147,0.71378,0.000013,0.713725,0.000013,Grass,-0.000055,Schist,Jura-Alps,Jura-Alps [Schist],Ah,Schist_Ah,18,"metagranites, protogines",,T,Paleozoic,Carboniferous,"Namurian, Westphalian, Stephanian",335-295 Ma,335,295,plutonic,calc-alkaline,continental collision,"aplatissement, cisaillement",structure planaire,varisque,not applicable,not applicable,Zone Dauphinoise et Ultra-Dauphinoise,Massifs Cristallins Externes,Massifs varisques,Plutons varisques,1341,1341,T
France_T2.472,472,POINT (6.934551999575149 45.968098000022735),472,1,538,539,1,471,45.968098,6.934552,F13-148,18,0.71057,0.000015,0.710506,0.000014,Grass,-0.000064,Granite,Jura-Alps,Jura-Alps [Granite],9449,9451,9451,350000000,228000,5,15,12,6,Z,n,r,fo,Znr_fo,500015001206,1,191,Z,Zn,Znr,Znr_fo,9451,Alpine South,2000-2500,Crystalline rocks and migmatites,Forest,Alpine-High mountains-Rocks-Forest,77,77,"Alpine fold mountain belt, Western Alps; Mountains",806,3662,2068,21,46,52,101,76,80,119,104,99,123,115,89,116,107,30,34,32,43,47,44,50,55,51,41,43,42,-8,-2,-6,-1,6,1,8,15,10,2,8,3,595,332647,P,Podzol,Marginal,B43,B43,B5,"Alpine vegetation in the boreal, nemoral and Mediterranean zone",15,70,46.953141,5.38104,F13-148,0.71057,0.000015,0.710506,0.000014,Grass,-0.000064,Granite,Jura-Alps,Jura-Alps [Granite],Ah,Granite_Ah,18,"monzogranites, metagranites",,T,Paleozoic,Carboniferous,"Namurian, Westphalian, Stephanian",335-295 Ma,335,295,plutonic,indeterminate,continental collision,nulle ou faible,not applicable,not applicable,not applicable,not applicable,Zone Dauphinoise et Ultra-Dauphinoise,Massifs Cristallins Externes,Massifs varisques,Plutons varisques,1341,1341,T
France_T2.473,473,POINT (6.942549999682797 46.05088700023492),473,1,539,540,1,472,46.050887,6.94255,F13-150,17,0.711459,0.000017,0.711779,0.000012,Grass,0.00032,Granite,Jura-Alps,Jura-Alps [Granite],10098,9120,9120,16355000320,5750000,5,15,12,8,Z,n,r,op,Znr_op,500015001208,1,193,Z,Zn,Znr,Znr_op,9120,Alpine South,2000-2500,Crystalline rocks and migmatites,Open spaces with little or no veg.,Alpine-High mountains-Rocks-Open spaces with little or no veg.,77,77,"Alpine fold mountain belt, Western Alps; Mountains",210,4536,2148,18,39,45,144,87,65,155,113,77,216,146,79,182,137,25,42,35,38,50,41,41,61,46,37,50,43,-11,1,-8,-5,10,-1,5,19,9,-2,11,2,571,5,555,Glacier,Not applicable,B43,B43,B5,"Alpine vegetation in the boreal, nemoral and Mediterranean zone",14,71,46.815146,5.767293,F13-150,0.711459,0.000017,0.711779,0.000012,Grass,0.00032,Granite,Jura-Alps,Jura-Alps [Granite],Ah,Granite_Ah,17,"monzogranites, metagranites",,T,Paleozoic,Carboniferous,"Upper Viséan, Namurian",335-305 Ma,335,305,plutonic,peraluminous,continental collision,"aplatissement, cisaillement",structure planaire,varisque,not applicable,not applicable,Zone Dauphinoise et Ultra-Dauphinoise,Massifs Cristallins Externes,Massifs varisques,Plutons varisques,1321,1321,T
France_T2.474,474,POINT (5.4877929999470325 46.70378999970876),474,1,540,541,1,473,46.70379,5.487793,F13-151,p,0.713446,0.000032,0,0,Grass,0,Sand,Alpine Foreland,Alpine Foreland [Sand],9186,8937,8937,2507000064,400000,7,8,9,4,A,h,s,pa,Ahs_pa,700008000904,1,120,A,Ah,Ahs,Ahs_pa,8937,Atlantic Central,200-300,Soft loam,Pastures,Atlantic-Hills-Sediments-Pastures,101,101,"Mesozoic & Tertiary lowlands and scarplands, Sa“ne rift valley",175,555,212,0,1,60,130,78,53,98,65,74,121,92,62,121,85,21,24,22,48,50,49,55,58,56,39,41,39,1,2,1,9,11,10,18,20,19,10,12,11,30,332758,L,Luvisol,Good,F36,F36,F3,Mixed oak-hornbeam forests,105,381,46.777452,5.988365,F13-151,0.713446,0.000032,0,0,Grass,0,Sand,Alpine Foreland,Alpine Foreland [Sand],Ah,Sand_Ah,p,"sands, cobbles, clays",,T,Cenozoic,Neogene,Pliocene,"5,30-1,75 Ma",5.3,1.75,sedimentary,"siliceous, aluminous, carbonatic",continental,nulle ou faible,stratification,not applicable,not applicable,not applicable,molasse basin,basin de Bresse,basins et Fossés,sediments et volcanics,141,141,T
France_T2.475,475,POINT (5.188530000359265 46.585799000323675),475,1,541,542,1,474,46.585799,5.18853,F13-152,q2,0.711099,0.000017,0.711286,0.000017,Grass,0.000187,Clay,Jura-Alps,Jura-Alps [Clay],9186,8937,8937,2507000064,400000,7,8,9,4,A,h,s,pa,Ahs_pa,700008000904,1,120,A,Ah,Ahs,Ahs_pa,8937,Atlantic Central,200-300,Soft loam,Pastures,Atlantic-Hills-Sediments-Pastures,101,101,"Mesozoic & Tertiary lowlands and scarplands, Sa“ne rift valley",175,555,212,0,1,60,130,78,53,98,65,74,121,92,62,121,85,21,24,22,48,50,49,55,58,56,39,41,39,1,2,1,9,11,10,18,20,19,10,12,11,30,332758,L,Luvisol,Good,F36,F36,F3,Mixed oak-hornbeam forests,105,14,46.787277,6.009233,F13-152,0.711099,0.000017,0.711286,0.000017,Grass,0.000187,Clay,Jura-Alps,Jura-Alps [Clay],Ah,Clay_Ah,q2,"clays, sands, gravels, pebbles",,T,Cenozoic,Quaternary,Middle-Upper Pleistocene,"0,75-0,01 Ma",0.75,0.01,sedimentary,"siliceous, aluminous",continental,nulle ou faible,stratification,not applicable,not applicable,not applicable,Indifférencié,Indifférencié,Formations superficielles,Formations superficielles,21,21,T
France_T2.476,476,POINT (4.93099200038057 46.35479399994318),476,1,542,543,1,475,46.354794,4.930992,F13-153,p,0.710459,0.000034,0.710476,0.000011,Tree,0.000017,Sand,Alpine Foreland,Alpine Foreland [Sand],9117,9157,9157,384000000,110000,7,8,9,4,A,h,s,pa,Ahs_pa,700008000904,1,120,A,Ah,Ahs,Ahs_pa,9157,Atlantic Central,200-300,Soft loam,Pastures,Atlantic-Hills-Sediments-Pastures,101,101,"Mesozoic & Tertiary lowlands and scarplands, Sa“ne rift valley",172,236,203,0,0,57,64,62,55,61,57,81,85,82,67,79,72,23,24,23,50,50,50,57,58,57,40,41,40,2,2,2,11,11,11,20,20,20,11,12,11,11,332720,L,Luvisol,Good,F36,F36,F3,Mixed oak-hornbeam forests,105,382,46.778025,5.998367,F13-153,0.710459,0.000034,0.710476,0.000011,Tree,0.000017,Sand,Alpine Foreland,Alpine Foreland [Sand],Ah,Sand_Ah,p,"sands, cobbles, clays",,T,Cenozoic,Neogene,Pliocene,"5,30-1,75 Ma",5.3,1.75,sedimentary,"siliceous, aluminous, carbonatic",continental,nulle ou faible,stratification,not applicable,not applicable,not applicable,molasse basin,basin de Bresse,basins et Fossés,sediments et volcanics,141,141,T
France_T2.477,477,POINT (5.37986999990062 46.16425300037571),477,1,543,544,1,476,46.164253,5.37987,F13-154,j3,0.708096,0.000015,0.70853,0.000014,Grass,0.000434,Impure carbonate sedimentary rock,Jura-Alps,Jura-Alps [Impure carbonate sedimentary rock],9365,8679,8679,5088999936,1672000,7,9,4,6,A,h,r,fo,Ahr_fo,700009000406,1,113,A,Ah,Ahr,Ahr_fo,8679,Atlantic Central,300-500,Calcereous rocks,Forest,Atlantic-Hills-Rocks-Forest,102,102,"Mesozoic & Tertiary lowlands and scarplands, Jura Mountains",190,979,437,3,6,54,164,124,50,113,90,73,154,123,52,145,111,20,27,21,41,51,46,45,59,51,33,42,37,-2,2,0,7,11,8,16,20,17,8,12,9,123,330623,B,Cambisol,Good,F113,F113,F5a,Lowland to submontane types,79,181,46.806081,6.095712,F13-154,0.708096,0.000015,0.70853,0.000014,Grass,0.000434,Impure carbonate sedimentary rock,Jura-Alps,Jura-Alps [Impure carbonate sedimentary rock],Ah,Impure carbonate sedimentary rock_Ah,j3,"marls, black shales, limestones",,T,Mesozoic,Jurassic,Upper Jurassic,154-135 Ma,154,135,sedimentary,"aluminous, carbonaceous, carbonatic","platform, basin",plissement isopaque,stratification,alpin,not applicable,not applicable,Jura,Indifférencié,Chaînes alpines,sediments et volcanics,761,761,T
France_T2.478,478,POINT (5.403429999994557 46.19200999976175),478,1,544,545,1,477,46.19201,5.40343,F13-155,c1,0.709973,0.000018,0.710851,0.000012,Grass,0.000878,Impure carbonate sedimentary rock,Jura-Alps,Jura-Alps [Impure carbonate sedimentary rock],9365,8679,8679,5088999936,1672000,7,9,4,6,A,h,r,fo,Ahr_fo,700009000406,1,113,A,Ah,Ahr,Ahr_fo,8679,Atlantic Central,300-500,Calcereous rocks,Forest,Atlantic-Hills-Rocks-Forest,102,102,"Mesozoic & Tertiary lowlands and scarplands, Jura Mountains",190,979,437,3,6,54,164,124,50,113,90,73,154,123,52,145,111,20,27,21,41,51,46,45,59,51,33,42,37,-2,2,0,7,11,8,16,20,17,8,12,9,123,330623,B,Cambisol,Good,F113,F113,F5a,Lowland to submontane types,79,182,47.309555,6.365041,F13-155,0.709973,0.000018,0.710851,0.000012,Grass,0.000878,Impure carbonate sedimentary rock,Jura-Alps,Jura-Alps [Impure carbonate sedimentary rock],Ah,Impure carbonate sedimentary rock_Ah,c1,"marls, sandstones, shales, limestones",,T,Mesozoic,Cretaceous,Lower Cretaceous,135-96 Ma,135,96,sedimentary,"siliceous, aluminous, carbonatic","platform, basin",plissement isopaque,stratification,alpin,not applicable,not applicable,Jura,Indifférencié,Chaînes alpines,sediments et volcanics,701,701,T
France_T2.479,479,POINT (5.248939000034852 46.12903400041881),479,1,545,546,1,478,46.129034,5.248939,F13-157,q2,0.711519,0.000027,0,0,Grass,0,Clay,Vosges-Black Forest,Vosges-Black Forest [Clay],9255,8588,8588,2455000064,1898000,7,7,1,2,A,h,s,al,Ahs_al,700007000102,1,118,A,Ah,Ahs,Ahs_al,8588,Atlantic Central,100-200,River alluvium,Arable land,Atlantic-Hills-Sediments-Arable land,101,101,"Mesozoic & Tertiary lowlands and scarplands, Sa“ne rift valley",169,422,208,0,1,45,116,69,44,80,57,70,117,85,55,105,73,20,25,22,44,50,48,46,59,55,35,41,39,0,2,1,8,11,10,17,20,19,9,12,11,38,330343,J,Fluvisol,Hydromorphic,F36,F36,F3,Mixed oak-hornbeam forests,102,29,48.072392,7.636593,F13-157,0.711519,0.000027,0,0,Grass,0,Clay,Vosges-Black Forest,Vosges-Black Forest [Clay],Ah,Clay_Ah,q2,"clays, cobbles, boulders",,T,Cenozoic,Quaternary,Middle-Upper Pleistocene,"0,75-0,01 Ma",0.75,0.01,sedimentary,"siliceous, aluminous",continental,nulle ou faible,stratification,not applicable,not applicable,not applicable,Indifférencié,Indifférencié,Formations superficielles,Formations superficielles,21,23,"dépôts glaciaires, moraines - T"
France_T2.480,480,POINT (5.328083000330253 45.83563599970165),480,1,546,547,1,479,45.835636,5.328083,F13-158,j2,0.708097,0.000019,0.708775,0.000012,Grass,0.000678,Limestone,Alpine Foreland,Alpine Foreland [Limestone],9402,9434,9434,180000000,98000,7,9,9,2,A,h,s,al,Ahs_al,700009000902,1,118,A,Ah,Ahs,Ahs_al,9434,Atlantic Central,300-500,Soft loam,Arable land,Atlantic-Hills-Sediments-Arable land,99,99,"Mesozoic & Tertiary lowlands and scarplands, Rh“ne rift valley",200,420,309,3,5,56,85,67,59,74,65,85,100,91,81,95,87,25,27,26,50,51,50,59,60,59,41,43,41,2,2,2,10,11,10,19,20,19,11,12,11,56,332499,L,Luvisol,Good,F53,F53,F3,Mixed oak-hornbeam forests,102,228,48.071943,7.635954,F13-158,0.708097,0.000019,0.708775,0.000012,Grass,0.000678,Limestone,Alpine Foreland,Alpine Foreland [Limestone],Ah,Limestone_Ah,j2,"limestones, marls, dolomites",,T,Mesozoic,Jurassic,Middle Jurassic,175-154 Ma,175,154,sedimentary,"aluminous, carbonatic",continental shelf,plissement isopaque,stratification,alpin,not applicable,not applicable,Couverture anté-Paleogene du Sillon Rhodanien,Indifférencié,basins et Fossés,sediments et volcanics,801,801,T
France_T2.481,481,POINT (4.997427000056064 45.49071099971292),481,1,547,548,1,480,45.490711,4.997427,F13-159,q2,0.708387,0.000016,0.708616,0.00001,Shrub,0.000229,Gravel,Vosges-Black Forest,Vosges-Black Forest [Gravel],9526,9550,9550,454000000,160000,9,9,1,2,A,h,s,al,Ahs_al,900009000102,1,118,A,Ah,Ahs,Ahs_al,9550,Lusitanian,300-500,River alluvium,Arable land,Atlantic-Hills-Sediments-Arable land,99,99,"Mesozoic & Tertiary lowlands and scarplands, Rh“ne rift valley",143,592,354,2,4,40,78,52,51,76,60,69,98,78,75,101,87,27,31,28,51,52,51,59,62,60,42,44,43,2,3,2,9,11,10,18,20,19,11,12,11,98,332528,L,Luvisol,Good,F16,F16,F1a,Lowland to submontane types (Acidophilous oak and mixed oak forests),102,136,48.064252,7.752158,F13-159,0.708387,0.000016,0.708616,0.00001,Shrub,0.000229,Gravel,Vosges-Black Forest,Vosges-Black Forest [Gravel],Ah,Gravel_Ah,q2,"clays, cobbles, boulders",,T,Cenozoic,Quaternary,Middle-Upper Pleistocene,"0,75-0,01 Ma",0.75,0.01,sedimentary,"siliceous, aluminous",continental,nulle ou faible,stratification,not applicable,not applicable,not applicable,Indifférencié,Indifférencié,Formations superficielles,Formations superficielles,21,23,"dépôts glaciaires, moraines - T"
France_T2.482,482,POINT (5.011501999817483 45.43025299957634),482,1,548,549,1,481,45.430253,5.011502,F13-160,m,0.709003,0.000048,0,0,Shrub,0,Impure carbonate sedimentary rock,Alpine Foreland,Alpine Foreland [Impure carbonate sedimentary rock],9526,9550,9550,454000000,160000,9,9,1,2,A,h,s,al,Ahs_al,900009000102,1,118,A,Ah,Ahs,Ahs_al,9550,Lusitanian,300-500,River alluvium,Arable land,Atlantic-Hills-Sediments-Arable land,99,99,"Mesozoic & Tertiary lowlands and scarplands, Rh“ne rift valley",143,592,354,2,4,40,78,52,51,76,60,69,98,78,75,101,87,27,31,28,51,52,51,59,62,60,42,44,43,2,3,2,9,11,10,18,20,19,11,12,11,98,332528,L,Luvisol,Good,F16,F16,F1a,Lowland to submontane types (Acidophilous oak and mixed oak forests),102,141,46.073559,6.586219,F13-160,0.709003,0.000048,0,0,Shrub,0,Impure carbonate sedimentary rock,Alpine Foreland,Alpine Foreland [Impure carbonate sedimentary rock],Ah,Impure carbonate sedimentary rock_Ah,m,"marls, conglomerates, sandstones, limestones",,T,Cenozoic,Neogene,Miocene,"23,5-5,30 Ma",23.5,5.3,sedimentary,"siliceous, aluminous, carbonatic",molasse basin,"fracturation, basculement",stratification,alpin,not applicable,not applicable,molasse basin,molasse basin du Bas-Dauphiné,basins et Fossés,sediments et volcanics,241,241,T
France_T2.483,483,POINT (5.054230999860806 45.32414799973043),483,1,549,550,1,482,45.324148,5.054231,F13-161,q2,0.708096,0.000021,0,0,Grass,0,Conglomerate,Jura-Alps,Jura-Alps [Conglomerate],9696,9705,9705,400000000,166000,12,8,1,2,M,h,s,al,Mhs_al,1200008000100,1,229,M,Mh,Mhs,Mhs_al,9705,Mediterranean North,200-300,River alluvium,Arable land,Mediterranean-Hills-Sediments-Arable land,99,99,"Mesozoic & Tertiary lowlands and scarplands, Rh“ne rift valley",122,474,267,2,5,47,62,53,58,72,63,64,81,69,90,112,96,30,33,31,52,53,52,61,64,62,44,46,45,2,3,2,10,12,11,19,21,20,11,13,12,57,330549,B,Cambisol,Good,F52,F52,F3,Mixed oak-hornbeam forests,122,35,46.086621,6.560643,F13-161,0.708096,0.000021,0,0,Grass,0,Conglomerate,Jura-Alps,Jura-Alps [Conglomerate],Ah,Conglomerate_Ah,q2,"clays, sands, gravels, pebbles",,T,Cenozoic,Quaternary,Middle-Upper Pleistocene,"0,75-0,01 Ma",0.75,0.01,sedimentary,"siliceous, aluminous",continental,nulle ou faible,stratification,not applicable,not applicable,not applicable,Indifférencié,Indifférencié,Formations superficielles,Formations superficielles,21,21,T
France_T2.484,484,POINT (5.028849000281184 45.25879499958961),484,1,550,551,1,483,45.258795,5.028849,F13-162,m,0.709159,0.000018,0.708882,0.000013,Shrub,-0.000277,Impure carbonate sedimentary rock,Alpine Foreland,Alpine Foreland [Impure carbonate sedimentary rock],9696,9705,9705,400000000,166000,12,8,1,2,M,h,s,al,Mhs_al,1200008000100,1,229,M,Mh,Mhs,Mhs_al,9705,Mediterranean North,200-300,River alluvium,Arable land,Mediterranean-Hills-Sediments-Arable land,99,99,"Mesozoic & Tertiary lowlands and scarplands, Rh“ne rift valley",122,474,267,2,5,47,62,53,58,72,63,64,81,69,90,112,96,30,33,31,52,53,52,61,64,62,44,46,45,2,3,2,10,12,11,19,21,20,11,13,12,57,330549,B,Cambisol,Good,F52,F52,F3,Mixed oak-hornbeam forests,122,142,45.91898,6.762953,F13-162,0.709159,0.000018,0.708882,0.000013,Shrub,-0.000277,Impure carbonate sedimentary rock,Alpine Foreland,Alpine Foreland [Impure carbonate sedimentary rock],Ah,Impure carbonate sedimentary rock_Ah,m,"marls, conglomerates, sandstones, limestones",,T,Cenozoic,Neogene,Miocene,"23,5-5,30 Ma",23.5,5.3,sedimentary,"siliceous, aluminous, carbonatic",molasse basin,"fracturation, basculement",stratification,alpin,not applicable,not applicable,molasse basin,molasse basin du Bas-Dauphiné,basins et Fossés,sediments et volcanics,241,241,T
France_T2.485,485,POINT (5.118280000121956 44.89620799989933),485,1,551,552,1,484,44.896208,5.11828,F13-163,c1,0.708454,0.000019,0.708484,0.000013,Grass,0.00003,Impure carbonate sedimentary rock,Alpine Foreland,Alpine Foreland [Impure carbonate sedimentary rock],9869,9497,9497,1600999936,656000,11,9,3,5,M,h,s,ha,Mhs_ha,1100009000310,1,232,M,Mh,Mhs,Mhs_ha,9497,Mediterranean Mountains,300-500,Glaciofluvial deposites,Heterogeneous agric. areas,Mediterranean-Hills-Sediments-Heterogeneous agric. areas,99,99,"Mesozoic & Tertiary lowlands and scarplands, Rh“ne rift valley",166,1418,450,6,11,52,133,79,61,115,81,62,142,95,93,138,108,26,36,31,50,54,51,59,66,61,42,48,44,-2,3,2,5,12,9,14,21,18,7,13,11,177,330549,B,Cambisol,Good,F16,F16,F1a,Lowland to submontane types (Acidophilous oak and mixed oak forests),93,143,45.968098,6.934552,F13-163,0.708454,0.000019,0.708484,0.000013,Grass,0.00003,Impure carbonate sedimentary rock,Alpine Foreland,Alpine Foreland [Impure carbonate sedimentary rock],Ah,Impure carbonate sedimentary rock_Ah,c1,"marls, sands, sandstones, clays, limestones",,T,Mesozoic,Cretaceous,Lower Cretaceous,135-96 Ma,135,96,sedimentary,"siliceous, aluminous, carbonatic",continental shelf,plissement isopaque,stratification,alpin,not applicable,not applicable,Couverture anté-Paleogene du Sillon Rhodanien,Indifférencié,basins et Fossés,sediments et volcanics,701,701,T
France_T2.486,486,POINT (5.13613199959218 44.88799299967724),486,1,552,553,1,485,44.887993,5.136132,F13-164,c1,0.708048,0.00002,0.709008,0.000015,Grass,0.00096,Limestone,Alpine Foreland,Alpine Foreland [Limestone],10386,9789,9789,5122999808,1318000,11,13,4,6,M,m,r,fo,Mmr_fo,1100013000410,1,241,M,Mm,Mmr,Mmr_fo,9789,Mediterranean Mountains,1100-1500,Calcereous rocks,Forest,Mediterranean-Mountains-Rocks-Forest,77,77,"Alpine fold mountain belt, Western Alps; Mountains",182,2444,1068,11,21,50,96,75,58,86,78,50,102,75,89,122,108,31,45,39,49,58,52,60,70,64,45,53,49,-4,5,0,2,12,6,12,22,16,4,14,8,301,330468,E,Rendzina,Marginal,G41,G41,G3,"Sub-Mediterranean and meso-supra-Mediterranean downy oak forests, as well as mixe",30,229,45.998434,6.921776,F13-164,0.708048,0.00002,0.709008,0.000015,Grass,0.00096,Limestone,Alpine Foreland,Alpine Foreland [Limestone],Ah,Limestone_Ah,c1,"reef limestones, urgonien facies",,T,Mesozoic,Cretaceous,Lower Cretaceous,135-96 Ma,135,96,sedimentary,carbonatic,continental shelf,plissement isopaque,stratification,alpin,not applicable,not applicable,Couverture anté-Paleogene du Sillon Rhodanien,Indifférencié,basins et Fossés,sediments et volcanics,701,703,urgonien facies du basin subalpin - T
France_T2.487,487,POINT (5.76493500015016 45.08686500031956),487,1,553,554,1,486,45.086865,5.764935,F13-165,t,0.708223,0.000022,0.708319,0.000012,Shrub,0.000096,Impure carbonate sedimentary rock,Jura-Alps,Jura-Alps [Impure carbonate sedimentary rock],9956,9633,9633,1236999936,572000,11,11,4,6,M,m,r,fo,Mmr_fo,1100011000410,1,241,M,Mm,Mmr,Mmr_fo,9633,Mediterranean Mountains,700-900,Calcereous rocks,Forest,Mediterranean-Mountains-Rocks-Forest,77,77,"Alpine fold mountain belt, Western Alps; Mountains",215,1771,668,10,20,63,147,96,70,122,82,79,152,102,96,145,109,30,39,34,48,53,50,57,62,60,43,48,46,-4,3,0,2,11,7,12,19,15,4,12,9,288,330444,E,Rendzina,Marginal,G39,G39,G3,"Sub-Mediterranean and meso-supra-Mediterranean downy oak forests, as well as mixe",30,183,46.050887,6.94255,F13-165,0.708223,0.000022,0.708319,0.000012,Shrub,0.000096,Impure carbonate sedimentary rock,Jura-Alps,Jura-Alps [Impure carbonate sedimentary rock],Ah,Impure carbonate sedimentary rock_Ah,j1,"marls, limestones, shales",,T,Mesozoic,Jurassic,Lower Jurassic,203-175 Ma,203,175,sedimentary,"aluminous, carbonatic","platform, basin",plissement isopaque,stratification,alpin,not applicable,not applicable,Zone Dauphinoise et Ultra-Dauphinoise,Couverture post-Carboniferous,Chaînes alpines,sediments et volcanics,901,901,T
France_T2.488,488,POINT (5.789026999596388 45.05036000041372),488,1,554,555,1,487,45.05036,5.789027,F13-166,bo,0.717061,0.000011,0.717312,0.000016,Grass,0.000251,Schist,Jura-Alps,Jura-Alps [Schist],9956,9633,9633,1236999936,572000,11,11,4,6,M,m,r,fo,Mmr_fo,1100011000410,1,241,M,Mm,Mmr,Mmr_fo,9633,Mediterranean Mountains,700-900,Calcereous rocks,Forest,Mediterranean-Mountains-Rocks-Forest,77,77,"Alpine fold mountain belt, Western Alps; Mountains",215,1771,668,10,20,63,147,96,70,122,82,79,152,102,96,145,109,30,39,34,48,53,50,57,62,60,43,48,46,-4,3,0,2,11,7,12,19,15,4,12,9,288,330444,E,Rendzina,Marginal,G39,G39,G3,"Sub-Mediterranean and meso-supra-Mediterranean downy oak forests, as well as mixe",30,471,46.70379,5.487793,F13-166,0.717061,0.000011,0.717312,0.000016,Grass,0.000251,Schist,Jura-Alps,Jura-Alps [Schist],Ah,Schist_Ah,bo,"greenschists, micaschists, porphyritic rocks",,T,"Proterozoic, Paleozoic","Neoproterozoic, Ordovician","Brioverian, Cambrian, Ordovician",670-435 Ma,670,435,metamorphic,"siliceous, aluminous",indeterminate,plissement anisopaque,schistosité,varisque,mésovarisque,schiste vert,Zone Dauphinoise et Ultra-Dauphinoise,Massifs Cristallins Externes,Massifs varisques,Roches metamorphics,2221,2221,T
France_T2.489,489,POINT (6.025093000441643 45.1156939996784),489,1,555,556,1,488,45.115694,6.025093,F13-169,j1,0.708325,0.000012,0.708507,0.000012,Grass,0.000182,Limestone,Jura-Alps,Jura-Alps [Limestone],9926,9692,9692,1066000000,406000,5,14,12,6,Z,n,r,fo,Znr_fo,500014001206,1,191,Z,Zn,Znr,Znr_fo,9692,Alpine South,1500-2000,Crystalline rocks and migmatites,Forest,Alpine-High mountains-Rocks-Forest,77,77,"Alpine fold mountain belt, Western Alps; Mountains",318,3108,1588,19,39,54,135,81,69,103,81,79,135,96,93,125,102,30,38,34,46,53,49,56,62,59,43,48,45,-7,3,-1,-1,11,5,9,19,14,2,12,7,545,332647,P,Podzol,Marginal,C21,C21,C3,Subalpine and oro-Mediterranean vegetation,15,256,46.164253,5.37987,F13-169,0.708325,0.000012,0.708507,0.000012,Grass,0.000182,Limestone,Jura-Alps,Jura-Alps [Limestone],Ah,Limestone_Ah,j1,"limestones, calcschists, marls",,T,Mesozoic,Jurassic,Lower Jurassic,203-175 Ma,203,175,metamorphic,"aluminous, carbonatic",indeterminate,plissement anisopaque,schistosité,alpin,mésoalpin,schiste vert,Zone Dauphinoise et Ultra-Dauphinoise,Couverture post-Carboniferous,Chaînes alpines,Roches metamorphics,901,901,T
France_T2.490,490,POINT (6.046304000129567 45.15287300008896),490,1,556,557,1,489,45.152873,6.046304,F13-170,16,0.711669,0.000014,0.711769,0.000017,Grass,0.0001,Granite,Jura-Alps,Jura-Alps [Granite],9926,9692,9692,1066000000,406000,5,14,12,6,Z,n,r,fo,Znr_fo,500014001206,1,191,Z,Zn,Znr,Znr_fo,9692,Alpine South,1500-2000,Crystalline rocks and migmatites,Forest,Alpine-High mountains-Rocks-Forest,77,77,"Alpine fold mountain belt, Western Alps; Mountains",318,3108,1588,19,39,54,135,81,69,103,81,79,135,96,93,125,102,30,38,34,46,53,49,56,62,59,43,48,45,-7,3,-1,-1,11,5,9,19,14,2,12,7,545,332647,P,Podzol,Marginal,C21,C21,C3,Subalpine and oro-Mediterranean vegetation,15,72,46.19201,5.40343,F13-170,0.711669,0.000014,0.711769,0.000017,Grass,0.0001,Granite,Jura-Alps,Jura-Alps [Granite],Ah,Granite_Ah,ko,"paragneisses, amphibolites, leptynites",,T,Paleozoic,"Cambrian, Ordovician","Cambrian, Ordovician",540-435 Ma,540,435,metamorphic,"siliceous, aluminous, magnesium",indeterminate,"plissement, cisaillement",foliation,varisque,mésovarisque,amphibolite,Zone Dauphinoise et Ultra-Dauphinoise,Massifs Cristallins Externes,Massifs varisques,Roches metamorphics,1861,1861,T
France_T2.491,491,POINT (6.038330000229394 45.195800000269855),491,1,557,558,1,490,45.1958,6.03833,F13-171,ko,0.711505,0.000013,0.712955,0.000011,Grass,0.00145,Paragneiss,Jura-Alps,Jura-Alps [Paragneiss],9926,9692,9692,1066000000,406000,5,14,12,6,Z,n,r,fo,Znr_fo,500014001206,1,191,Z,Zn,Znr,Znr_fo,9692,Alpine South,1500-2000,Crystalline rocks and migmatites,Forest,Alpine-High mountains-Rocks-Forest,77,77,"Alpine fold mountain belt, Western Alps; Mountains",318,3108,1588,19,39,54,135,81,69,103,81,79,135,96,93,125,102,30,38,34,46,53,49,56,62,59,43,48,45,-7,3,-1,-1,11,5,9,19,14,2,12,7,545,332647,P,Podzol,Marginal,C21,C21,C3,Subalpine and oro-Mediterranean vegetation,15,349,46.185407,5.38855,F13-171,0.711505,0.000013,0.712955,0.000011,Grass,0.00145,Paragneiss,Jura-Alps,Jura-Alps [Paragneiss],Ah,Paragneiss_Ah,ko,"paragneisses, amphibolites, leptynites",,T,Paleozoic,"Cambrian, Ordovician","Cambrian, Ordovician",540-435 Ma,540,435,metamorphic,"siliceous, aluminous, magnesium",indeterminate,"plissement, cisaillement",foliation,varisque,mésovarisque,amphibolite,Zone Dauphinoise et Ultra-Dauphinoise,Massifs Cristallins Externes,Massifs varisques,Roches metamorphics,1861,1861,T
France_T2.492,492,POINT (6.104714000250965 45.03806099981534),492,1,558,559,1,491,45.038061,6.104714,F13-172,d2h,0.716757,0.000024,0.716812,0.000019,Grass,0.000055,Schist,Jura-Alps,Jura-Alps [Schist],9902,9813,9813,733000000,346000,5,14,4,7,Z,n,r,sh,Znr_sh,500014000407,1,192,Z,Zn,Znr,Znr_sh,9813,Alpine South,1500-2000,Calcereous rocks,Shrubs & herbaceous vegetation,Alpine-High mountains-Rocks-Shrubs & herbaceous vegetation,77,77,"Alpine fold mountain belt, Western Alps; Mountains",612,3248,1902,18,38,54,100,60,69,95,78,79,107,83,93,115,98,34,38,36,46,51,47,56,61,57,45,48,46,-7,2,-5,-1,8,1,8,16,11,1,11,4,517,330394,I,Lithosol,Poor,D29,D29,D9,"Montane to altimontane, partly submontane fir and spruce forests in the nemoral z",12,472,46.129034,5.248939,F13-172,0.716757,0.000024,0.716812,0.000019,Grass,0.000055,Schist,Jura-Alps,Jura-Alps [Schist],Ah,Schist_Ah,d2h,"greenschists, spilites, keratophyress, conglomerates",,T,Paleozoic,"Devonian, Carboniferous","Upper Devonian, Dinantian",390-335 Ma,390,335,metamorphic,"siliceous, aluminous, magnesium",indeterminate,plissement anisopaque,schistosité,varisque,mésovarisque,schiste vert,Zone Dauphinoise et Ultra-Dauphinoise,Massifs Cristallins Externes,Massifs varisques,Roches metamorphics,1501,1501,T
France_T2.493,493,POINT (6.272576999928674 45.04248599972914),493,1,559,560,1,492,45.042486,6.272577,F13-173,ko,0.710222,0.000016,0.710398,0.000014,Grass,0.000176,Migmatite,Jura-Alps,Jura-Alps [Migmatite],9902,9813,9813,733000000,346000,5,14,4,7,Z,n,r,sh,Znr_sh,500014000407,1,192,Z,Zn,Znr,Znr_sh,9813,Alpine South,1500-2000,Calcereous rocks,Shrubs & herbaceous vegetation,Alpine-High mountains-Rocks-Shrubs & herbaceous vegetation,77,77,"Alpine fold mountain belt, Western Alps; Mountains",612,3248,1902,18,38,54,100,60,69,95,78,79,107,83,93,115,98,34,38,36,46,51,47,56,61,57,45,48,46,-7,2,-5,-1,8,1,8,16,11,1,11,4,517,330394,I,Lithosol,Poor,D29,D29,D9,"Montane to altimontane, partly submontane fir and spruce forests in the nemoral z",12,306,45.835636,5.328083,F13-173,0.710222,0.000016,0.710398,0.000014,Grass,0.000176,Migmatite,Jura-Alps,Jura-Alps [Migmatite],Ah,Migmatite_Ah,ko,"migmatites, amphibolites, leptynites",,T,Paleozoic,"Cambrian, Ordovician","Cambrian, Ordovician",540-435 Ma,540,435,metamorphic,"siliceous, aluminous, magnesium",indeterminate,"plissement, écoulement",foliation,varisque,mésovarisque,anatexie,Zone Dauphinoise et Ultra-Dauphinoise,Massifs Cristallins Externes,Massifs varisques,Roches metamorphics,1861,1861,T
France_T2.494,494,POINT (6.355451999610125 45.042563999728884),494,1,560,561,1,493,45.042564,6.355452,F13-174,j2,0.709341,0.000013,0.709789,0.000014,Grass,0.000448,Limestone,Jura-Alps,Jura-Alps [Limestone],9902,9813,9813,733000000,346000,5,14,4,7,Z,n,r,sh,Znr_sh,500014000407,1,192,Z,Zn,Znr,Znr_sh,9813,Alpine South,1500-2000,Calcereous rocks,Shrubs & herbaceous vegetation,Alpine-High mountains-Rocks-Shrubs & herbaceous vegetation,77,77,"Alpine fold mountain belt, Western Alps; Mountains",612,3248,1902,18,38,54,100,60,69,95,78,79,107,83,93,115,98,34,38,36,46,51,47,56,61,57,45,48,46,-7,2,-5,-1,8,1,8,16,11,1,11,4,517,330394,I,Lithosol,Poor,D29,D29,D9,"Montane to altimontane, partly submontane fir and spruce forests in the nemoral z",12,257,45.490711,4.997427,F13-174,0.709341,0.000013,0.709789,0.000014,Grass,0.000448,Limestone,Jura-Alps,Jura-Alps [Limestone],Ah,Limestone_Ah,j2,"limestones, calcschists, marls",,T,Mesozoic,Jurassic,Middle Jurassic,175-154 Ma,175,154,sedimentary,"aluminous, carbonatic","platform, basin",plissement isopaque,stratification,alpin,not applicable,not applicable,Zone Dauphinoise et Ultra-Dauphinoise,Couverture post-Carboniferous,Chaînes alpines,sediments et volcanics,801,801,T
France_T2.495,495,POINT (6.447261000294986 44.89111000042624),495,1,561,562,1,494,44.89111,6.447261,F13-175,18,0.714576,0.000015,0.714568,0.000019,Grass,-0.000008,Granite,Jura-Alps,Jura-Alps [Granite],10312,9955,9955,3140000000,1210000,5,15,12,7,Z,n,r,sh,Znr_sh,500015001207,1,192,Z,Zn,Znr,Znr_sh,9955,Alpine South,2000-2500,Crystalline rocks and migmatites,Shrubs & herbaceous vegetation,Alpine-High mountains-Rocks-Shrubs & herbaceous vegetation,77,77,"Alpine fold mountain belt, Western Alps; Mountains",388,3486,1875,17,34,38,91,62,73,135,102,64,100,78,97,163,118,38,45,40,45,51,48,55,62,58,46,52,48,-8,0,-4,-3,10,3,7,19,13,0,10,5,543,332647,P,Podzol,Marginal,C19,C19,C3,Subalpine and oro-Mediterranean vegetation,12,73,45.430253,5.011502,F13-175,0.714576,0.000015,0.714568,0.000019,Grass,-0.000008,Granite,Jura-Alps,Jura-Alps [Granite],Ah,Granite_Ah,18,"monzogranites, metagranites",,T,Paleozoic,Carboniferous,"Namurian, Westphalian, Stephanian",335-295 Ma,335,295,plutonic,subalkaline,continental collision,nulle ou faible,not applicable,not applicable,not applicable,not applicable,Zone Dauphinoise et Ultra-Dauphinoise,Massifs Cristallins Externes,Massifs varisques,Plutons varisques,1341,1347,granitoides calc-alkalines - subalcalins potassiques - T
France_T2.496,496,POINT (6.469105000395473 44.8790720001727),496,1,562,563,1,495,44.879072,6.469105,F13-176,18,0.712392,0.000024,0.712443,0.000014,Grass,0.000051,Sand,Jura-Alps,Jura-Alps [Sand],10312,9955,9955,3140000000,1210000,5,15,12,7,Z,n,r,sh,Znr_sh,500015001207,1,192,Z,Zn,Znr,Znr_sh,9955,Alpine South,2000-2500,Crystalline rocks and migmatites,Shrubs & herbaceous vegetation,Alpine-High mountains-Rocks-Shrubs & herbaceous vegetation,77,77,"Alpine fold mountain belt, Western Alps; Mountains",388,3486,1875,17,34,38,91,62,73,135,102,64,100,78,97,163,118,38,45,40,45,51,48,55,62,58,46,52,48,-8,0,-4,-3,10,3,7,19,13,0,10,5,543,332647,P,Podzol,Marginal,C19,C19,C3,Subalpine and oro-Mediterranean vegetation,12,406,45.324148,5.054231,F13-176,0.712392,0.000024,0.712443,0.000014,Grass,0.000051,Sand,Jura-Alps,Jura-Alps [Sand],Ah,Sand_Ah,18,"monzogranites, metagranites",,T,Paleozoic,Carboniferous,"Namurian, Westphalian, Stephanian",335-295 Ma,335,295,plutonic,subalkaline,continental collision,nulle ou faible,not applicable,not applicable,not applicable,not applicable,Zone Dauphinoise et Ultra-Dauphinoise,Massifs Cristallins Externes,Massifs varisques,Plutons varisques,1341,1347,granitoides calc-alkalines - subalcalins potassiques - T
France_T2.497,497,POINT (6.65623700013748 44.90489400025797),497,1,563,564,1,496,44.904894,6.656237,F13-177,tj,0.708759,0.000018,0.709226,0.000015,Grass,0.000467,Dolomite,Jura-Alps,Jura-Alps [Dolomite],10312,9955,9955,3140000000,1210000,5,15,12,7,Z,n,r,sh,Znr_sh,500015001207,1,192,Z,Zn,Znr,Znr_sh,9955,Alpine South,2000-2500,Crystalline rocks and migmatites,Shrubs & herbaceous vegetation,Alpine-High mountains-Rocks-Shrubs & herbaceous vegetation,77,77,"Alpine fold mountain belt, Western Alps; Mountains",388,3486,1875,17,34,38,91,62,73,135,102,64,100,78,97,163,118,38,45,40,45,51,48,55,62,58,46,52,48,-8,0,-4,-3,10,3,7,19,13,0,10,5,543,332647,P,Podzol,Marginal,C19,C19,C3,Subalpine and oro-Mediterranean vegetation,12,45,45.258795,5.028849,F13-177,0.708759,0.000018,0.709226,0.000015,Grass,0.000467,Dolomite,Jura-Alps,Jura-Alps [Dolomite],Ah,Dolomite_Ah,tj,"dolomites, evaporites, cargneules, limestones",,T,Mesozoic,"Triassic, Jurassic","Triassic, Jurassic",250-135 Ma,250,135,metamorphic,"carbonatic, saliferous",indeterminate,plissement anisopaque,schistosité,alpin,mésoalpin,schiste vert,Zone Pennique,Couverture post-Carboniferous des socles penniques,Chaînes alpines,Roches metamorphics,1081,1081,T
France_T2.498,498,POINT (6.584856999950659 44.93932399980281),498,1,564,565,1,497,44.939324,6.584857,F13-178,h2-3,0.713427,0.000023,0.713643,0.000014,Grass,0.000216,Sandstone,Jura-Alps,Jura-Alps [Sandstone],10312,9955,9955,3140000000,1210000,5,15,12,7,Z,n,r,sh,Znr_sh,500015001207,1,192,Z,Zn,Znr,Znr_sh,9955,Alpine South,2000-2500,Crystalline rocks and migmatites,Shrubs & herbaceous vegetation,Alpine-High mountains-Rocks-Shrubs & herbaceous vegetation,77,77,"Alpine fold mountain belt, Western Alps; Mountains",388,3486,1875,17,34,38,91,62,73,135,102,64,100,78,97,163,118,38,45,40,45,51,48,55,62,58,46,52,48,-8,0,-4,-3,10,3,7,19,13,0,10,5,543,332647,P,Podzol,Marginal,C19,C19,C3,Subalpine and oro-Mediterranean vegetation,12,438,44.896208,5.11828,F13-178,0.713427,0.000023,0.713643,0.000014,Grass,0.000216,Sandstone,Jura-Alps,Jura-Alps [Sandstone],Ah,Sandstone_Ah,h2-3,"shales, sandstones, coals, conglomerates",,T,Paleozoic,Carboniferous,"Namurian, Westphalian, Stephanian",335-295 Ma,335,295,metamorphic,"siliceous, aluminous, carbonaceous",indeterminate,plissement anisopaque,schistosité,alpin,mésoalpin,schiste vert,Zone Pennique,Socles briançonnais ou simplo-tessinois,Chaînes alpines,Roches metamorphics,1261,1261,T
France_T2.499,499,POINT (6.5051539999572014 44.973720999624504),499,1,565,566,1,498,44.973721,6.505154,F13-179,c2e,0.709538,0.00002,0.709607,0.000019,Grass,0.000069,Impure carbonate sedimentary rock,Jura-Alps,Jura-Alps [Impure carbonate sedimentary rock],10312,9955,9955,3140000000,1210000,5,15,12,7,Z,n,r,sh,Znr_sh,500015001207,1,192,Z,Zn,Znr,Znr_sh,9955,Alpine South,2000-2500,Crystalline rocks and migmatites,Shrubs & herbaceous vegetation,Alpine-High mountains-Rocks-Shrubs & herbaceous vegetation,77,77,"Alpine fold mountain belt, Western Alps; Mountains",388,3486,1875,17,34,38,91,62,73,135,102,64,100,78,97,163,118,38,45,40,45,51,48,55,62,58,46,52,48,-8,0,-4,-3,10,3,7,19,13,0,10,5,543,332647,P,Podzol,Marginal,C19,C19,C3,Subalpine and oro-Mediterranean vegetation,12,184,44.887993,5.136132,F13-179,0.709538,0.00002,0.709607,0.000019,Grass,0.000069,Impure carbonate sedimentary rock,Jura-Alps,Jura-Alps [Impure carbonate sedimentary rock],Ah,Impure carbonate sedimentary rock_Ah,c2e,"marls, calcschists, conglomerates, sandstones",,T,"Cenozoic, Mesozoic","Cretaceous, Paleogene","Upper Cretaceous, Paleocene",96-46 Ma,96,46,sedimentary,"siliceous, aluminous, carbonatic","platform, basin",plissement isopaque,stratification,alpin,not applicable,not applicable,Zone Pennique,Couverture post-Carboniferous des socles penniques,Chaînes alpines,sediments et volcanics,661,661,T
France_T2.500,500,POINT (6.690472999729195 44.92907300011893),500,1,566,567,1,499,44.929073,6.690473,F13-180,tj,0.708504,0.000018,0.708776,0.000017,Grass,0.000272,Dolomite,Jura-Alps,Jura-Alps [Dolomite],10312,9955,9955,3140000000,1210000,5,15,12,7,Z,n,r,sh,Znr_sh,500015001207,1,192,Z,Zn,Znr,Znr_sh,9955,Alpine South,2000-2500,Crystalline rocks and migmatites,Shrubs & herbaceous vegetation,Alpine-High mountains-Rocks-Shrubs & herbaceous vegetation,77,77,"Alpine fold mountain belt, Western Alps; Mountains",388,3486,1875,17,34,38,91,62,73,135,102,64,100,78,97,163,118,38,45,40,45,51,48,55,62,58,46,52,48,-8,0,-4,-3,10,3,7,19,13,0,10,5,543,332647,P,Podzol,Marginal,C19,C19,C3,Subalpine and oro-Mediterranean vegetation,12,46,45.086865,5.764935,F13-180,0.708504,0.000018,0.708776,0.000017,Grass,0.000272,Dolomite,Jura-Alps,Jura-Alps [Dolomite],Ah,Dolomite_Ah,tj,"dolomites, evaporites, cargneules, limestones",,T,Mesozoic,"Triassic, Jurassic","Triassic, Jurassic",250-135 Ma,250,135,metamorphic,"carbonatic, saliferous",indeterminate,plissement anisopaque,schistosité,alpin,mésoalpin,schiste vert,Zone Pennique,Couverture post-Carboniferous des socles penniques,Chaînes alpines,Roches metamorphics,1081,1081,T
France_T2.501,501,POINT (6.777952000384573 44.95189999968528),501,1,567,568,1,500,44.9519,6.777952,F13-181,GEO1MDB_97,0.708471,0.000016,0.708574,0.00002,Grass,0.000103,Schist,Jura-Alps,Jura-Alps [Schist],10312,9955,9955,3140000000,1210000,5,15,12,7,Z,n,r,sh,Znr_sh,500015001207,1,192,Z,Zn,Znr,Znr_sh,9955,Alpine South,2000-2500,Crystalline rocks and migmatites,Shrubs & herbaceous vegetation,Alpine-High mountains-Rocks-Shrubs & herbaceous vegetation,77,77,"Alpine fold mountain belt, Western Alps; Mountains",388,3486,1875,17,34,38,91,62,73,135,102,64,100,78,97,163,118,38,45,40,45,51,48,55,62,58,46,52,48,-8,0,-4,-3,10,3,7,19,13,0,10,5,543,332647,P,Podzol,Marginal,C19,C19,C3,Subalpine and oro-Mediterranean vegetation,12,473,45.05036,5.789027,F13-181,0.708471,0.000016,0.708574,0.00002,Grass,0.000103,Schist,Jura-Alps,Jura-Alps [Schist],Ah,Schist_Ah,j2c,"calcschists, limestones, prasinites, blueschists",,T,Mesozoic,"Jurassic, Cretaceous","Middle Jurassic, Cretaceous",175-65 Ma,175,65,metamorphic,"aluminous, carbonatic, magnesium","pelagic, platform",plissement anisopaque,schistosité,alpin,mésoalpin,schiste bleu,Zone Pennique,shales Lustrés,Chaînes alpines,Roches metamorphics,841,841,T
France_T2.502,502,POINT (6.584952999881068 44.7350360003112),502,1,568,569,1,501,44.735036,6.584953,F13-182,t3,0.708308,0.000016,0.708181,0.000012,Grass,-0.000127,Dolomite,Jura-Alps,Jura-Alps [Dolomite],10312,9955,9955,3140000000,1210000,5,15,12,7,Z,n,r,sh,Znr_sh,500015001207,1,192,Z,Zn,Znr,Znr_sh,9955,Alpine South,2000-2500,Crystalline rocks and migmatites,Shrubs & herbaceous vegetation,Alpine-High mountains-Rocks-Shrubs & herbaceous vegetation,77,77,"Alpine fold mountain belt, Western Alps; Mountains",388,3486,1875,17,34,38,91,62,73,135,102,64,100,78,97,163,118,38,45,40,45,51,48,55,62,58,46,52,48,-8,0,-4,-3,10,3,7,19,13,0,10,5,543,332647,P,Podzol,Marginal,C19,C19,C3,Subalpine and oro-Mediterranean vegetation,12,47,45.054297,5.842041,F13-182,0.708308,0.000016,0.708181,0.000012,Grass,-0.000127,Dolomite,Jura-Alps,Jura-Alps [Dolomite],Ah,Dolomite_Ah,t3,"dolomites, evaporites, cargneules",,T,Mesozoic,Triassic,Upper Triassic,230-203 Ma,230,203,metamorphic,"carbonatic, saliferous",indeterminate,plissement anisopaque,schistosité,alpin,mésoalpin,schiste vert,Zone Pennique,Couverture post-Carboniferous des socles penniques,Chaînes alpines,Roches metamorphics,961,961,T
France_T2.503,503,POINT (6.6829990004035835 44.583790999854784),503,1,569,570,1,502,44.583791,6.682999,F13-183,e2g,0.71101,0.000021,0.710461,0.000014,Grass,-0.000549,Schist,Jura-Alps,Jura-Alps [Schist],10599,10168,10168,5880999936,2242000,11,13,4,6,M,m,r,fo,Mmr_fo,1100013000410,1,241,M,Mm,Mmr,Mmr_fo,10168,Mediterranean Mountains,1100-1500,Calcereous rocks,Forest,Mediterranean-Mountains-Rocks-Forest,77,77,"Alpine fold mountain belt, Western Alps; Mountains",280,3112,1591,15,29,56,99,79,68,132,105,24,86,69,111,168,139,40,50,44,47,57,50,57,72,62,48,56,51,-6,8,-2,0,13,5,10,23,14,2,17,7,493,391010,E,Rendzina,Marginal,F141,F141,F5b,"Montane to altimontane types, partly with fir and spruce",30,474,45.071619,5.875729,F13-183,0.71101,0.000021,0.710461,0.000014,Grass,-0.000549,Schist,Jura-Alps,Jura-Alps [Schist],Ah,Schist_Ah,e2g,"sandstones, conglomerates, shales",,T,Cenozoic,Paleogene,"Upper Eocene, Oligocene","46,0-23,5 Ma",46,23.5,sedimentary,"siliceous, aluminous",flysch basin,plissement isopaque,stratification,alpin,not applicable,not applicable,Zone Pennique,Couverture post-Carboniferous des socles penniques,Chaînes alpines,sediments et volcanics,421,422,flyschs varisques et alpins - T
France_T2.504,504,POINT (6.702602999728697 44.541593000016974),504,1,570,571,1,503,44.541593,6.702603,F13-184,c2,0.712416,0.000015,0.713031,0.000021,Grass,0.000615,Schist,Jura-Alps,Jura-Alps [Schist],10599,10168,10168,5880999936,2242000,11,13,4,6,M,m,r,fo,Mmr_fo,1100013000410,1,241,M,Mm,Mmr,Mmr_fo,10168,Mediterranean Mountains,1100-1500,Calcereous rocks,Forest,Mediterranean-Mountains-Rocks-Forest,77,77,"Alpine fold mountain belt, Western Alps; Mountains",280,3112,1591,15,29,56,99,79,68,132,105,24,86,69,111,168,139,40,50,44,47,57,50,57,72,62,48,56,51,-6,8,-2,0,13,5,10,23,14,2,17,7,493,391010,E,Rendzina,Marginal,F141,F141,F5b,"Montane to altimontane types, partly with fir and spruce",30,475,45.115694,6.025093,F13-184,0.712416,0.000015,0.713031,0.000021,Grass,0.000615,Schist,Jura-Alps,Jura-Alps [Schist],Ah,Schist_Ah,c2,"calcschists, sandstones, conglomerates",,T,Mesozoic,Cretaceous,Upper Cretaceous,96-65 Ma,96,65,sedimentary,"siliceous, aluminous, carbonatic",flysch basin,plissement isopaque,stratification,alpin,not applicable,not applicable,Zone Pennique,Couverture post-Carboniferous des socles penniques,Chaînes alpines,sediments et volcanics,621,624,flyschs varisques et alpins - T
France_T2.505,505,POINT (7.103468000148155 44.31286500031956),505,1,571,572,1,504,44.312865,7.103468,F13-185,GEO1MDB_101,0.708707,0.000017,0.709412,0.000012,Grass,0.000705,Paragneiss,Jura-Alps,Jura-Alps [Paragneiss],10599,10168,10168,5880999936,2242000,11,13,4,6,M,m,r,fo,Mmr_fo,1100013000410,1,241,M,Mm,Mmr,Mmr_fo,10168,Mediterranean Mountains,1100-1500,Calcereous rocks,Forest,Mediterranean-Mountains-Rocks-Forest,77,77,"Alpine fold mountain belt, Western Alps; Mountains",280,3112,1591,15,29,56,99,79,68,132,105,24,86,69,111,168,139,40,50,44,47,57,50,57,72,62,48,56,51,-6,8,-2,0,13,5,10,23,14,2,17,7,493,391010,E,Rendzina,Marginal,F141,F141,F5b,"Montane to altimontane types, partly with fir and spruce",30,350,45.152873,6.046304,F13-185,0.708707,0.000017,0.709412,0.000012,Grass,0.000705,Paragneiss,Jura-Alps,Jura-Alps [Paragneiss],Ah,Paragneiss_Ah,7,anatectic orthogneisses,,T,Paleozoic,"Cambrian, Ordovician","Cambrian, Lower-Middle Ordovician",520-455 Ma,520,455,metamorphic,"siliceous, aluminous",indeterminate,"cisaillement, écoulement",foliation,varisque,mésovarisque,anatexie,Zone Dauphinoise et Ultra-Dauphinoise,Massifs Cristallins Externes,Massifs varisques,Roches orthogneissesiques,1981,1981,T
France_T2.506,506,POINT (6.743007999619522 44.45246099957552),506,1,572,573,1,505,44.452461,6.743008,F13-186,c2,0.708102,0.000017,0.708063,0.000011,Grass,-0.000039,Schist,Jura-Alps,Jura-Alps [Schist],10599,10168,10168,5880999936,2242000,11,13,4,6,M,m,r,fo,Mmr_fo,1100013000410,1,241,M,Mm,Mmr,Mmr_fo,10168,Mediterranean Mountains,1100-1500,Calcereous rocks,Forest,Mediterranean-Mountains-Rocks-Forest,77,77,"Alpine fold mountain belt, Western Alps; Mountains",280,3112,1591,15,29,56,99,79,68,132,105,24,86,69,111,168,139,40,50,44,47,57,50,57,72,62,48,56,51,-6,8,-2,0,13,5,10,23,14,2,17,7,493,391010,E,Rendzina,Marginal,F141,F141,F5b,"Montane to altimontane types, partly with fir and spruce",30,476,45.1958,6.03833,F13-186,0.708102,0.000017,0.708063,0.000011,Grass,-0.000039,Schist,Jura-Alps,Jura-Alps [Schist],Ah,Schist_Ah,c2,"calcschists, sandstones, conglomerates",,T,Mesozoic,Cretaceous,Upper Cretaceous,96-65 Ma,96,65,sedimentary,"siliceous, aluminous, carbonatic",flysch basin,plissement isopaque,stratification,alpin,not applicable,not applicable,Zone Pennique,Couverture post-Carboniferous des socles penniques,Chaînes alpines,sediments et volcanics,621,624,flyschs varisques et alpins - T
France_T2.507,507,POINT (6.333633999809308 44.44862799998225),507,1,573,574,1,506,44.448628,6.333634,F13-187,j3,0.708181,0.000016,0.708412,0.000013,Grass,0.000231,Impure carbonate sedimentary rock,Jura-Alps,Jura-Alps [Impure carbonate sedimentary rock],10615,10273,10273,3856000000,1574000,11,12,4,6,M,m,r,fo,Mmr_fo,1100012000410,1,241,M,Mm,Mmr,Mmr_fo,10273,Mediterranean Mountains,900-1100,Calcereous rocks,Forest,Mediterranean-Mountains-Rocks-Forest,77,77,"Alpine fold mountain belt, Western Alps; Mountains",75,1853,878,10,19,64,99,77,68,120,90,24,79,54,96,163,130,41,50,46,50,58,54,61,72,67,50,56,53,-3,8,1,3,13,7,13,23,17,5,17,10,250,330468,E,Rendzina,Marginal,G41,G41,G3,"Sub-Mediterranean and meso-supra-Mediterranean downy oak forests, as well as mixe",30,185,45.038061,6.104714,F13-187,0.708181,0.000016,0.708412,0.000013,Grass,0.000231,Impure carbonate sedimentary rock,Jura-Alps,Jura-Alps [Impure carbonate sedimentary rock],Ah,Impure carbonate sedimentary rock_Ah,j3,"marls, black shales, limestones",,T,Mesozoic,Jurassic,Upper Jurassic,154-135 Ma,154,135,sedimentary,"aluminous, carbonaceous, carbonatic","platform, basin",plissement isopaque,stratification,alpin,not applicable,not applicable,Zone Dauphinoise et Ultra-Dauphinoise,Couverture post-Carboniferous,Chaînes alpines,sediments et volcanics,761,761,T
France_T2.508,508,POINT (6.312588999682646 44.45488499984293),508,1,574,575,1,507,44.454885,6.312589,F13-188,j2,0.708148,0.000015,0.708531,0.000015,Grass,0.000383,Limestone,Jura-Alps,Jura-Alps [Limestone],10615,10273,10273,3856000000,1574000,11,12,4,6,M,m,r,fo,Mmr_fo,1100012000410,1,241,M,Mm,Mmr,Mmr_fo,10273,Mediterranean Mountains,900-1100,Calcereous rocks,Forest,Mediterranean-Mountains-Rocks-Forest,77,77,"Alpine fold mountain belt, Western Alps; Mountains",75,1853,878,10,19,64,99,77,68,120,90,24,79,54,96,163,130,41,50,46,50,58,54,61,72,67,50,56,53,-3,8,1,3,13,7,13,23,17,5,17,10,250,330468,E,Rendzina,Marginal,G41,G41,G3,"Sub-Mediterranean and meso-supra-Mediterranean downy oak forests, as well as mixe",30,258,45.042486,6.272577,F13-188,0.708148,0.000015,0.708531,0.000015,Grass,0.000383,Limestone,Jura-Alps,Jura-Alps [Limestone],Ah,Limestone_Ah,j2,"limestones, calcschists, marls",,T,Mesozoic,Jurassic,Middle Jurassic,175-154 Ma,175,154,sedimentary,"aluminous, carbonatic","platform, basin",plissement isopaque,stratification,alpin,not applicable,not applicable,Zone Dauphinoise et Ultra-Dauphinoise,Couverture post-Carboniferous,Chaînes alpines,sediments et volcanics,801,801,T
France_T2.509,509,POINT (6.26919400040282 44.46316000013394),509,1,575,576,1,508,44.46316,6.269194,F13-189,j1,0.708055,0.000023,0.708292,0.000015,Grass,0.000237,Impure carbonate sedimentary rock,Jura-Alps,Jura-Alps [Impure carbonate sedimentary rock],10615,10273,10273,3856000000,1574000,11,12,4,6,M,m,r,fo,Mmr_fo,1100012000410,1,241,M,Mm,Mmr,Mmr_fo,10273,Mediterranean Mountains,900-1100,Calcereous rocks,Forest,Mediterranean-Mountains-Rocks-Forest,77,77,"Alpine fold mountain belt, Western Alps; Mountains",75,1853,878,10,19,64,99,77,68,120,90,24,79,54,96,163,130,41,50,46,50,58,54,61,72,67,50,56,53,-3,8,1,3,13,7,13,23,17,5,17,10,250,330468,E,Rendzina,Marginal,G41,G41,G3,"Sub-Mediterranean and meso-supra-Mediterranean downy oak forests, as well as mixe",30,186,45.042564,6.355452,F13-189,0.708055,0.000023,0.708292,0.000015,Grass,0.000237,Impure carbonate sedimentary rock,Jura-Alps,Jura-Alps [Impure carbonate sedimentary rock],Ah,Impure carbonate sedimentary rock_Ah,j1,"marls, limestones, shales",,T,Mesozoic,Jurassic,Lower Jurassic,203-175 Ma,203,175,sedimentary,"aluminous, carbonatic","platform, basin",plissement isopaque,stratification,alpin,not applicable,not applicable,Zone Dauphinoise et Ultra-Dauphinoise,Couverture post-Carboniferous,Chaînes alpines,sediments et volcanics,901,901,T
France_T2.510,510,POINT (6.611117000449269 44.33444900012131),510,1,576,577,1,509,44.334449,6.611117,F13-190,e2g,0.708345,0.000015,0.708486,0.000018,Grass,0.000141,Limestone,Jura-Alps,Jura-Alps [Limestone],10599,10168,10168,5880999936,2242000,11,13,4,6,M,m,r,fo,Mmr_fo,1100013000410,1,241,M,Mm,Mmr,Mmr_fo,10168,Mediterranean Mountains,1100-1500,Calcereous rocks,Forest,Mediterranean-Mountains-Rocks-Forest,77,77,"Alpine fold mountain belt, Western Alps; Mountains",280,3112,1591,15,29,56,99,79,68,132,105,24,86,69,111,168,139,40,50,44,47,57,50,57,72,62,48,56,51,-6,8,-2,0,13,5,10,23,14,2,17,7,493,391010,E,Rendzina,Marginal,F141,F141,F5b,"Montane to altimontane types, partly with fir and spruce",30,259,44.89111,6.447261,F13-190,0.708345,0.000015,0.708486,0.000018,Grass,0.000141,Limestone,Jura-Alps,Jura-Alps [Limestone],Ah,Limestone_Ah,e2g,"sandstones, conglomerates, shales",,T,Cenozoic,Paleogene,"Upper Eocene, Oligocene","46,0-23,5 Ma",46,23.5,sedimentary,"siliceous, aluminous",flysch basin,plissement isopaque,stratification,alpin,not applicable,not applicable,Zone Pennique,Couverture post-Carboniferous des socles penniques,Chaînes alpines,sediments et volcanics,421,422,flyschs varisques et alpins - T
France_T2.511,511,POINT (6.5701269996613405 44.29222800012218),511,1,577,578,1,510,44.292228,6.570127,F13-191,c2,0.708177,0.000018,0.707986,0.000019,Grass,-0.000191,Schist,Jura-Alps,Jura-Alps [Schist],10599,10168,10168,5880999936,2242000,11,13,4,6,M,m,r,fo,Mmr_fo,1100013000410,1,241,M,Mm,Mmr,Mmr_fo,10168,Mediterranean Mountains,1100-1500,Calcereous rocks,Forest,Mediterranean-Mountains-Rocks-Forest,77,77,"Alpine fold mountain belt, Western Alps; Mountains",280,3112,1591,15,29,56,99,79,68,132,105,24,86,69,111,168,139,40,50,44,47,57,50,57,72,62,48,56,51,-6,8,-2,0,13,5,10,23,14,2,17,7,493,391010,E,Rendzina,Marginal,F141,F141,F5b,"Montane to altimontane types, partly with fir and spruce",30,477,44.879072,6.469105,F13-191,0.708177,0.000018,0.707986,0.000019,Grass,-0.000191,Schist,Jura-Alps,Jura-Alps [Schist],Ah,Schist_Ah,c2,"calcschists, sandstones, conglomerates",,T,Mesozoic,Cretaceous,Upper Cretaceous,96-65 Ma,96,65,sedimentary,"siliceous, aluminous, carbonatic",flysch basin,plissement isopaque,stratification,alpin,not applicable,not applicable,Zone Pennique,Couverture post-Carboniferous des socles penniques,Chaînes alpines,sediments et volcanics,621,624,flyschs varisques et alpins - T
France_T2.512,512,POINT (6.636852000119745 44.21310299980365),512,1,578,579,1,511,44.213103,6.636852,F13-192,c1,0.70798,0.000015,0.708181,0.00002,Grass,0.000201,Impure carbonate sedimentary rock,Jura-Alps,Jura-Alps [Impure carbonate sedimentary rock],10599,10168,10168,5880999936,2242000,11,13,4,6,M,m,r,fo,Mmr_fo,1100013000410,1,241,M,Mm,Mmr,Mmr_fo,10168,Mediterranean Mountains,1100-1500,Calcereous rocks,Forest,Mediterranean-Mountains-Rocks-Forest,77,77,"Alpine fold mountain belt, Western Alps; Mountains",280,3112,1591,15,29,56,99,79,68,132,105,24,86,69,111,168,139,40,50,44,47,57,50,57,72,62,48,56,51,-6,8,-2,0,13,5,10,23,14,2,17,7,493,391010,E,Rendzina,Marginal,F141,F141,F5b,"Montane to altimontane types, partly with fir and spruce",30,187,44.904894,6.656237,F13-192,0.70798,0.000015,0.708181,0.00002,Grass,0.000201,Impure carbonate sedimentary rock,Jura-Alps,Jura-Alps [Impure carbonate sedimentary rock],Ah,Impure carbonate sedimentary rock_Ah,c1,"marls, sandstones, shales, limestones",,T,Mesozoic,Cretaceous,Lower Cretaceous,135-96 Ma,135,96,sedimentary,"siliceous, aluminous, carbonatic","platform, basin",plissement isopaque,stratification,alpin,not applicable,not applicable,Zone Dauphinoise et Ultra-Dauphinoise,Couverture post-Carboniferous,Chaînes alpines,sediments et volcanics,701,701,T
France_T2.513,513,POINT (6.576051000353459 44.061125999765125),513,1,579,580,1,512,44.061126,6.576051,F13-193,c2,0.707539,0.00001,0.707741,0.00001,Grass,0.000202,Limestone,Jura-Alps,Jura-Alps [Limestone],10599,10168,10168,5880999936,2242000,11,13,4,6,M,m,r,fo,Mmr_fo,1100013000410,1,241,M,Mm,Mmr,Mmr_fo,10168,Mediterranean Mountains,1100-1500,Calcereous rocks,Forest,Mediterranean-Mountains-Rocks-Forest,77,77,"Alpine fold mountain belt, Western Alps; Mountains",280,3112,1591,15,29,56,99,79,68,132,105,24,86,69,111,168,139,40,50,44,47,57,50,57,72,62,48,56,51,-6,8,-2,0,13,5,10,23,14,2,17,7,493,391010,E,Rendzina,Marginal,F141,F141,F5b,"Montane to altimontane types, partly with fir and spruce",30,260,44.939324,6.584857,F13-193,0.707539,0.00001,0.707741,0.00001,Grass,0.000202,Limestone,Jura-Alps,Jura-Alps [Limestone],Ah,Limestone_Ah,c2,"marls, sandstones, conglomerates, limestones",,T,Mesozoic,Cretaceous,Upper Cretaceous,96-65 Ma,96,65,sedimentary,"siliceous, aluminous, carbonatic","platform, basin",plissement isopaque,stratification,alpin,not applicable,not applicable,Zone Dauphinoise et Ultra-Dauphinoise,Couverture post-Carboniferous,Chaînes alpines,sediments et volcanics,621,621,T
France_T2.514,514,POINT (6.5097830002852675 43.95334199983347),514,1,580,581,1,513,43.953342,6.509783,F13-194,c1,0.707836,0.000018,0.708034,0.000018,Grass,0.000198,Limestone,Jura-Alps,Jura-Alps [Limestone],10615,10273,10273,3856000000,1574000,11,12,4,6,M,m,r,fo,Mmr_fo,1100012000410,1,241,M,Mm,Mmr,Mmr_fo,10273,Mediterranean Mountains,900-1100,Calcereous rocks,Forest,Mediterranean-Mountains-Rocks-Forest,77,77,"Alpine fold mountain belt, Western Alps; Mountains",75,1853,878,10,19,64,99,77,68,120,90,24,79,54,96,163,130,41,50,46,50,58,54,61,72,67,50,56,53,-3,8,1,3,13,7,13,23,17,5,17,10,250,330468,E,Rendzina,Marginal,G41,G41,G3,"Sub-Mediterranean and meso-supra-Mediterranean downy oak forests, as well as mixe",30,261,44.973721,6.505154,F13-194,0.707836,0.000018,0.708034,0.000018,Grass,0.000198,Limestone,Jura-Alps,Jura-Alps [Limestone],Ah,Limestone_Ah,c1,"marls, sandstones, shales, limestones",,T,Mesozoic,Cretaceous,Lower Cretaceous,135-96 Ma,135,96,sedimentary,"siliceous, aluminous, carbonatic","platform, basin",plissement isopaque,stratification,alpin,not applicable,not applicable,Zone Dauphinoise et Ultra-Dauphinoise,Couverture post-Carboniferous,Chaînes alpines,sediments et volcanics,701,701,T
France_T2.515,515,POINT (6.772890999919753 43.99454200041305),515,1,581,582,1,514,43.994542,6.772891,F13-195,c1,0.707765,0.00001,0.707877,0.000013,Grass,0.000112,Impure carbonate sedimentary rock,Jura-Alps,Jura-Alps [Impure carbonate sedimentary rock],10615,10273,10273,3856000000,1574000,11,12,4,6,M,m,r,fo,Mmr_fo,1100012000410,1,241,M,Mm,Mmr,Mmr_fo,10273,Mediterranean Mountains,900-1100,Calcereous rocks,Forest,Mediterranean-Mountains-Rocks-Forest,77,77,"Alpine fold mountain belt, Western Alps; Mountains",75,1853,878,10,19,64,99,77,68,120,90,24,79,54,96,163,130,41,50,46,50,58,54,61,72,67,50,56,53,-3,8,1,3,13,7,13,23,17,5,17,10,250,330468,E,Rendzina,Marginal,G41,G41,G3,"Sub-Mediterranean and meso-supra-Mediterranean downy oak forests, as well as mixe",30,188,44.929073,6.690473,F13-195,0.707765,0.00001,0.707877,0.000013,Grass,0.000112,Impure carbonate sedimentary rock,Jura-Alps,Jura-Alps [Impure carbonate sedimentary rock],Ah,Impure carbonate sedimentary rock_Ah,c1,"marls, sandstones, shales, limestones",,T,Mesozoic,Cretaceous,Lower Cretaceous,135-96 Ma,135,96,sedimentary,"siliceous, aluminous, carbonatic","platform, basin",plissement isopaque,stratification,alpin,not applicable,not applicable,Zone Dauphinoise et Ultra-Dauphinoise,Couverture post-Carboniferous,Chaînes alpines,sediments et volcanics,701,701,T
France_T2.516,516,POINT (6.8202019999224035 44.029510999632976),516,1,582,583,1,515,44.029511,6.820202,F13-196,t,0.707851,0.000019,0.708142,0.00001,Grass,0.000291,Impure carbonate sedimentary rock,Jura-Alps,Jura-Alps [Impure carbonate sedimentary rock],10615,10273,10273,3856000000,1574000,11,12,4,6,M,m,r,fo,Mmr_fo,1100012000410,1,241,M,Mm,Mmr,Mmr_fo,10273,Mediterranean Mountains,900-1100,Calcereous rocks,Forest,Mediterranean-Mountains-Rocks-Forest,77,77,"Alpine fold mountain belt, Western Alps; Mountains",75,1853,878,10,19,64,99,77,68,120,90,24,79,54,96,163,130,41,50,46,50,58,54,61,72,67,50,56,53,-3,8,1,3,13,7,13,23,17,5,17,10,250,330468,E,Rendzina,Marginal,G41,G41,G3,"Sub-Mediterranean and meso-supra-Mediterranean downy oak forests, as well as mixe",30,189,44.9519,6.777952,F13-196,0.707851,0.000019,0.708142,0.00001,Grass,0.000291,Impure carbonate sedimentary rock,Jura-Alps,Jura-Alps [Impure carbonate sedimentary rock],Ah,Impure carbonate sedimentary rock_Ah,t,"marls, evaporites, cargneules, dolomites",,T,Mesozoic,Triassic,Triassic,250-203 Ma,250,203,sedimentary,"aluminous, carbonatic, saliferous","platform, basin",plissement isopaque,stratification,alpin,not applicable,not applicable,Zone Dauphinoise et Ultra-Dauphinoise,Couverture post-Carboniferous,Chaînes alpines,sediments et volcanics,1061,1061,T
France_T2.517,517,POINT (6.832508999990409 44.039021000219066),517,1,583,584,1,516,44.039021,6.832509,F13-197,t,0.709663,0.000035,0.710105,0.00001,Shrub,0.000442,Impure carbonate sedimentary rock,Jura-Alps,Jura-Alps [Impure carbonate sedimentary rock],10615,10273,10273,3856000000,1574000,11,12,4,6,M,m,r,fo,Mmr_fo,1100012000410,1,241,M,Mm,Mmr,Mmr_fo,10273,Mediterranean Mountains,900-1100,Calcereous rocks,Forest,Mediterranean-Mountains-Rocks-Forest,77,77,"Alpine fold mountain belt, Western Alps; Mountains",75,1853,878,10,19,64,99,77,68,120,90,24,79,54,96,163,130,41,50,46,50,58,54,61,72,67,50,56,53,-3,8,1,3,13,7,13,23,17,5,17,10,250,330468,E,Rendzina,Marginal,G41,G41,G3,"Sub-Mediterranean and meso-supra-Mediterranean downy oak forests, as well as mixe",30,190,44.735036,6.584953,F13-197,0.709663,0.000035,0.710105,0.00001,Shrub,0.000442,Impure carbonate sedimentary rock,Jura-Alps,Jura-Alps [Impure carbonate sedimentary rock],Ah,Impure carbonate sedimentary rock_Ah,t,"marls, evaporites, cargneules, dolomites",,T,Mesozoic,Triassic,Triassic,250-203 Ma,250,203,sedimentary,"aluminous, carbonatic, saliferous","platform, basin",plissement isopaque,stratification,alpin,not applicable,not applicable,Zone Dauphinoise et Ultra-Dauphinoise,Couverture post-Carboniferous,Chaînes alpines,sediments et volcanics,1061,1061,T
France_T2.518,518,POINT (7.16300600012687 43.94516300037225),518,1,584,585,1,517,43.945163,7.163006,F13-198,c1,0.707683,0.000014,0.707809,0.000013,Grass,0.000126,Limestone,Jura-Alps,Jura-Alps [Limestone],10615,10273,10273,3856000000,1574000,11,12,4,6,M,m,r,fo,Mmr_fo,1100012000410,1,241,M,Mm,Mmr,Mmr_fo,10273,Mediterranean Mountains,900-1100,Calcereous rocks,Forest,Mediterranean-Mountains-Rocks-Forest,77,77,"Alpine fold mountain belt, Western Alps; Mountains",75,1853,878,10,19,64,99,77,68,120,90,24,79,54,96,163,130,41,50,46,50,58,54,61,72,67,50,56,53,-3,8,1,3,13,7,13,23,17,5,17,10,250,330468,E,Rendzina,Marginal,G41,G41,G3,"Sub-Mediterranean and meso-supra-Mediterranean downy oak forests, as well as mixe",30,262,44.583791,6.682999,F13-198,0.707683,0.000014,0.707809,0.000013,Grass,0.000126,Limestone,Jura-Alps,Jura-Alps [Limestone],Ah,Limestone_Ah,c1,"marls, sandstones, shales, limestones",,T,Mesozoic,Cretaceous,Lower Cretaceous,135-96 Ma,135,96,sedimentary,"siliceous, aluminous, carbonatic","platform, basin",plissement isopaque,stratification,alpin,not applicable,not applicable,Zone Dauphinoise et Ultra-Dauphinoise,Couverture post-Carboniferous,Chaînes alpines,sediments et volcanics,701,701,T
France_T2.519,519,POINT (7.103363999848739 44.10128800014115),519,1,586,587,1,518,44.101288,7.103364,F13-200,ko,0,0,0.715967,0.000019,Grass,0,Migmatite,Jura-Alps,Jura-Alps [Migmatite],10599,10168,10168,5880999936,2242000,11,13,4,6,M,m,r,fo,Mmr_fo,1100013000410,1,241,M,Mm,Mmr,Mmr_fo,10168,Mediterranean Mountains,1100-1500,Calcereous rocks,Forest,Mediterranean-Mountains-Rocks-Forest,77,77,"Alpine fold mountain belt, Western Alps; Mountains",280,3112,1591,15,29,56,99,79,68,132,105,24,86,69,111,168,139,40,50,44,47,57,50,57,72,62,48,56,51,-6,8,-2,0,13,5,10,23,14,2,17,7,493,391010,E,Rendzina,Marginal,F141,F141,F5b,"Montane to altimontane types, partly with fir and spruce",30,307,44.312865,7.103468,F13-200,0,0,0.715967,0.000019,Grass,0,Migmatite,Jura-Alps,Jura-Alps [Migmatite],Ah,Migmatite_Ah,ko,"migmatites, amphibolites, leptynites",,T,Paleozoic,"Cambrian, Ordovician","Cambrian, Ordovician",540-435 Ma,540,435,metamorphic,"siliceous, aluminous, magnesium",indeterminate,"plissement, écoulement",foliation,varisque,mésovarisque,anatexie,Zone Dauphinoise et Ultra-Dauphinoise,Massifs Cristallins Externes,Massifs varisques,Roches metamorphics,1861,1861,T
France_T2.520,520,POINT (7.2137090000703665 43.7625510004284),520,1,587,588,1,519,43.762551,7.213709,F13-201,p,0.707941,0.000025,0.708252,0.000012,Grass,0.000311,Sand,Alpine Foreland,Alpine Foreland [Sand],10659,10714,10714,172000000,118000,12,7,4,6,M,h,r,fo,Mhr_fo,1200007000410,1,224,M,Mh,Mhr,Mhr_fo,10714,Mediterranean North,100-200,Calcereous rocks,Forest,Mediterranean-Hills-Rocks-Forest,77,77,"Alpine fold mountain belt, Western Alps; Mountains",20,880,206,5,10,69,80,75,67,85,73,27,36,30,122,135,127,49,50,49,55,58,56,69,73,70,55,56,55,5,8,6,10,12,11,20,22,21,13,16,14,117,391006,B,Cambisol,Good,J17,J17,J2a,Meso-Mediterranean types,79,383,44.452461,6.743008,F13-201,0.707941,0.000025,0.708252,0.000012,Grass,0.000311,Sand,Alpine Foreland,Alpine Foreland [Sand],Ah,Sand_Ah,p,"sands, marls, clays",,T,Cenozoic,Neogene,Pliocene,"5,30-1,75 Ma",5.3,1.75,sedimentary,"siliceous, aluminous, carbonatic",coastline,nulle ou faible,stratification,not applicable,not applicable,not applicable,molasse basin,molasse basin rhodano-provençal,basins et Fossés,sediments et volcanics,141,143,dépôts marins (sands de Fontainebleau ou Pliocene du pourtour méditerranéen) - T
France_T2.521,521,POINT (7.197851999969885 43.752617000074565),521,1,588,589,1,520,43.752617,7.197852,F13-202,q3,0.708218,0.000053,0.708344,0.000026,Grass,0.000126,Conglomerate,Jura-Alps,Jura-Alps [Conglomerate],10659,10714,10714,172000000,118000,12,7,4,6,M,h,r,fo,Mhr_fo,1200007000410,1,224,M,Mh,Mhr,Mhr_fo,10714,Mediterranean North,100-200,Calcereous rocks,Forest,Mediterranean-Hills-Rocks-Forest,77,77,"Alpine fold mountain belt, Western Alps; Mountains",20,880,206,5,10,69,80,75,67,85,73,27,36,30,122,135,127,49,50,49,55,58,56,69,73,70,55,56,55,5,8,6,10,12,11,20,22,21,13,16,14,117,391006,B,Cambisol,Good,J17,J17,J2a,Meso-Mediterranean types,79,36,44.448628,6.333634,F13-202,0.708218,0.000053,0.708344,0.000026,Grass,0.000126,Conglomerate,Jura-Alps,Jura-Alps [Conglomerate],Ah,Conglomerate_Ah,q3,"sands, clays, gravels, pebbles",,T,Cenozoic,Quaternary,Holocene,"0,01-0,00 Ma",0.01,0,sedimentary,"siliceous, aluminous",continental,nulle ou faible,stratification,not applicable,not applicable,not applicable,Indifférencié,Indifférencié,Formations superficielles,Formations superficielles,1,1,T
France_T2.522,522,POINT (6.9155750003860135 43.58875699973578),522,1,590,591,1,521,43.588757,6.915575,F13-204,6,0,0,0.71897,0.000018,Grass,0,Orthogneiss,Alpine Foreland,Alpine Foreland [Orthogneiss],10725,10780,10780,489000000,118000,11,8,12,7,M,h,r,sh,Mhr_sh,1100008001210,1,225,M,Mh,Mhr,Mhr_sh,10780,Mediterranean Mountains,200-300,Crystalline rocks and migmatites,Shrubs & herbaceous vegetation,Mediterranean-Hills-Rocks-Shrubs & herbaceous vegetation,77,77,"Alpine fold mountain belt, Western Alps; Mountains",0,484,164,4,7,75,84,75,58,85,64,27,38,31,106,132,109,49,50,49,56,59,58,71,75,74,56,57,56,5,8,7,10,13,12,20,22,21,13,16,15,107,330512,U,Ranker,Marginal,J27,J27,J3,Cork oak forests,54,323,44.46316,6.269194,F13-204,0,0,0.71897,0.000018,Grass,0,Orthogneiss,Alpine Foreland,Alpine Foreland [Orthogneiss],Ah,Orthogneiss_Ah,6,anatectic orthogneisses,,T,"Proterozoic, Paleozoic","Neoproterozoic, Cambrian","Upper Brioverian, Cambrian",580-500 Ma,580,500,metamorphic,"siliceous, aluminous",indeterminate,"cisaillement, écoulement",foliation,varisque,mésovarisque,anatexie,Domaine Provençal,Socle et Couverture anté-Permianne du Massif des Maures,Massifs varisques,Roches orthogneissesiques,2081,2081,T
France_T2.523,523,POINT (6.899248000195087 43.58784399990071),523,1,591,592,1,522,43.587844,6.899248,F13-205,ko,0.716045,0.000023,0.716033,0.000018,Grass,-0.000012,Orthogneiss,Alpine Foreland,Alpine Foreland [Orthogneiss],10725,10780,10780,489000000,118000,11,8,12,7,M,h,r,sh,Mhr_sh,1100008001210,1,225,M,Mh,Mhr,Mhr_sh,10780,Mediterranean Mountains,200-300,Crystalline rocks and migmatites,Shrubs & herbaceous vegetation,Mediterranean-Hills-Rocks-Shrubs & herbaceous vegetation,77,77,"Alpine fold mountain belt, Western Alps; Mountains",0,484,164,4,7,75,84,75,58,85,64,27,38,31,106,132,109,49,50,49,56,59,58,71,75,74,56,57,56,5,8,7,10,13,12,20,22,21,13,16,15,107,330512,U,Ranker,Marginal,J27,J27,J3,Cork oak forests,54,324,44.334449,6.611117,F13-205,0.716045,0.000023,0.716033,0.000018,Grass,-0.000012,Orthogneiss,Alpine Foreland,Alpine Foreland [Orthogneiss],Ah,Orthogneiss_Ah,ko,paragneisses antectiques,,T,Paleozoic,"Cambrian, Ordovician","Cambrian, Ordovician",540-435 Ma,540,435,metamorphic,"siliceous, aluminous",indeterminate,"cisaillement, écoulement",foliation,varisque,mésovarisque,anatexie,Domaine Provençal,Socle et Couverture anté-Permianne du Massif des Maures,Massifs varisques,Roches metamorphics,1861,1861,T
France_T2.524,524,POINT (6.889221000049133 43.58495599981961),524,1,592,593,1,523,43.584956,6.889221,F13-206,7,0.716538,0.000044,0,0,Grass,0,Orthogneiss,Alpine Foreland,Alpine Foreland [Orthogneiss],10725,10780,10780,489000000,118000,11,8,12,7,M,h,r,sh,Mhr_sh,1100008001210,1,225,M,Mh,Mhr,Mhr_sh,10780,Mediterranean Mountains,200-300,Crystalline rocks and migmatites,Shrubs & herbaceous vegetation,Mediterranean-Hills-Rocks-Shrubs & herbaceous vegetation,77,77,"Alpine fold mountain belt, Western Alps; Mountains",0,484,164,4,7,75,84,75,58,85,64,27,38,31,106,132,109,49,50,49,56,59,58,71,75,74,56,57,56,5,8,7,10,13,12,20,22,21,13,16,15,107,330512,U,Ranker,Marginal,J27,J27,J3,Cork oak forests,54,325,44.292228,6.570127,F13-206,0.716538,0.000044,0,0,Grass,0,Orthogneiss,Alpine Foreland,Alpine Foreland [Orthogneiss],Ah,Orthogneiss_Ah,7,"leptynites, amphibolites",,T,Paleozoic,"Cambrian, Ordovician","Cambrian, Lower-Middle Ordovician",520-455 Ma,520,455,metamorphic,"siliceous, aluminous, magnesium",indeterminate,"cisaillement, écoulement",foliation,varisque,mésovarisque,anatexie,Domaine Provençal,Socle et Couverture anté-Permianne du Massif des Maures,Massifs varisques,Roches orthogneissesiques,1981,1981,T
France_T2.525,525,POINT (6.812745999628248 43.51155600000942),525,1,593,594,1,524,43.511556,6.812746,F13-207,r,0.715579,0.000042,0.715814,0.000014,Grass,0.000235,Rhyolitoid,Alpine Foreland,Alpine Foreland [Rhyolitoid],10725,10780,10780,489000000,118000,11,8,12,7,M,h,r,sh,Mhr_sh,1100008001210,1,225,M,Mh,Mhr,Mhr_sh,10780,Mediterranean Mountains,200-300,Crystalline rocks and migmatites,Shrubs & herbaceous vegetation,Mediterranean-Hills-Rocks-Shrubs & herbaceous vegetation,77,77,"Alpine fold mountain belt, Western Alps; Mountains",0,484,164,4,7,75,84,75,58,85,64,27,38,31,106,132,109,49,50,49,56,59,58,71,75,74,56,57,56,5,8,7,10,13,12,20,22,21,13,16,15,107,330512,U,Ranker,Marginal,J27,J27,J3,Cork oak forests,54,365,44.213103,6.636852,F13-207,0.715579,0.000042,0.715814,0.000014,Grass,0.000235,Rhyolitoid,Alpine Foreland,Alpine Foreland [Rhyolitoid],Ah,Rhyolitoid_Ah,r,"rhyodacites, granophyres, ignimbrites",,T,Paleozoic,Permian,Permian,295-250 Ma,295,250,volcanic,"tholeiitic, peralkaline",continental extension,nulle ou faible,stratification,not applicable,not applicable,not applicable,Domaine Provençal,Couverture post-Carboniferous,basins et Fossés,sediments et volcanics,1101,1102,volcanisme acide - tholeiitic à peralcalin - T
France_T2.526,526,POINT (6.776064999699997 43.48746199957168),526,1,594,595,1,525,43.487462,6.776065,F13-208,r,0,0,0.722785,0.000019,Grass,0,Conglomerate,Alpine Foreland,Alpine Foreland [Conglomerate],10725,10780,10780,489000000,118000,11,8,12,7,M,h,r,sh,Mhr_sh,1100008001210,1,225,M,Mh,Mhr,Mhr_sh,10780,Mediterranean Mountains,200-300,Crystalline rocks and migmatites,Shrubs & herbaceous vegetation,Mediterranean-Hills-Rocks-Shrubs & herbaceous vegetation,77,77,"Alpine fold mountain belt, Western Alps; Mountains",0,484,164,4,7,75,84,75,58,85,64,27,38,31,106,132,109,49,50,49,56,59,58,71,75,74,56,57,56,5,8,7,10,13,12,20,22,21,13,16,15,107,330512,U,Ranker,Marginal,J27,J27,J3,Cork oak forests,54,30,44.061126,6.576051,F13-208,0,0,0.722785,0.000019,Grass,0,Conglomerate,Alpine Foreland,Alpine Foreland [Conglomerate],Ah,Conglomerate_Ah,r,"sandstones, conglomerates, tuffites, arkoses",,T,Paleozoic,Permian,Permian,295-250 Ma,295,250,sedimentary,"siliceous, aluminous",continental,"fracturation, basculement",stratification,varisque,not applicable,not applicable,Domaine Provençal,Couverture post-Carboniferous,basins et Fossés,sediments et volcanics,1101,1101,T
France_T2.527,527,POINT (6.60289199976603 43.354666000035934),527,1,595,596,1,526,43.354666,6.602892,F13-211,ko,0,0,0.719965,0.000014,Grass,0,Orthogneiss,Alpine Foreland,Alpine Foreland [Orthogneiss],10846,10818,10818,1054000000,274000,11,7,12,7,M,h,r,sh,Mhr_sh,1100007001210,1,225,M,Mh,Mhr,Mhr_sh,10818,Mediterranean Mountains,100-200,Crystalline rocks and migmatites,Shrubs & herbaceous vegetation,Mediterranean-Hills-Rocks-Shrubs & herbaceous vegetation,77,77,"Alpine fold mountain belt, Western Alps; Mountains",0,680,190,5,9,64,78,74,48,72,63,24,37,30,105,117,112,49,50,49,58,61,59,73,77,74,56,58,57,6,9,7,11,14,12,21,23,21,14,17,15,132,330512,U,Ranker,Marginal,J27,J27,J3,Cork oak forests,54,326,44.029511,6.820202,F13-211,0,0,0.719965,0.000014,Grass,0,Orthogneiss,Alpine Foreland,Alpine Foreland [Orthogneiss],Ah,Orthogneiss_Ah,ko,paragneisses antectiques,,T,Paleozoic,"Cambrian, Ordovician","Cambrian, Ordovician",540-435 Ma,540,435,metamorphic,"siliceous, aluminous",indeterminate,"cisaillement, écoulement",foliation,varisque,mésovarisque,anatexie,Domaine Provençal,Socle et Couverture anté-Permianne du Massif des Maures,Massifs varisques,Roches metamorphics,1861,1861,T
France_T2.528,528,POINT (6.374558000251568 43.1909910001346),528,1,596,597,1,527,43.190991,6.374558,F13-213,6,0.72063,0.000021,0.720855,0.000014,Grass,0.000225,Orthogneiss,Alpine Foreland,Alpine Foreland [Orthogneiss],10846,10818,10818,1054000000,274000,11,7,12,7,M,h,r,sh,Mhr_sh,1100007001210,1,225,M,Mh,Mhr,Mhr_sh,10818,Mediterranean Mountains,100-200,Crystalline rocks and migmatites,Shrubs & herbaceous vegetation,Mediterranean-Hills-Rocks-Shrubs & herbaceous vegetation,77,77,"Alpine fold mountain belt, Western Alps; Mountains",0,680,190,5,9,64,78,74,48,72,63,24,37,30,105,117,112,49,50,49,58,61,59,73,77,74,56,58,57,6,9,7,11,14,12,21,23,21,14,17,15,132,330512,U,Ranker,Marginal,J27,J27,J3,Cork oak forests,54,327,43.945163,7.163006,F13-213,0.72063,0.000021,0.720855,0.000014,Grass,0.000225,Orthogneiss,Alpine Foreland,Alpine Foreland [Orthogneiss],Ah,Orthogneiss_Ah,6,granitic orthogneisses,,T,"Proterozoic, Paleozoic","Neoproterozoic, Cambrian","Upper Brioverian, Cambrian",580-500 Ma,580,500,metamorphic,"siliceous, aluminous",indeterminate,"aplatissement, cisaillement",foliation,varisque,mésovarisque,amphibolite,Domaine Provençal,Socle et Couverture anté-Permianne du Massif des Maures,Massifs varisques,Roches orthogneissesiques,2081,2081,T
France_T2.529,529,POINT (5.80655500031304 43.23011400026098),529,1,597,598,1,528,43.230114,5.806555,F13-215,c2,0.70748,0.000014,0.707578,0.000013,Grass,0.000098,Limestone,Alpine Foreland,Alpine Foreland [Limestone],10819,10560,10560,4751000064,940000,12,9,4,6,M,h,r,fo,Mhr_fo,1200009000410,1,224,M,Mh,Mhr,Mhr_fo,10560,Mediterranean North,300-500,Calcereous rocks,Forest,Mediterranean-Hills-Rocks-Forest,77,77,"Alpine fold mountain belt, Western Alps; Mountains",4,1089,395,4,7,57,84,69,46,88,65,28,57,38,89,132,110,46,50,47,55,61,58,67,77,72,54,58,55,2,9,5,8,13,10,17,23,20,10,17,13,167,391006,B,Cambisol,Good,J14,J14,J2a,Meso-Mediterranean types,79,230,44.101288,7.103364,F13-215,0.70748,0.000014,0.707578,0.000013,Grass,0.000098,Limestone,Alpine Foreland,Alpine Foreland [Limestone],Ah,Limestone_Ah,c2,"marls, sandstones, chalks, limestones",,T,Mesozoic,Cretaceous,Upper Cretaceous,96-65 Ma,96,65,sedimentary,"siliceous, aluminous, carbonatic",continental shelf,plissement isopaque,stratification,alpin,not applicable,not applicable,Domaine Provençal,Couverture post-Carboniferous,basins et Fossés,sediments et volcanics,621,621,T
France_T2.530,530,POINT (5.738084000276444 43.26636800028302),530,1,598,599,1,529,43.266368,5.738084,F13-216,c1,0.708158,0.000053,0.708912,0.000021,Grass,0.000754,Limestone,Alpine Foreland,Alpine Foreland [Limestone],10819,10560,10560,4751000064,940000,12,9,4,6,M,h,r,fo,Mhr_fo,1200009000410,1,224,M,Mh,Mhr,Mhr_fo,10560,Mediterranean North,300-500,Calcereous rocks,Forest,Mediterranean-Hills-Rocks-Forest,77,77,"Alpine fold mountain belt, Western Alps; Mountains",4,1089,395,4,7,57,84,69,46,88,65,28,57,38,89,132,110,46,50,47,55,61,58,67,77,72,54,58,55,2,9,5,8,13,10,17,23,20,10,17,13,167,391006,B,Cambisol,Good,J14,J14,J2a,Meso-Mediterranean types,79,231,43.762551,7.213709,F13-216,0.708158,0.000053,0.708912,0.000021,Grass,0.000754,Limestone,Alpine Foreland,Alpine Foreland [Limestone],Ah,Limestone_Ah,c1,"reef limestones, urgonien facies",,T,Mesozoic,Cretaceous,Lower Cretaceous,135-96 Ma,135,96,sedimentary,carbonatic,continental shelf,plissement isopaque,stratification,alpin,not applicable,not applicable,Domaine Provençal,Couverture post-Carboniferous,basins et Fossés,sediments et volcanics,701,703,urgonien facies du basin subalpin - T
France_T2.531,531,POINT (6.492350000352303 43.493350000402245),531,1,599,600,1,530,43.49335,6.49235,F13-217,t2,0.708965,0.000018,0.709084,0.000021,Grass,0.000119,Limestone,Alpine Foreland,Alpine Foreland [Limestone],10819,10560,10560,4751000064,940000,12,9,4,6,M,h,r,fo,Mhr_fo,1200009000410,1,224,M,Mh,Mhr,Mhr_fo,10560,Mediterranean North,300-500,Calcereous rocks,Forest,Mediterranean-Hills-Rocks-Forest,77,77,"Alpine fold mountain belt, Western Alps; Mountains",4,1089,395,4,7,57,84,69,46,88,65,28,57,38,89,132,110,46,50,47,55,61,58,67,77,72,54,58,55,2,9,5,8,13,10,17,23,20,10,17,13,167,391006,B,Cambisol,Good,J14,J14,J2a,Meso-Mediterranean types,79,232,43.752617,7.197852,F13-217,0.708965,0.000018,0.709084,0.000021,Grass,0.000119,Limestone,Alpine Foreland,Alpine Foreland [Limestone],Ah,Limestone_Ah,t2,"dolomites, evaporites, limestones",,T,Mesozoic,Triassic,Middle Triassic,240-230 Ma,240,230,sedimentary,"carbonatic, saliferous",continental shelf,plissement isopaque,stratification,alpin,not applicable,not applicable,Domaine Provençal,Couverture post-Carboniferous,basins et Fossés,sediments et volcanics,981,981,T
France_T2.532,532,POINT (6.4837060001318605 43.538047000368806),532,1,600,601,1,531,43.538047,6.483706,F13-218,t3,0.70817,0.000032,0.709868,0.000018,Grass,0.001698,Impure carbonate sedimentary rock,Alpine Foreland,Alpine Foreland [Impure carbonate sedimentary rock],10819,10560,10560,4751000064,940000,12,9,4,6,M,h,r,fo,Mhr_fo,1200009000410,1,224,M,Mh,Mhr,Mhr_fo,10560,Mediterranean North,300-500,Calcereous rocks,Forest,Mediterranean-Hills-Rocks-Forest,77,77,"Alpine fold mountain belt, Western Alps; Mountains",4,1089,395,4,7,57,84,69,46,88,65,28,57,38,89,132,110,46,50,47,55,61,58,67,77,72,54,58,55,2,9,5,8,13,10,17,23,20,10,17,13,167,391006,B,Cambisol,Good,J14,J14,J2a,Meso-Mediterranean types,79,144,43.616487,6.954162,F13-218,0.70817,0.000032,0.709868,0.000018,Grass,0.001698,Impure carbonate sedimentary rock,Alpine Foreland,Alpine Foreland [Impure carbonate sedimentary rock],Ah,Impure carbonate sedimentary rock_Ah,t3,"marls, sandstones, evaporites",,T,Mesozoic,Triassic,Upper Triassic,230-203 Ma,230,203,sedimentary,"siliceous, carbonatic, saliferous",continental shelf,plissement isopaque,stratification,alpin,not applicable,not applicable,Domaine Provençal,Couverture post-Carboniferous,basins et Fossés,sediments et volcanics,961,961,T
France_T2.533,533,POINT (6.042792000050838 43.47879400004314),533,1,601,602,1,532,43.478794,6.042792,F13-219,j2,0.707432,0.000013,0.707896,0.000012,Shrub,0.000464,Limestone,Alpine Foreland,Alpine Foreland [Limestone],10819,10560,10560,4751000064,940000,12,9,4,6,M,h,r,fo,Mhr_fo,1200009000410,1,224,M,Mh,Mhr,Mhr_fo,10560,Mediterranean North,300-500,Calcereous rocks,Forest,Mediterranean-Hills-Rocks-Forest,77,77,"Alpine fold mountain belt, Western Alps; Mountains",4,1089,395,4,7,57,84,69,46,88,65,28,57,38,89,132,110,46,50,47,55,61,58,67,77,72,54,58,55,2,9,5,8,13,10,17,23,20,10,17,13,167,391006,B,Cambisol,Good,J14,J14,J2a,Meso-Mediterranean types,79,233,43.588757,6.915575,F13-219,0.707432,0.000013,0.707896,0.000012,Shrub,0.000464,Limestone,Alpine Foreland,Alpine Foreland [Limestone],Ah,Limestone_Ah,j2,"limestones, marls, dolomites",,T,Mesozoic,Jurassic,Middle Jurassic,175-154 Ma,175,154,sedimentary,"aluminous, carbonatic",continental shelf,plissement isopaque,stratification,alpin,not applicable,not applicable,Domaine Provençal,Couverture post-Carboniferous,basins et Fossés,sediments et volcanics,801,801,T
France_T2.534,534,POINT (6.018364000398321 43.50925199987995),534,1,602,603,1,533,43.509252,6.018364,F13-220,t,0.708184,0.000017,0.708509,0.000016,Grass,0.000325,Limestone,Alpine Foreland,Alpine Foreland [Limestone],10819,10560,10560,4751000064,940000,12,9,4,6,M,h,r,fo,Mhr_fo,1200009000410,1,224,M,Mh,Mhr,Mhr_fo,10560,Mediterranean North,300-500,Calcereous rocks,Forest,Mediterranean-Hills-Rocks-Forest,77,77,"Alpine fold mountain belt, Western Alps; Mountains",4,1089,395,4,7,57,84,69,46,88,65,28,57,38,89,132,110,46,50,47,55,61,58,67,77,72,54,58,55,2,9,5,8,13,10,17,23,20,10,17,13,167,391006,B,Cambisol,Good,J14,J14,J2a,Meso-Mediterranean types,79,234,43.587844,6.899248,F13-220,0.708184,0.000017,0.708509,0.000016,Grass,0.000325,Limestone,Alpine Foreland,Alpine Foreland [Limestone],Ah,Limestone_Ah,t,"sandstones, marls, dolomites, evaporites",,T,Mesozoic,Triassic,Triassic,250-203 Ma,250,203,sedimentary,"siliceous, carbonatic, saliferous",continental shelf,plissement isopaque,stratification,alpin,not applicable,not applicable,Domaine Provençal,Couverture post-Carboniferous,basins et Fossés,sediments et volcanics,1061,1061,T
France_T2.535,535,POINT (6.0793640003483915 43.757998000007774),535,1,604,605,1,534,43.757998,6.079364,F13-222,p,0.707968,0.000009,0.70825,0.000017,Shrub,0.000282,Conglomerate,Alpine Foreland,Alpine Foreland [Conglomerate],10819,10560,10560,4751000064,940000,12,9,4,6,M,h,r,fo,Mhr_fo,1200009000410,1,224,M,Mh,Mhr,Mhr_fo,10560,Mediterranean North,300-500,Calcereous rocks,Forest,Mediterranean-Hills-Rocks-Forest,77,77,"Alpine fold mountain belt, Western Alps; Mountains",4,1089,395,4,7,57,84,69,46,88,65,28,57,38,89,132,110,46,50,47,55,61,58,67,77,72,54,58,55,2,9,5,8,13,10,17,23,20,10,17,13,167,391006,B,Cambisol,Good,J14,J14,J2a,Meso-Mediterranean types,79,31,43.511556,6.812746,F13-222,0.707968,0.000009,0.70825,0.000017,Shrub,0.000282,Conglomerate,Alpine Foreland,Alpine Foreland [Conglomerate],Ah,Conglomerate_Ah,p,"sands, cobbles, clays",,T,Cenozoic,Neogene,Pliocene,"5,30-1,75 Ma",5.3,1.75,sedimentary,"siliceous, aluminous, carbonatic",continental,nulle ou faible,stratification,not applicable,not applicable,not applicable,molasse basin,molasse basin rhodano-provençal,basins et Fossés,sediments et volcanics,141,141,T
France_T2.536,536,POINT (6.186763999658922 43.96082400042735),536,1,605,606,1,535,43.960824,6.186764,F13-223,m,0.707953,0.000013,0.70849,0.000018,Grass,0.000537,Conglomerate,Alpine Foreland,Alpine Foreland [Conglomerate],10819,10560,10560,4751000064,940000,12,9,4,6,M,h,r,fo,Mhr_fo,1200009000410,1,224,M,Mh,Mhr,Mhr_fo,10560,Mediterranean North,300-500,Calcereous rocks,Forest,Mediterranean-Hills-Rocks-Forest,77,77,"Alpine fold mountain belt, Western Alps; Mountains",4,1089,395,4,7,57,84,69,46,88,65,28,57,38,89,132,110,46,50,47,55,61,58,67,77,72,54,58,55,2,9,5,8,13,10,17,23,20,10,17,13,167,391006,B,Cambisol,Good,J14,J14,J2a,Meso-Mediterranean types,79,32,43.487462,6.776065,F13-223,0.707953,0.000013,0.70849,0.000018,Grass,0.000537,Conglomerate,Alpine Foreland,Alpine Foreland [Conglomerate],Ah,Conglomerate_Ah,m,"marls, conglomerates, sandstones, limestones",,T,Cenozoic,Neogene,Miocene,"23,5-5,30 Ma",23.5,5.3,sedimentary,"siliceous, aluminous, carbonatic",molasse basin,"fracturation, basculement",stratification,alpin,not applicable,not applicable,molasse basin,molasse basin rhodano-provençal,basins et Fossés,sediments et volcanics,241,241,T
France_T2.537,537,POINT (5.945934000353873 44.11065599957476),537,1,606,607,1,536,44.110656,5.945934,F13-224,c1,0.707674,0.00001,0.707855,0.000011,Shrub,0.000181,Impure carbonate sedimentary rock,Alpine Foreland,Alpine Foreland [Impure carbonate sedimentary rock],10431,10477,10477,362000000,192000,11,10,4,6,M,m,r,fo,Mmr_fo,1100010000410,1,241,M,Mm,Mmr,Mmr_fo,10477,Mediterranean Mountains,500-700,Calcereous rocks,Forest,Mediterranean-Mountains-Rocks-Forest,77,77,"Alpine fold mountain belt, Western Alps; Mountains",328,877,604,5,9,63,72,67,66,86,71,49,63,52,102,119,105,44,46,44,54,58,56,67,70,68,53,54,53,1,4,3,7,10,9,17,20,19,9,13,11,94,330468,E,Rendzina,Marginal,G41,G41,G3,"Sub-Mediterranean and meso-supra-Mediterranean downy oak forests, as well as mixe",30,145,43.467521,6.605083,F13-224,0.707674,0.00001,0.707855,0.000011,Shrub,0.000181,Impure carbonate sedimentary rock,Alpine Foreland,Alpine Foreland [Impure carbonate sedimentary rock],Ah,Impure carbonate sedimentary rock_Ah,c1,"marls, sands, sandstones, clays, limestones",,T,Mesozoic,Cretaceous,Lower Cretaceous,135-96 Ma,135,96,sedimentary,"siliceous, aluminous, carbonatic",continental shelf,plissement isopaque,stratification,alpin,not applicable,not applicable,Domaine Provençal,Couverture post-Carboniferous,basins et Fossés,sediments et volcanics,701,701,T
France_T2.538,538,POINT (5.902233999599446 43.986893000211865),538,1,607,608,1,537,43.986893,5.902234,F13-225,g,0.707632,0.00001,0.707698,0.000011,Grass,0.000066,Conglomerate,Alpine Foreland,Alpine Foreland [Conglomerate],10581,9605,9605,4576000000,2222000,13,7,1,3,M,h,s,pc,Mhs_pc,1300007000100,1,230,M,Mh,Mhs,Mhs_pc,9605,Mediterranean South,100-200,River alluvium,Permanent crops,Mediterranean-Hills-Sediments-Permanent crops,99,99,"Mesozoic & Tertiary lowlands and scarplands, Rh“ne rift valley",0,695,99,1,2,35,111,51,39,126,60,30,92,51,79,184,99,28,47,41,51,59,56,60,72,68,43,55,50,1,7,4,7,13,11,16,23,21,9,16,13,94,332435,B,Cambisol,Good,J14,J14,J2a,Meso-Mediterranean types,204,33,43.420496,6.568668,F13-225,0.707632,0.00001,0.707698,0.000011,Grass,0.000066,Conglomerate,Alpine Foreland,Alpine Foreland [Conglomerate],Ah,Conglomerate_Ah,g,"marls, sandstones, conglomerates, limestones",,T,Cenozoic,Paleogene,Oligocene,"33,7-23,5 Ma",33.7,23.5,sedimentary,"siliceous, aluminous, carbonatic",molasse basin,"fracturation, basculement",stratification,alpin,not applicable,not applicable,molasse basin,molasse basin rhodano-provençal,basins et Fossés,sediments et volcanics,301,301,T
France_T2.539,539,POINT (5.864407999929313 43.95554099961748),539,1,608,609,1,538,43.955541,5.864408,F13-226,m,0.708358,0.000011,0.708525,0.000006,Ivy,0.000167,Impure carbonate sedimentary rock,Alpine Foreland,Alpine Foreland [Impure carbonate sedimentary rock],10441,10530,10530,207000000,180000,11,9,4,2,M,h,r,al,Mhr_al,1100009000400,1,220,M,Mh,Mhr,Mhr_al,10530,Mediterranean Mountains,300-500,Calcereous rocks,Arable land,Mediterranean-Hills-Rocks-Arable land,99,99,"Mesozoic & Tertiary lowlands and scarplands, Rh“ne rift valley",320,833,493,4,7,61,72,65,63,75,69,46,52,49,100,113,105,44,45,44,56,58,57,69,71,69,53,54,53,3,4,3,8,10,9,18,20,19,11,13,12,88,330472,E,Rendzina,Marginal,J15,J15,J2b,Supra-Mediterranean and relict types,68,146,43.354666,6.602892,F13-226,0.708358,0.000011,0.708525,0.000006,Ivy,0.000167,Impure carbonate sedimentary rock,Alpine Foreland,Alpine Foreland [Impure carbonate sedimentary rock],Ah,Impure carbonate sedimentary rock_Ah,m,"marls, conglomerates, sandstones, limestones",,T,Cenozoic,Neogene,Miocene,"23,5-5,30 Ma",23.5,5.3,sedimentary,"siliceous, aluminous, carbonatic",molasse basin,"fracturation, basculement",stratification,alpin,not applicable,not applicable,molasse basin,molasse basin rhodano-provençal,basins et Fossés,sediments et volcanics,241,241,T
France_T2.540,540,POINT (5.489650000147435 43.627487999771404),540,1,609,610,1,539,43.627488,5.48965,F13-227,g,0.707659,0.000015,0.707873,0.000014,Shrub,0.000214,Impure carbonate sedimentary rock,Alpine Foreland,Alpine Foreland [Impure carbonate sedimentary rock],10819,10560,10560,4751000064,940000,12,9,4,6,M,h,r,fo,Mhr_fo,1200009000410,1,224,M,Mh,Mhr,Mhr_fo,10560,Mediterranean North,300-500,Calcereous rocks,Forest,Mediterranean-Hills-Rocks-Forest,77,77,"Alpine fold mountain belt, Western Alps; Mountains",4,1089,395,4,7,57,84,69,46,88,65,28,57,38,89,132,110,46,50,47,55,61,58,67,77,72,54,58,55,2,9,5,8,13,10,17,23,20,10,17,13,167,391006,B,Cambisol,Good,J14,J14,J2a,Meso-Mediterranean types,79,147,43.207254,6.443678,F13-227,0.707659,0.000015,0.707873,0.000014,Shrub,0.000214,Impure carbonate sedimentary rock,Alpine Foreland,Alpine Foreland [Impure carbonate sedimentary rock],Ah,Impure carbonate sedimentary rock_Ah,g,"marls, sandstones, conglomerates, limestones",,T,Cenozoic,Paleogene,Oligocene,"33,7-23,5 Ma",33.7,23.5,sedimentary,"siliceous, aluminous, carbonatic",molasse basin,"fracturation, basculement",stratification,alpin,not applicable,not applicable,molasse basin,molasse basin rhodano-provençal,basins et Fossés,sediments et volcanics,301,301,T
